block_id,sample_idx,uptime_ms,pms_pm1,pms_pm25,pms_pm10,pms_n0_3,pms_n0_5,pms_n1_0,pms_n2_5,pms_n5_0,pms_n10,sds_pm25,sds_pm10,temp_c,hum_pct,press_hpa,alt_m
1,0,5382,46,57,67,3918,1278,48,8,2,0,-1,-1,27.34,61.22,1008.85,36.71
1,1,10382,25,31,39,2013,649,66,14,6,2,-1,-1,27.34,61.25,1008.86,36.64
1,2,15382,10,19,25,1209,389,78,18,6,2,-1,-1,27.36,61.28,1008.83,36.87
1,3,20382,7,17,25,1053,329,72,22,6,2,-1,-1,27.36,61.35,1008.86,36.57
1,4,25382,5,17,20,1005,304,76,18,2,0,-1,-1,27.37,61.39,1008.91,36.21
1,5,30382,4,16,22,837,246,80,24,4,2,-1,-1,27.37,61.45,1008.91,36.21
1,6,35382,4,16,22,855,262,74,24,6,2,-1,-1,27.39,61.50,1008.88,36.44
1,7,40382,4,17,26,894,287,98,28,8,2,-1,-1,27.39,61.53,1008.94,35.92
1,8,45382,4,17,22,945,298,106,22,4,0,-1,-1,27.39,61.61,1008.89,36.37
1,9,50382,5,17,22,1014,323,96,18,4,0,-1,-1,27.40,61.66,1008.92,36.07
1,10,55382,5,17,21,1020,327,96,16,6,0,-1,-1,27.42,61.73,1008.92,36.08
1,11,60382,5,17,25,972,311,90,28,8,4,-1,-1,27.41,61.80,1008.84,36.82
1,12,65382,5,15,24,945,292,88,26,8,4,-1,-1,27.42,61.87,1008.87,36.52
1,13,70382,4,16,22,918,281,96,28,4,4,-1,-1,27.42,61.92,1008.88,36.45
1,14,75382,4,16,22,888,280,114,22,4,4,-1,-1,27.43,61.99,1008.92,36.09
1,15,80382,4,18,18,921,288,120,16,0,0,-1,-1,27.43,62.05,1008.87,36.53
1,16,85382,4,19,22,1035,313,132,18,2,2,-1,-1,27.44,62.12,1008.91,36.16
1,17,90382,4,18,23,1095,327,126,20,4,2,-1,-1,27.44,62.19,1008.83,36.83
1,18,95382,6,22,29,1299,392,136,28,6,2,-1,-1,27.45,62.25,1008.92,36.09
1,19,100382,8,25,29,1311,415,118,30,4,0,-1,-1,27.45,62.32,1008.84,36.76
1,20,105382,6,22,24,1125,359,110,28,4,0,-1,-1,27.46,62.38,1008.87,36.55
1,21,110382,5,21,23,1104,333,114,28,2,2,-1,-1,27.46,62.47,1008.87,36.55
1,22,115382,5,20,26,1134,337,118,30,4,4,-1,-1,27.47,62.54,1008.88,36.48
1,23,120382,4,24,32,1158,347,152,38,8,4,-1,-1,27.48,62.64,1009.00,35.44
1,24,125382,2,22,25,879,273,142,34,4,0,-1,-1,27.48,62.65,1008.90,36.26
1,25,130382,2,19,22,882,276,128,30,2,0,-1,-1,27.49,62.74,1008.89,36.34
1,26,135382,2,19,24,963,295,130,34,2,0,-1,-1,27.49,62.82,1008.83,36.86
1,27,140382,5,19,26,1131,339,116,30,4,2,-1,-1,27.50,62.90,1008.91,36.20
1,28,145382,5,22,26,1266,369,130,30,2,2,-1,-1,27.51,62.96,1008.92,36.13
1,29,150382,4,17,27,1113,325,130,28,8,6,-1,-1,27.51,63.03,1008.92,36.13
1,30,155382,4,19,31,1140,336,138,32,10,6,-1,-1,27.51,63.11,1008.87,36.50
1,31,160382,4,19,40,1071,321,144,48,18,12,-1,-1,27.51,63.20,1008.89,36.35
1,32,165382,4,17,37,990,296,126,48,18,10,-1,-1,27.52,63.31,1008.86,36.58
1,33,170382,5,19,34,1038,317,122,44,14,8,-1,-1,27.52,63.39,1008.83,36.88
1,34,175382,5,20,26,1056,328,116,36,6,2,-1,-1,27.53,63.46,1008.88,36.43
1,35,180382,5,20,26,1086,329,110,34,6,2,-1,-1,27.53,63.56,1008.87,36.51
1,36,185382,5,21,25,1194,362,126,30,4,2,-1,-1,27.53,63.62,1008.83,36.88
1,37,190382,4,20,29,1119,326,131,36,10,6,-1,-1,27.54,63.74,1008.93,36.07
1,38,195382,2,18,35,918,268,139,36,18,8,-1,-1,27.55,63.81,1008.93,36.00
1,39,200382,2,17,29,942,279,126,28,12,6,-1,-1,27.55,63.88,1008.94,35.92
1,40,205382,4,19,31,1122,336,124,32,14,6,-1,-1,27.56,63.99,1008.84,36.74
1,41,210382,5,20,30,1119,338,114,38,10,6,-1,-1,27.55,64.14,1008.81,37.04
1,42,215382,6,20,28,1218,376,104,36,8,4,-1,-1,27.56,64.18,1008.91,36.23
1,43,220382,5,22,28,1122,346,134,34,6,4,-1,-1,27.56,64.29,1008.93,36.00
1,44,225382,4,22,29,1059,322,148,34,6,2,-1,-1,27.57,64.38,1008.95,35.86
1,45,230382,4,21,29,1155,338,140,34,6,2,-1,-1,27.58,64.50,1008.83,36.90
1,46,235382,4,21,34,1113,336,144,44,10,6,-1,-1,27.58,64.60,1008.83,36.83
1,47,240382,5,20,30,1254,371,136,28,8,6,-1,-1,27.60,64.71,1008.94,35.95
1,48,245382,4,21,25,1209,351,148,20,4,2,-1,-1,27.58,64.83,1008.83,36.83
1,49,250382,4,20,29,1230,355,134,28,8,4,-1,-1,27.60,64.92,1008.86,36.62
1,50,255382,4,21,28,1233,372,140,30,6,4,-1,-1,27.60,65.03,1008.95,35.87
1,51,260382,4,23,29,1263,382,163,28,2,0,-1,-1,27.60,65.14,1008.95,35.87
1,52,265382,2,25,29,1176,348,173,32,4,0,-1,-1,27.61,65.29,1008.83,36.85
1,53,270382,4,27,37,1233,359,175,46,10,4,-1,-1,27.61,65.39,1008.91,36.18
1,54,275382,4,23,32,1167,342,136,38,10,4,-1,-1,27.62,65.50,1008.85,36.70
1,55,280382,4,22,27,1116,332,148,26,8,0,-1,-1,27.62,65.62,1008.96,35.81
1,56,285382,4,23,32,1092,336,160,34,10,2,-1,-1,27.64,65.76,1008.96,35.82
1,57,290382,5,28,40,1314,403,162,52,14,4,-1,-1,27.64,65.89,1008.90,36.27
1,58,295382,6,22,32,1338,405,120,34,10,6,-1,-1,27.65,66.03,1008.95,35.90
1,59,300382,8,21,31,1389,413,116,30,10,6,-1,-1,27.65,66.15,1008.87,36.57
1,60,305382,8,23,32,1437,428,124,32,10,6,-1,-1,27.66,66.32,1008.94,35.91
1,61,310382,6,23,34,1404,416,144,32,12,4,-1,-1,27.66,66.45,1008.96,35.76
1,62,315382,5,22,31,1281,377,146,30,8,2,-1,-1,27.67,66.57,1008.93,36.06
1,63,320382,4,21,25,1119,347,144,32,4,0,-1,-1,27.66,66.71,1008.92,36.13
1,64,325382,4,24,27,1146,355,144,40,2,0,-1,-1,27.67,66.87,1008.91,36.21
1,65,330382,5,24,30,1191,357,126,44,6,4,-1,-1,27.68,67.02,1008.97,35.69
1,66,335382,8,28,38,1404,432,146,46,8,8,-1,-1,27.69,67.17,1008.93,35.99
1,67,340382,10,31,39,1635,493,152,44,8,8,-1,-1,27.69,67.31,1008.93,35.99
1,68,345382,10,28,38,1782,541,162,30,8,6,-1,-1,27.70,67.47,1008.82,36.97
1,69,350382,10,28,37,1788,552,160,26,8,6,-1,-1,27.70,67.66,1008.88,36.45
1,70,355382,9,24,39,1668,515,162,32,14,8,-1,-1,27.70,67.84,1008.88,36.45
1,71,360382,7,23,35,1329,410,142,36,10,6,-1,-1,27.71,68.02,1008.92,36.08
1,72,365382,5,19,30,1176,351,122,32,10,8,-1,-1,27.73,68.19,1008.88,36.46
1,73,370382,6,20,32,1215,372,128,32,12,10,-1,-1,27.73,68.34,1008.93,36.02
1,74,375382,6,23,35,1296,403,141,42,12,8,-1,-1,27.74,68.56,1008.95,35.87
1,75,380382,5,26,31,1302,401,147,42,4,2,-1,-1,27.74,68.72,1008.95,35.87
1,76,385382,5,25,34,1332,398,162,34,6,4,-1,-1,27.76,68.95,1008.97,35.66
1,77,390382,5,24,33,1335,405,164,34,8,6,-1,-1,27.77,69.12,1008.96,35.81
1,78,395382,8,23,35,1503,457,142,28,10,10,-1,-1,27.76,69.32,1008.92,36.10
1,79,400382,10,26,38,1752,531,152,30,12,12,-1,-1,27.77,69.52,1008.93,36.03
1,80,405382,9,25,37,1674,505,138,32,12,12,-1,-1,27.77,69.73,1008.94,35.96
1,81,410382,10,32,49,1878,553,182,46,16,14,-1,-1,27.78,69.93,1008.89,36.34
1,82,415382,9,31,39,1728,514,160,40,8,6,-1,-1,27.79,70.14,1009.00,35.45
1,83,420382,10,32,40,1836,558,173,42,8,6,-1,-1,27.79,70.37,1008.97,35.67
1,84,425382,8,29,32,1512,483,169,32,2,0,-1,-1,27.79,70.56,1008.95,35.90
1,85,430382,4,26,36,1224,381,176,44,8,6,-1,-1,27.80,70.79,1008.95,35.82
1,86,435382,5,26,37,1389,421,178,44,10,6,-1,-1,27.81,71.01,1008.92,36.13
1,87,440382,5,24,38,1320,394,164,42,12,8,-1,-1,27.82,71.24,1008.96,35.76
1,88,445382,6,23,31,1356,412,156,26,8,4,-1,-1,27.82,71.45,1008.94,35.91
1,89,450382,6,23,35,1488,453,172,28,12,6,-1,-1,27.84,71.67,1009.05,35.03
1,90,455382,8,25,34,1524,476,174,30,8,6,-1,-1,27.84,71.93,1009.05,35.03
1,91,460382,9,30,38,1617,493,172,42,8,6,-1,-1,27.84,72.17,1008.92,36.07
1,92,465382,9,29,38,1644,497,168,44,8,6,-1,-1,27.85,72.44,1008.97,35.71
1,93,470382,7,33,51,1743,519,216,58,18,4,-1,-1,27.85,72.64,1009.02,35.26
1,94,475382,5,29,42,1602,464,209,44,12,2,-1,-1,27.87,72.92,1009.00,35.42
1,95,480382,5,27,34,1521,446,184,40,6,0,-1,-1,27.88,73.17,1008.98,35.57
1,96,485382,6,28,34,1644,492,182,36,6,2,-1,-1,27.88,73.42,1008.93,36.02
1,97,490382,5,28,37,1524,441,190,38,8,4,-1,-1,27.88,73.66,1008.96,35.79
1,98,495382,6,27,31,1509,445,179,30,4,2,-1,-1,27.89,73.92,1008.96,35.80
1,99,500382,6,31,32,1509,451,192,36,2,0,-1,-1,27.90,74.10,1008.94,35.95
1,100,505382,6,30,32,1527,460,190,34,2,0,-1,-1,27.92,74.44,1008.95,35.89
1,101,510382,6,26,38,1578,473,169,34,10,8,-1,-1,27.91,74.70,1009.02,35.29
1,102,515382,6,24,38,1512,445,166,34,12,10,-1,-1,27.92,74.95,1009.03,35.22
1,103,520382,5,21,31,1362,403,158,24,8,8,-1,-1,27.93,75.23,1008.96,35.75
1,104,525382,8,25,32,1503,457,172,26,6,6,-1,-1,27.94,75.53,1008.98,35.60
1,105,530382,6,27,35,1455,441,160,46,8,4,-1,-1,27.95,75.81,1009.00,35.46
1,106,535382,5,29,40,1497,427,179,54,10,2,-1,-1,27.96,76.06,1009.04,35.09
1,107,540382,6,31,41,1698,495,206,46,8,4,-1,-1,27.97,76.37,1008.93,36.07
1,108,545382,6,27,42,1644,490,200,44,14,8,-1,-1,27.96,76.63,1008.94,35.91
1,109,550382,5,32,46,1551,439,217,52,16,6,-1,-1,27.98,76.91,1008.97,35.70
1,110,555382,6,34,47,1689,484,222,56,12,6,-1,-1,27.98,77.20,1008.97,35.70
1,111,560382,9,36,47,1896,577,218,54,8,6,-1,-1,27.99,77.46,1009.00,35.48
1,112,565382,12,36,47,2043,640,222,50,8,4,-1,-1,28.00,77.76,1009.04,35.12
1,113,570382,12,37,45,2196,674,219,34,8,4,-1,-1,28.01,78.06,1008.97,35.72
1,114,575382,9,31,45,1926,584,201,38,14,8,-1,-1,28.02,78.34,1008.89,36.39
1,115,580382,9,31,45,1761,538,187,46,14,10,-1,-1,28.03,78.63,1008.98,35.65
1,116,585382,8,30,38,1587,498,187,38,8,6,-1,-1,28.04,78.94,1008.99,35.51
1,117,590382,8,30,41,1584,498,188,44,10,4,-1,-1,28.04,79.23,1008.95,35.88
1,118,595382,9,29,40,1737,535,176,42,10,4,-1,-1,28.05,79.54,1008.88,36.41
1,119,600382,9,29,38,1794,550,176,36,10,6,-1,-1,28.07,79.89,1008.92,36.12
1,120,605382,9,30,39,1659,521,187,32,10,4,-1,-1,28.08,80.19,1009.02,35.31
1,121,610382,5,30,44,1368,452,217,44,14,4,-1,-1,28.09,80.52,1008.95,35.83
1,122,615382,6,35,41,1674,556,242,36,6,2,-1,-1,28.11,80.89,1008.95,35.84
1,123,620382,9,37,45,1911,608,234,50,8,2,-1,-1,28.12,81.30,1008.92,36.15
1,124,625382,10,33,48,2031,639,220,42,14,4,-1,-1,28.13,81.54,1008.96,35.78
1,125,630382,10,32,54,1938,610,214,52,22,8,-1,-1,28.14,81.90,1008.94,35.93
1,126,635382,10,32,47,1902,601,186,50,14,8,-1,-1,28.15,82.22,1008.97,35.72
1,127,640382,9,32,40,1884,604,200,34,6,4,-1,-1,28.17,82.54,1008.91,36.17
1,128,645382,12,32,39,2016,629,193,32,6,6,-1,-1,28.18,82.91,1008.93,36.02
1,129,650382,12,37,45,2190,664,218,46,8,4,-1,-1,28.19,83.25,1009.04,35.14
1,130,655382,6,35,43,1857,546,250,42,8,4,-1,-1,28.20,83.59,1008.97,35.67
1,131,660382,7,33,46,1725,516,248,40,12,8,-1,-1,28.20,83.91,1008.94,35.96
1,132,665382,8,30,45,1905,560,228,40,14,10,-1,-1,28.22,84.27,1008.87,36.50
1,133,670382,8,30,46,1893,556,232,42,16,10,-1,-1,28.24,84.60,1008.88,36.43
1,134,675382,9,32,51,2016,604,241,40,20,12,-1,-1,28.23,84.92,1009.00,35.46
1,135,680382,11,35,57,2298,702,246,46,24,10,-1,-1,28.25,85.25,1008.98,35.62
1,136,685382,13,34,54,2241,683,210,52,22,8,-1,-1,28.27,85.61,1009.01,35.40
1,137,690382,10,35,45,1989,599,192,56,10,0,-1,-1,28.28,85.93,1008.91,36.15
1,138,695382,9,38,50,1968,609,225,62,12,2,-1,-1,28.31,86.29,1008.99,35.50
1,139,700382,12,37,51,2211,666,221,50,14,4,-1,-1,28.31,86.62,1008.99,35.50
1,140,705382,14,39,51,2433,731,216,42,14,4,-1,-1,28.33,86.94,1008.98,35.59
1,141,710382,15,41,54,2499,761,244,44,12,2,-1,-1,28.35,87.28,1009.04,35.08
1,142,715382,12,43,61,2388,747,296,58,14,8,-1,-1,28.35,87.60,1009.04,35.08
1,143,720382,13,43,63,2394,751,291,66,16,10,-1,-1,28.36,87.93,1008.90,36.27
1,144,725382,13,37,53,2244,708,247,46,14,8,-1,-1,28.38,88.25,1008.99,35.54
1,145,730382,13,36,49,2361,713,238,38,12,4,-1,-1,28.38,88.58,1009.02,35.32
1,146,735382,14,40,55,2565,775,247,46,14,6,-1,-1,28.40,88.89,1008.97,35.70
1,147,740382,15,43,63,2652,791,250,64,16,10,-1,-1,28.42,89.21,1008.98,35.64
1,148,745382,13,41,55,2433,736,247,50,12,6,-1,-1,28.46,89.52,1008.96,35.81
1,149,750382,12,40,49,2373,700,247,46,12,2,-1,-1,28.46,89.80,1008.93,36.03
1,150,755382,12,40,50,2493,719,259,44,14,2,-1,-1,28.48,90.11,1009.02,35.30
1,151,760382,14,40,49,2634,756,232,44,10,2,-1,-1,28.51,90.39,1009.01,35.39
1,152,765382,16,41,56,2706,799,239,50,16,6,-1,-1,28.53,90.70,1008.96,35.77
1,153,770382,15,39,55,2568,772,229,54,16,6,-1,-1,28.54,90.97,1008.90,36.29
1,154,775382,14,42,61,2544,780,246,66,18,10,-1,-1,28.55,91.27,1008.98,35.63
1,155,780382,12,43,62,2256,713,269,72,18,8,-1,-1,28.55,91.54,1008.97,35.71
1,156,785382,12,43,56,2256,724,267,66,8,2,-1,-1,28.56,91.80,1008.97,35.71
1,157,790382,13,45,53,2409,773,278,60,2,0,-1,-1,28.59,92.10,1008.98,35.58
1,158,795382,13,42,51,2481,785,282,50,4,2,-1,-1,28.62,92.39,1008.91,36.19
1,159,800382,16,45,57,2814,872,301,52,8,4,-1,-1,28.63,92.64,1008.90,36.27
1,160,805382,16,46,62,2883,905,334,56,12,6,-1,-1,28.66,92.89,1008.95,35.84
1,161,810382,13,44,55,2550,810,315,50,6,2,-1,-1,28.68,93.16,1008.99,35.55
1,162,815382,13,43,53,2490,775,278,50,6,2,-1,-1,28.69,93.40,1009.00,35.41
1,163,820382,14,43,53,2673,827,299,50,6,2,-1,-1,28.70,93.63,1008.99,35.49
1,164,825382,16,47,62,2931,885,307,60,14,4,-1,-1,28.70,93.85,1009.01,35.34
1,165,830382,15,47,65,2781,873,310,62,16,6,-1,-1,28.72,94.08,1008.95,35.87
1,166,835382,12,48,65,2586,805,344,74,12,6,-1,-1,28.72,94.29,1008.99,35.50
1,167,840382,13,46,68,2715,854,354,76,20,8,-1,-1,28.74,94.53,1008.97,35.66
1,168,845382,13,46,65,2628,825,329,76,18,6,-1,-1,28.73,94.76,1008.97,35.73
1,169,850382,17,47,70,2958,934,336,76,24,8,-1,-1,28.75,94.94,1009.04,35.07
1,170,855382,17,48,67,3021,930,336,56,18,8,-1,-1,28.76,95.16,1008.98,35.60
1,171,860382,16,49,64,2949,909,333,52,10,6,-1,-1,28.79,95.34,1009.03,35.17
1,172,865382,17,51,74,3186,981,390,74,22,14,-1,-1,28.80,95.74,1008.93,36.07
1,173,870382,16,49,76,3279,987,378,74,32,16,-1,-1,28.81,95.72,1009.00,35.48
1,174,875382,18,48,69,3393,1012,342,66,18,6,-1,-1,28.83,95.94,1009.00,35.49
1,175,880382,17,48,63,3222,979,325,54,10,2,-1,-1,28.82,96.11,1009.09,34.74
1,176,885382,13,45,57,2817,850,300,52,8,2,-1,-1,28.81,96.29,1009.00,35.48
1,177,890382,16,47,61,2937,890,299,64,10,4,-1,-1,28.80,96.42,1008.97,35.69
1,178,895382,19,49,65,3132,958,296,62,14,8,-1,-1,28.78,96.60,1008.96,35.76
1,179,900382,17,49,68,3195,966,321,62,18,10,-1,-1,28.79,96.72,1009.03,35.17
2,0,905382,18,46,62,3054,940,292,56,16,6,-1,-1,28.78,96.87,1009.02,35.31
2,1,910382,20,46,64,3192,982,287,52,18,6,-1,-1,28.77,97.00,1009.00,35.45
2,2,915382,19,48,65,3249,985,295,50,16,6,-1,-1,28.75,97.13,1009.00,35.45
2,3,920382,16,48,67,2991,910,297,68,18,4,-1,-1,28.75,97.24,1009.02,35.30
2,4,925382,14,46,62,2868,859,298,62,14,4,-1,-1,28.74,97.34,1009.05,34.99
2,5,930382,17,46,56,2940,897,261,60,4,2,-1,-1,28.72,97.42,1008.97,35.72
2,6,935382,18,46,61,3024,920,272,66,12,4,-1,-1,28.72,97.58,1008.99,35.50
2,7,940382,21,47,63,3234,1011,287,62,14,6,-1,-1,28.70,97.65,1008.99,35.49
2,8,945382,18,48,66,3054,962,311,68,18,6,-1,-1,28.70,97.76,1009.09,34.67
2,9,950382,17,46,65,2922,908,321,66,20,8,-1,-1,28.70,97.86,1009.07,34.89
2,10,955382,17,46,62,2907,891,289,70,14,6,-1,-1,28.68,97.97,1009.03,35.18
2,11,960382,16,46,59,2835,855,290,62,8,4,-1,-1,28.68,98.03,1009.03,35.18
2,12,965382,15,49,64,2922,905,337,66,10,6,-1,-1,28.67,98.12,1008.99,35.55
2,13,970382,15,48,63,2754,851,293,68,14,4,-1,-1,28.67,98.21,1009.04,35.10
2,14,975382,13,43,51,2601,784,262,46,8,2,-1,-1,28.66,98.29,1009.08,34.80
2,15,980382,16,41,53,2712,804,233,44,12,2,-1,-1,28.65,98.35,1008.98,35.61
2,16,985382,15,44,60,2817,823,282,54,14,4,-1,-1,28.64,98.45,1008.94,35.98
2,17,990382,12,47,63,2550,762,302,72,14,4,-1,-1,28.64,98.52,1009.02,35.31
2,18,995382,13,46,63,2736,826,308,64,12,6,-1,-1,28.63,98.59,1009.08,34.78
2,19,1000382,16,48,62,2829,856,301,64,8,6,-1,-1,28.63,98.66,1009.06,34.93
2,20,1005382,15,48,62,2811,855,305,54,10,6,-1,-1,28.62,98.72,1008.96,35.82
2,21,1010382,12,45,63,2730,814,313,50,18,8,-1,-1,28.60,98.79,1008.98,35.58
2,22,1015382,13,43,60,2673,791,291,58,14,6,-1,-1,28.61,98.84,1009.02,35.29
2,23,1020382,11,44,62,2382,714,277,80,16,6,-1,-1,28.61,98.91,1008.99,35.51
2,24,1025382,10,43,61,2337,698,298,74,18,6,-1,-1,28.59,98.99,1008.99,35.50
2,25,1030382,12,44,60,2613,788,311,68,12,6,-1,-1,28.59,99.02,1008.94,35.95
2,26,1035382,14,44,61,2775,840,288,64,12,4,-1,-1,28.59,99.07,1008.98,35.58
2,27,1040382,13,44,59,2670,778,254,64,12,4,-1,-1,28.58,99.11,1008.92,36.10
2,28,1045382,15,45,58,2727,794,263,52,10,2,-1,-1,28.58,99.16,1009.00,35.42
2,29,1050382,16,47,62,2778,822,278,60,10,2,-1,-1,28.58,99.23,1009.02,35.27
2,30,1055382,14,44,58,2694,797,265,58,10,2,-1,-1,28.58,99.26,1009.05,35.05
2,31,1060382,15,41,50,2526,766,240,48,6,2,-1,-1,28.57,99.33,1008.98,35.64
2,32,1065382,15,40,45,2415,746,233,32,6,2,-1,-1,28.57,99.36,1008.96,35.79
2,33,1070382,13,41,55,2385,729,242,54,12,6,-1,-1,28.56,99.40,1008.94,35.93
2,34,1075382,14,40,54,2481,755,241,52,10,4,-1,-1,28.55,99.42,1008.98,35.63
2,35,1080382,15,45,59,2661,812,261,64,10,2,-1,-1,28.55,99.47,1009.00,35.41
2,36,1085382,15,44,58,2598,787,267,58,10,4,-1,-1,28.54,99.51,1008.99,35.55
2,37,1090382,9,41,55,2202,649,259,60,10,6,-1,-1,28.55,99.53,1009.00,35.48
2,38,1095382,10,40,54,2172,651,262,58,12,6,-1,-1,28.54,99.56,1008.95,35.85
2,39,1100382,9,37,46,2052,628,249,46,6,2,-1,-1,28.54,99.59,1009.01,35.40
2,40,1105382,12,36,45,2154,670,239,38,6,2,-1,-1,28.53,99.62,1008.96,35.77
2,41,1110382,12,37,43,2253,704,237,36,2,2,-1,-1,28.53,99.66,1008.99,35.54
2,42,1115382,12,39,52,2316,714,254,46,10,8,-1,-1,28.53,99.70,1008.96,35.77
2,43,1120382,12,41,52,2331,704,252,48,10,6,-1,-1,28.53,99.73,1009.05,35.03
2,44,1125382,12,36,43,2196,649,212,34,8,2,-1,-1,28.52,99.75,1009.02,35.24
2,45,1130382,13,35,50,2235,672,208,44,16,8,-1,-1,28.52,99.83,1008.97,35.69
2,46,1135382,14,36,54,2409,727,216,42,18,10,-1,-1,28.49,99.85,1008.95,35.82
2,47,1140382,13,38,58,2355,721,227,50,20,10,-1,-1,28.48,99.88,1008.99,35.52
2,48,1145382,11,36,50,2214,665,229,44,12,4,-1,-1,28.47,99.90,1009.03,35.21
2,49,1150382,11,34,41,2127,617,212,32,6,6,-1,-1,28.45,99.93,1009.05,35.06
2,50,1155382,12,35,39,2220,658,208,34,4,4,-1,-1,28.44,99.98,1008.98,35.57
2,51,1160382,13,41,58,2433,732,248,56,16,8,-1,-1,28.43,100.00,1008.99,35.57
2,52,1165382,11,43,57,2328,698,268,60,14,4,-1,-1,28.42,100.00,1009.06,34.97
2,53,1170382,11,41,47,2157,653,234,52,6,2,-1,-1,28.42,100.00,1009.08,34.82
2,54,1175382,12,40,44,2151,659,222,52,4,2,-1,-1,28.41,100.00,1009.01,35.34
2,55,1180382,13,41,52,2229,682,212,58,10,6,-1,-1,28.40,100.00,1009.05,35.03
2,56,1185382,14,44,63,2487,755,264,64,16,8,-1,-1,28.40,100.00,1008.99,35.55
2,57,1190382,11,44,57,2394,709,286,56,10,4,-1,-1,28.39,100.00,1009.01,35.40
2,58,1195382,11,41,55,2394,714,286,46,12,4,-1,-1,28.38,100.00,1008.98,35.61
2,59,1200382,13,41,57,2562,758,253,50,14,6,-1,-1,28.37,100.00,1008.99,35.53
2,60,1205382,15,42,60,2484,749,235,52,20,8,-1,-1,28.37,100.00,1008.99,35.53
2,61,1210382,11,40,54,2190,650,240,52,16,4,-1,-1,28.36,100.00,1009.01,35.38
2,62,1215382,11,40,51,2334,676,250,48,12,0,-1,-1,28.35,100.00,1008.96,35.75
2,63,1220382,12,40,50,2415,700,254,46,10,0,-1,-1,28.35,100.00,1008.96,35.82
2,64,1225382,12,41,52,2187,680,250,48,10,2,-1,-1,28.34,100.00,1008.97,35.67
2,65,1230382,11,41,54,2145,691,260,44,12,8,-1,-1,28.33,100.00,1009.03,35.21
2,66,1235382,12,42,54,2262,728,266,44,10,6,-1,-1,28.32,100.00,1009.02,35.28
2,67,1240382,12,47,63,2385,724,286,72,12,2,-1,-1,28.32,100.00,1009.01,35.36
2,68,1245382,12,45,61,2334,714,266,66,14,4,-1,-1,28.31,100.00,1009.05,35.06
2,69,1250382,11,45,63,2220,702,276,66,18,10,-1,-1,28.31,100.00,1009.05,35.06
2,70,1255382,11,42,63,2250,708,282,58,22,10,-1,-1,28.29,100.00,1009.07,34.82
2,71,1260382,12,42,70,2397,745,291,68,30,12,-1,-1,28.27,100.00,1009.04,35.11
2,72,1265382,15,42,69,2505,779,258,68,28,16,-1,-1,28.28,100.00,1009.02,35.26
2,73,1270382,15,41,61,2433,769,230,58,20,14,-1,-1,28.28,100.00,1009.02,35.26
2,74,1275382,18,41,58,2535,800,206,50,16,10,-1,-1,28.26,100.00,1009.05,35.03
2,75,1280382,15,42,59,2391,755,214,52,16,6,-1,-1,28.27,100.00,1009.01,35.33
2,76,1285382,10,41,60,2097,640,257,52,20,6,-1,-1,28.26,100.00,1009.08,34.80
2,77,1290382,8,40,66,2082,603,288,68,24,10,-1,-1,28.25,100.00,1009.02,35.24
2,78,1295382,11,42,60,2289,665,255,64,14,10,-1,-1,28.24,100.00,1009.02,35.32
2,79,1300382,11,41,56,2283,676,236,56,14,8,-1,-1,28.24,100.00,1009.07,34.87
2,80,1305382,12,37,49,2211,654,205,52,12,4,-1,-1,28.23,100.00,1009.03,35.23
2,81,1310382,13,41,61,2433,722,232,68,18,2,-1,-1,28.23,100.00,1009.05,35.01
2,82,1315382,14,45,61,2553,755,257,60,14,2,-1,-1,28.23,100.00,1009.08,34.79
2,83,1320382,12,37,41,2295,673,216,26,4,0,-1,-1,28.23,100.00,1009.15,34.19
2,84,1325382,12,39,49,2223,677,230,42,6,4,-1,-1,28.21,100.00,1009.10,34.63
2,85,1330382,14,45,60,2433,756,260,62,12,6,-1,-1,28.21,100.00,1009.04,35.08
2,86,1335382,14,42,52,2370,712,234,52,8,2,-1,-1,28.21,100.00,1009.22,33.59
2,87,1340382,12,44,58,2439,732,266,66,12,4,-1,-1,28.20,99.98,1009.13,34.33
2,88,1345382,14,44,57,2448,755,276,54,8,4,-1,-1,28.20,99.94,1009.05,35.00
2,89,1350382,12,44,52,2421,744,277,36,6,2,-1,-1,28.19,99.88,1009.09,34.69
2,90,1355382,11,41,55,2115,639,241,50,14,6,-1,-1,28.19,99.81,1009.08,34.77
2,91,1360382,12,42,57,2244,678,252,54,16,8,-1,-1,28.19,99.74,1009.09,34.69
2,92,1365382,12,42,52,2469,740,277,44,8,2,-1,-1,28.19,99.67,1009.17,34.02
2,93,1370382,11,43,55,2322,704,281,54,8,4,-1,-1,28.19,99.59,1009.06,34.92
2,94,1375382,11,41,52,2268,697,277,50,8,6,-1,-1,28.18,99.50,1009.05,35.06
2,95,1380382,12,37,49,2256,685,230,42,10,8,-1,-1,28.19,99.41,1009.16,34.10
2,96,1385382,13,41,54,2478,753,239,46,12,8,-1,-1,28.18,99.35,1009.10,34.61
2,97,1390382,14,42,52,2370,712,233,50,10,2,-1,-1,28.18,99.24,1009.15,34.17
2,98,1395382,9,42,51,2115,637,260,50,8,0,-1,-1,28.18,99.16,1008.98,35.58
2,99,1400382,11,42,51,2229,672,274,52,4,0,-1,-1,28.17,99.05,1009.08,34.76
2,100,1405382,12,41,49,2352,710,254,44,6,4,-1,-1,28.18,98.94,1009.04,35.13
2,101,1410382,15,44,57,2514,759,225,54,12,6,-1,-1,28.17,98.83,1009.05,35.06
2,102,1415382,12,43,53,2280,693,235,52,8,4,-1,-1,28.18,98.72,1009.14,34.24
2,103,1420382,12,42,63,2520,741,266,54,20,8,-1,-1,28.17,98.60,1009.24,33.42
2,104,1425382,15,44,64,2772,790,254,54,18,8,-1,-1,28.18,98.47,1009.25,33.35
2,105,1430382,15,44,60,2703,796,251,46,12,10,-1,-1,28.18,98.33,1009.25,33.35
2,106,1435382,15,44,52,2571,762,253,48,6,4,-1,-1,28.18,98.19,1009.10,34.61
2,107,1440382,13,41,52,2391,727,237,48,10,4,-1,-1,28.18,98.04,1009.05,35.06
2,108,1445382,12,41,51,2280,677,226,56,10,2,-1,-1,28.19,97.88,1009.11,34.54
2,109,1450382,9,44,49,2238,649,285,50,6,0,-1,-1,28.19,97.73,1009.19,33.87
2,110,1455382,11,43,58,2391,697,289,50,14,6,-1,-1,28.17,97.58,1009.14,34.32
2,111,1460382,13,40,57,2496,731,240,46,16,12,-1,-1,28.18,97.42,1009.15,34.17
2,112,1465382,14,45,58,2430,729,255,58,12,8,-1,-1,28.18,97.30,1009.02,35.28
2,113,1470382,10,45,58,2175,646,264,70,12,6,-1,-1,28.19,97.11,1009.14,34.25
2,114,1475382,12,45,64,2379,718,263,72,20,10,-1,-1,28.18,96.98,1009.07,34.84
2,115,1480382,14,47,70,2517,763,287,70,22,12,-1,-1,28.19,96.80,1009.16,34.10
2,116,1485382,14,45,61,2484,740,273,54,14,6,-1,-1,28.19,96.64,1009.11,34.54
2,117,1490382,15,41,47,2595,763,239,30,6,0,-1,-1,28.19,96.48,1009.08,34.77
2,118,1495382,12,40,50,2346,685,240,32,10,6,-1,-1,28.18,96.32,1009.05,35.06
2,119,1500382,12,43,58,2403,731,260,46,12,8,-1,-1,28.18,96.16,1009.05,35.06
2,120,1505382,11,45,60,2409,734,295,52,12,6,-1,-1,28.19,95.97,1009.05,34.99
2,121,1510382,8,43,53,2178,654,289,46,8,2,-1,-1,28.19,95.80,1009.12,34.47
2,122,1515382,11,42,52,2283,696,278,46,8,0,-1,-1,28.19,95.62,1009.19,33.87
2,123,1520382,11,41,51,2319,699,275,50,6,0,-1,-1,28.18,95.45,1009.13,34.39
2,124,1525382,12,44,63,2430,720,286,74,16,8,-1,-1,28.18,95.26,1009.18,33.95
2,125,1530382,12,46,65,2478,741,284,76,16,10,-1,-1,28.19,95.09,1009.20,33.80
2,126,1535382,14,47,67,2538,777,291,74,20,10,-1,-1,28.19,94.91,1009.27,33.20
2,127,1540382,14,47,67,2595,786,297,68,20,8,-1,-1,28.19,94.71,1009.28,33.13
2,128,1545382,15,45,61,2664,803,265,56,12,4,-1,-1,28.20,94.52,1009.27,33.21
2,129,1550382,14,46,64,2613,805,291,68,14,4,-1,-1,28.20,94.34,1009.21,33.66
2,130,1555382,11,43,57,2217,678,282,60,10,4,-1,-1,28.20,94.15,1009.31,32.84
2,131,1560382,11,41,50,2175,654,245,50,6,2,-1,-1,28.20,93.93,1009.10,34.62
2,132,1565382,11,41,50,2208,661,237,58,6,0,-1,-1,28.20,93.76,1009.16,34.10
2,133,1570382,14,45,60,2502,762,257,58,12,6,-1,-1,28.20,93.55,1009.21,33.73
2,134,1575382,14,44,64,2511,749,275,54,18,14,-1,-1,28.19,93.34,1009.17,34.02
2,135,1580382,15,46,66,2580,782,273,66,18,12,-1,-1,28.20,93.12,1009.21,33.73
2,136,1585382,14,45,64,2457,745,266,66,16,8,-1,-1,28.20,92.91,1009.18,33.95
2,137,1590382,12,43,60,2292,697,259,58,16,8,-1,-1,28.19,92.70,1009.17,34.02
2,138,1595382,12,41,61,2349,717,278,56,18,8,-1,-1,28.20,92.49,1009.08,34.77
2,139,1600382,13,44,62,2547,785,291,54,14,8,-1,-1,28.19,92.27,1009.17,34.02
2,140,1605382,15,44,58,2652,809,277,54,12,2,-1,-1,28.21,92.05,1009.14,34.25
2,141,1610382,14,41,53,2439,734,240,38,12,2,-1,-1,28.20,91.79,1009.13,34.40
2,142,1615382,14,45,61,2505,745,273,52,14,10,-1,-1,28.19,91.58,1009.06,34.92
2,143,1620382,15,46,65,2724,807,281,66,14,10,-1,-1,28.20,91.34,1009.10,34.62
2,144,1625382,16,46,68,2811,842,271,72,22,14,-1,-1,28.19,91.11,1009.08,34.77
2,145,1630382,15,46,69,2757,827,301,62,20,14,-1,-1,28.20,90.88,1009.13,34.33
2,146,1635382,11,46,65,2433,702,302,58,12,10,-1,-1,28.20,90.63,1009.18,33.95
2,147,1640382,11,44,63,2355,705,294,66,16,8,-1,-1,28.20,90.34,1009.15,34.18
2,148,1645382,11,43,65,2187,690,258,70,24,8,-1,-1,28.20,90.12,1009.29,33.06
2,149,1650382,12,44,56,2301,704,258,54,10,2,-1,-1,28.20,89.86,1009.32,32.76
2,150,1655382,12,44,57,2346,724,254,64,8,6,-1,-1,28.19,89.63,1009.25,33.35
2,151,1660382,12,41,50,2286,700,231,56,6,4,-1,-1,28.20,89.38,1009.35,32.54
2,152,1665382,12,41,63,2199,693,238,66,20,6,-1,-1,28.20,89.09,1009.29,32.99
2,153,1670382,8,35,54,1761,574,222,48,20,6,-1,-1,28.19,88.84,1009.20,33.80
2,154,1675382,8,33,53,1707,554,210,50,22,2,-1,-1,28.19,88.59,1009.28,33.13
2,155,1680382,9,35,45,1791,563,193,42,12,0,-1,-1,28.20,88.30,1009.21,33.66
2,156,1685382,11,43,60,2235,674,242,66,16,6,-1,-1,28.19,88.06,1009.17,34.02
2,157,1690382,10,45,60,2148,659,265,72,10,8,-1,-1,28.19,87.78,1009.06,34.92
2,158,1695382,8,44,55,1947,600,263,60,10,6,-1,-1,28.20,87.51,1009.07,34.85
2,159,1700382,9,45,63,2163,673,304,72,18,4,-1,-1,28.19,87.24,1009.20,33.80
2,160,1705382,11,39,60,2157,664,262,54,24,2,-1,-1,28.20,86.96,1009.15,34.18
2,161,1710382,12,42,60,2304,705,256,62,22,0,-1,-1,28.20,86.68,1009.18,33.95
2,162,1715382,11,46,61,2274,697,272,64,12,4,-1,-1,28.20,86.40,1009.18,33.95
2,163,1720382,12,44,61,2298,721,268,60,14,6,-1,-1,28.20,86.13,1009.13,34.33
2,164,1725382,11,45,63,2169,670,274,64,16,4,-1,-1,28.20,85.85,1009.15,34.18
2,165,1730382,11,44,67,2301,685,274,62,26,6,-1,-1,28.20,85.56,1009.18,33.95
2,166,1735382,12,42,65,2472,751,291,56,22,6,-1,-1,28.19,85.29,1009.22,33.58
2,167,1740382,11,38,57,2247,664,245,50,14,8,-1,-1,28.20,85.01,1009.18,33.95
2,168,1745382,10,37,53,2016,589,218,44,14,12,-1,-1,28.21,84.73,1009.28,33.14
2,169,1750382,11,35,55,2148,643,235,44,18,14,-1,-1,28.21,84.48,1009.23,33.51
2,170,1755382,11,42,59,2265,689,265,52,14,8,-1,-1,28.21,84.18,1009.28,33.14
2,171,1760382,11,45,57,2187,670,272,50,8,2,-1,-1,28.20,83.90,1009.27,33.21
2,172,1765382,11,45,60,2235,663,265,62,12,8,-1,-1,28.21,83.61,1009.22,33.59
2,173,1770382,11,42,58,2214,661,240,58,14,10,-1,-1,28.21,83.34,1009.30,32.91
2,174,1775382,12,41,60,2223,688,231,60,18,12,-1,-1,28.20,83.05,1009.27,33.21
2,175,1780382,14,43,61,2235,722,256,54,14,10,-1,-1,28.20,82.76,1009.16,34.10
2,176,1785382,11,44,63,2145,705,285,54,14,10,-1,-1,28.21,82.49,1009.30,32.91
2,177,1790382,11,42,55,2157,699,279,48,8,6,-1,-1,28.21,82.22,1009.31,32.84
2,178,1795382,12,43,58,2250,716,275,58,8,6,-1,-1,28.21,81.96,1009.23,33.51
2,179,1800382,12,42,53,2253,703,258,52,6,4,-1,-1,28.22,81.68,1009.27,33.22
3,0,1805382,12,45,56,2364,709,266,64,6,4,-1,-1,28.21,81.39,1009.28,33.07
3,1,1810382,15,45,58,2553,767,255,58,8,4,-1,-1,28.20,81.13,1009.29,32.99
3,2,1815382,17,45,59,2622,777,233,60,10,6,-1,-1,28.20,80.86,1009.29,32.99
3,3,1820382,15,43,57,2562,770,248,54,10,6,-1,-1,28.22,80.59,1009.19,33.89
3,4,1825382,14,49,68,2547,762,298,76,14,8,-1,-1,28.22,80.33,1009.19,33.89
3,5,1830382,13,48,67,2424,729,290,72,14,6,-1,-1,28.21,80.09,1009.15,34.18
3,6,1835382,13,46,60,2415,731,275,62,10,4,-1,-1,28.22,79.84,1009.16,34.11
3,7,1840382,11,43,48,2343,707,256,36,4,4,-1,-1,28.22,79.57,1009.22,33.59
3,8,1845382,11,45,51,2313,702,257,44,4,4,-1,-1,28.22,79.33,1009.17,34.04
3,9,1850382,14,45,60,2493,761,266,54,10,10,-1,-1,28.22,79.08,1009.25,33.37
3,10,1855382,14,45,60,2514,761,281,50,10,10,-1,-1,28.22,78.84,1009.33,32.70
3,11,1860382,12,45,68,2373,734,302,62,20,16,-1,-1,28.22,78.60,1009.32,32.77
3,12,1865382,10,43,61,1956,609,268,66,14,8,-1,-1,28.23,78.35,1009.34,32.63
3,13,1870382,5,41,55,1746,546,265,56,12,6,-1,-1,28.22,78.12,1009.30,32.92
3,14,1875382,7,41,57,1884,584,278,58,12,6,-1,-1,28.22,77.89,1009.22,33.59
3,15,1880382,9,41,58,2097,652,267,56,14,8,-1,-1,28.22,77.67,1009.28,33.15
3,16,1885382,14,42,60,2373,729,243,60,14,10,-1,-1,28.23,77.46,1009.26,33.30
3,17,1890382,12,41,56,2277,705,225,60,14,6,-1,-1,28.22,77.23,1009.19,33.82
3,18,1895382,12,42,60,2328,716,247,64,16,8,-1,-1,28.22,77.03,1009.14,34.26
3,19,1900382,12,45,60,2427,741,277,64,12,6,-1,-1,28.23,76.80,1009.21,33.67
3,20,1905382,12,45,57,2421,746,294,58,10,4,-1,-1,28.23,76.61,1009.27,33.23
3,21,1910382,12,47,64,2496,760,301,70,14,6,-1,-1,28.22,76.40,1009.30,32.92
3,22,1915382,10,45,71,2226,673,296,72,28,18,-1,-1,28.23,76.22,1009.21,33.67
3,23,1920382,8,43,68,2160,644,303,66,26,14,-1,-1,28.23,76.01,1009.18,33.97
3,24,1925382,9,42,60,2157,648,279,58,18,8,-1,-1,28.24,75.80,1009.33,32.71
3,25,1930382,10,43,49,1953,612,240,52,4,4,-1,-1,28.24,75.62,1009.25,33.38
3,26,1935382,10,38,46,1845,575,209,48,4,4,-1,-1,28.23,75.43,1009.21,33.67
3,27,1940382,11,42,51,1986,627,227,58,4,4,-1,-1,28.24,75.27,1009.22,33.60
3,28,1945382,11,42,56,2055,656,245,66,8,4,-1,-1,28.24,75.08,1009.19,33.82
3,29,1950382,11,43,59,2121,679,262,66,12,6,-1,-1,28.24,74.90,1009.25,33.38
3,30,1955382,14,46,65,2409,768,285,60,16,10,-1,-1,28.24,74.69,1009.28,33.08
3,31,1960382,11,43,64,2184,676,274,60,16,12,-1,-1,28.25,74.57,1009.29,33.01
3,32,1965382,10,44,49,2115,634,252,52,6,2,-1,-1,28.24,74.41,1009.26,33.31
3,33,1970382,11,44,49,2277,682,251,50,4,0,-1,-1,28.24,74.23,1009.20,33.75
3,34,1975382,14,45,52,2541,761,266,50,4,0,-1,-1,28.25,74.09,1009.18,33.90
3,35,1980382,15,46,59,2580,784,278,58,8,4,-1,-1,28.25,73.95,1009.26,33.23
3,36,1985382,14,46,63,2502,779,283,60,16,8,-1,-1,28.24,73.77,1009.26,33.31
3,37,1990382,15,45,69,2565,791,274,68,24,12,-1,-1,28.26,73.62,1009.28,33.09
3,38,1995382,12,41,65,2313,704,249,62,28,10,-1,-1,28.26,73.47,1009.17,33.98
3,39,2000382,8,37,55,1851,550,234,58,18,8,-1,-1,28.25,73.31,1009.26,33.23
3,40,2005382,7,42,62,1875,562,280,66,20,8,-1,-1,28.26,73.18,1009.24,33.46
3,41,2010382,10,43,58,2007,619,245,58,18,4,-1,-1,28.25,73.03,1009.22,33.61
3,42,2015382,10,37,51,1923,592,221,52,14,4,-1,-1,28.25,72.89,1009.27,33.16
3,43,2020382,8,36,46,1881,575,222,48,8,2,-1,-1,28.26,72.78,1009.23,33.54
3,44,2025382,11,42,46,2214,670,233,46,4,2,-1,-1,28.27,72.64,1009.25,33.39
3,45,2030382,13,42,52,2307,669,211,52,10,4,-1,-1,28.26,72.50,1009.24,33.46
3,46,2035382,11,37,52,2133,621,220,48,14,6,-1,-1,28.26,72.37,1009.28,33.09
3,47,2040382,11,43,60,2277,662,256,60,16,8,-1,-1,28.27,72.34,1009.31,32.88
3,48,2045382,11,44,63,2289,686,286,66,14,10,-1,-1,28.27,72.16,1009.25,33.39
3,49,2050382,11,45,63,2217,670,278,68,14,10,-1,-1,28.27,72.02,1009.31,32.88
3,50,2055382,14,46,64,2364,733,280,66,14,8,-1,-1,28.26,71.87,1009.29,33.02
3,51,2060382,12,44,57,2277,695,241,56,10,6,-1,-1,28.28,71.78,1009.24,33.47
3,52,2065382,13,40,56,2268,683,232,44,16,10,-1,-1,28.27,71.66,1009.25,33.32
3,53,2070382,11,43,58,2316,704,278,50,14,8,-1,-1,28.29,71.55,1009.25,33.33
3,54,2075382,13,47,61,2463,753,298,42,10,8,-1,-1,28.29,71.39,1009.23,33.55
3,55,2080382,13,40,51,2148,671,247,32,8,8,-1,-1,28.27,71.33,1009.25,33.32
3,56,2085382,13,43,47,2166,666,245,40,4,2,-1,-1,28.29,71.21,1009.28,33.11
3,57,2090382,14,44,58,2370,729,273,58,12,6,-1,-1,28.29,71.12,1009.29,33.04
3,58,2095382,14,47,70,2502,776,293,76,22,12,-1,-1,28.29,71.01,1009.36,32.44
3,59,2100382,13,45,64,2238,717,253,64,16,8,-1,-1,28.29,70.92,1009.33,32.66
3,60,2105382,13,42,51,2193,687,229,46,8,2,-1,-1,28.29,70.80,1009.39,32.22
3,61,2110382,14,43,55,2349,737,260,50,10,2,-1,-1,28.30,70.72,1009.35,32.52
3,62,2115382,12,42,66,2346,717,274,70,22,10,-1,-1,28.30,70.62,1009.27,33.19
3,63,2120382,8,36,58,2019,584,252,56,20,10,-1,-1,28.31,70.52,1009.26,33.27
3,64,2125382,10,36,45,2037,584,222,38,8,4,-1,-1,28.30,70.40,1009.27,33.19
3,65,2130382,12,42,51,2292,683,254,44,8,2,-1,-1,28.30,70.34,1009.35,32.52
3,66,2135382,14,42,54,2292,698,251,52,12,4,-1,-1,28.30,70.26,1009.31,32.89
3,67,2140382,10,43,53,2037,621,261,52,8,4,-1,-1,28.30,70.14,1009.24,33.41
3,68,2145382,8,41,49,1908,578,243,50,8,2,-1,-1,28.30,70.05,1009.24,33.41
3,69,2150382,10,43,52,2019,618,252,50,10,2,-1,-1,28.30,69.99,1009.33,32.67
3,70,2155382,11,39,45,2049,628,226,44,6,0,-1,-1,28.30,69.88,1009.28,33.12
3,71,2160382,11,42,51,2010,650,249,48,8,4,-1,-1,28.31,69.81,1009.24,33.42
3,72,2165382,10,43,62,1962,632,250,66,18,6,-1,-1,28.31,69.77,1009.29,33.04
3,73,2170382,9,42,57,1953,610,243,68,14,6,-1,-1,28.32,69.65,1009.30,32.90
3,74,2175382,11,41,56,2025,624,231,58,14,8,-1,-1,28.31,69.57,1009.24,33.42
3,75,2180382,11,39,48,2061,624,229,46,6,4,-1,-1,28.31,69.56,1009.29,33.04
3,76,2185382,12,40,50,2166,673,231,50,6,4,-1,-1,28.31,69.38,1009.35,32.53
3,77,2190382,14,42,53,2340,724,244,52,6,2,-1,-1,28.31,69.31,1009.30,32.97
3,78,2195382,13,42,51,2379,735,253,50,6,2,-1,-1,28.32,69.25,1009.28,33.12
3,79,2200382,14,45,53,2520,763,262,46,6,4,-1,-1,28.31,69.18,1009.27,33.19
3,80,2205382,14,42,53,2484,750,249,40,10,6,-1,-1,28.33,69.11,1009.32,32.76
3,81,2210382,14,42,53,2361,728,232,46,10,6,-1,-1,28.32,69.02,1009.28,33.12
3,82,2215382,16,42,58,2490,764,211,50,18,8,-1,-1,28.32,68.98,1009.28,33.12
3,83,2220382,13,39,56,2271,684,224,48,18,8,-1,-1,28.32,68.89,1009.33,32.68
3,84,2225382,11,42,55,2217,663,256,44,12,8,-1,-1,28.32,68.82,1009.29,33.05
3,85,2230382,9,41,58,2172,645,264,60,18,6,-1,-1,28.32,68.75,1009.30,32.90
3,86,2235382,10,42,57,2052,611,251,58,12,0,-1,-1,28.33,68.69,1009.30,32.91
3,87,2240382,10,39,57,2103,645,242,52,12,4,-1,-1,28.33,68.63,1009.32,32.76
3,88,2245382,9,42,60,2208,684,291,56,14,6,-1,-1,28.33,68.57,1009.30,32.91
3,89,2250382,10,42,56,2145,654,264,52,12,4,-1,-1,28.33,68.51,1009.30,32.91
3,90,2255382,10,34,58,2040,609,226,52,22,8,-1,-1,28.34,68.44,1009.43,31.87
3,91,2260382,12,35,59,2286,678,247,46,22,8,-1,-1,28.34,68.38,1009.45,31.72
3,92,2265382,12,40,60,2457,727,255,54,20,8,-1,-1,28.33,68.31,1009.36,32.46
3,93,2270382,10,44,65,2313,690,301,64,20,12,-1,-1,28.33,68.27,1009.33,32.68
3,94,2275382,10,44,66,2205,665,299,60,18,10,-1,-1,28.34,68.19,1009.31,32.84
3,95,2280382,12,43,59,2370,719,278,58,14,2,-1,-1,28.34,68.15,1009.34,32.61
3,96,2285382,14,43,59,2514,754,273,56,14,0,-1,-1,28.33,68.09,1009.28,33.13
3,97,2290382,12,42,62,2475,745,290,58,20,6,-1,-1,28.34,68.03,1009.40,32.10
3,98,2295382,10,45,72,2244,666,306,72,28,14,-1,-1,28.34,67.97,1009.37,32.39
3,99,2300382,11,42,59,2220,652,240,56,18,10,-1,-1,28.35,67.93,1009.38,32.25
3,100,2305382,14,42,62,2457,740,251,56,16,14,-1,-1,28.35,67.86,1009.45,31.73
3,101,2310382,12,42,54,2307,706,253,44,10,10,-1,-1,28.35,67.80,1009.36,32.47
3,102,2315382,11,43,59,2292,709,284,52,12,6,-1,-1,28.35,67.75,1009.38,32.25
3,103,2320382,13,43,55,2340,715,255,52,10,4,-1,-1,28.35,67.69,1009.38,32.25
3,104,2325382,12,41,53,2337,708,236,50,10,2,-1,-1,28.34,67.64,1009.35,32.54
3,105,2330382,14,38,46,2223,674,208,38,8,0,-1,-1,28.35,67.57,1009.39,32.17
3,106,2335382,13,42,53,2310,705,264,40,12,2,-1,-1,28.35,67.55,1009.36,32.40
3,107,2340382,10,40,56,2097,647,257,46,18,4,-1,-1,28.34,67.48,1009.34,32.61
3,108,2345382,10,42,50,1953,609,241,52,8,2,-1,-1,28.34,67.44,1009.32,32.76
3,109,2350382,10,46,61,2091,659,284,64,10,2,-1,-1,28.34,67.38,1009.42,31.94
3,110,2355382,8,41,58,1956,613,290,54,14,2,-1,-1,28.35,67.32,1009.38,32.25
3,111,2360382,12,40,57,2196,682,255,58,14,6,-1,-1,28.35,67.27,1009.41,32.02
3,112,2365382,13,44,58,2232,688,253,56,10,6,-1,-1,28.34,67.21,1009.43,31.87
3,113,2370382,8,37,47,1809,536,241,46,10,4,-1,-1,28.36,67.17,1009.45,31.65
3,114,2375382,11,36,47,2028,608,223,44,12,2,-1,-1,28.36,67.11,1009.45,31.65
3,115,2380382,12,41,52,2319,698,248,46,12,2,-1,-1,28.35,67.07,1009.45,31.73
3,116,2385382,12,46,56,2475,743,289,50,6,0,-1,-1,28.36,67.03,1009.43,31.88
3,117,2390382,8,43,55,2145,623,267,54,8,4,-1,-1,28.35,66.97,1009.45,31.73
3,118,2395382,11,42,58,2277,671,267,60,12,8,-1,-1,28.35,66.94,1009.39,32.17
3,119,2400382,9,42,52,2154,626,239,62,10,8,-1,-1,28.36,66.88,1009.41,32.03
3,120,2405382,11,45,61,2268,680,253,60,12,8,-1,-1,28.36,66.85,1009.41,32.03
3,121,2410382,11,49,65,2469,740,319,66,10,4,-1,-1,28.36,66.80,1009.41,32.03
3,122,2415382,10,46,62,2292,664,295,66,12,4,-1,-1,28.35,66.75,1009.36,32.40
3,123,2420382,8,37,58,2025,586,266,48,16,10,-1,-1,28.35,66.72,1009.47,31.50
3,124,2425382,8,40,54,2013,579,266,52,12,8,-1,-1,28.36,66.70,1009.46,31.58
3,125,2430382,9,42,50,2283,656,278,42,8,6,-1,-1,28.37,66.62,1009.42,31.96
3,126,2435382,13,43,56,2385,698,265,42,12,4,-1,-1,28.36,66.60,1009.41,32.03
3,127,2440382,14,42,54,2346,692,214,42,10,2,-1,-1,28.36,66.53,1009.35,32.55
3,128,2445382,12,42,58,2280,690,237,52,14,8,-1,-1,28.37,66.50,1009.37,32.33
3,129,2450382,14,42,57,2340,716,220,58,14,8,-1,-1,28.37,66.43,1009.55,30.84
3,130,2455382,15,45,66,2550,795,270,62,22,10,-1,-1,28.37,66.42,1009.50,31.29
3,131,2460382,13,44,66,2382,724,275,52,24,10,-1,-1,28.37,66.36,1009.43,31.89
3,132,2465382,11,45,62,2253,683,275,58,16,8,-1,-1,28.36,66.34,1009.44,31.81
3,133,2470382,12,48,68,2427,751,290,84,18,10,-1,-1,28.37,66.30,1009.50,31.29
3,134,2475382,13,46,65,2352,727,271,72,14,8,-1,-1,28.37,66.25,1009.40,32.11
3,135,2480382,13,43,51,2220,678,248,48,4,2,-1,-1,28.37,66.20,1009.39,32.18
3,136,2485382,12,42,49,2262,689,256,40,6,0,-1,-1,28.36,66.16,1009.54,30.91
3,137,2490382,12,38,46,2202,657,224,36,8,2,-1,-1,28.36,66.13,1009.41,32.03
3,138,2495382,12,36,54,2151,653,219,46,18,8,-1,-1,28.36,66.10,1009.54,30.91
3,139,2500382,12,38,53,2121,652,210,50,16,8,-1,-1,28.37,66.05,1009.39,32.18
3,140,2505382,11,37,57,2031,625,220,50,20,8,-1,-1,28.36,66.03,1009.38,32.25
3,141,2510382,8,42,58,2022,605,243,58,14,10,-1,-1,28.37,66.00,1009.40,32.11
3,142,2515382,8,38,48,1929,578,224,52,8,6,-1,-1,28.36,65.95,1009.41,32.03
3,143,2520382,11,44,55,2247,697,256,56,6,2,-1,-1,28.36,65.91,1009.33,32.70
3,144,2525382,11,48,68,2352,742,302,66,18,4,-1,-1,28.36,65.86,1009.54,30.91
3,145,2530382,10,46,70,2220,690,317,72,26,8,-1,-1,28.37,65.83,1009.36,32.40
3,146,2535382,11,42,69,2256,696,277,70,30,12,-1,-1,28.37,65.79,1009.40,32.11
3,147,2540382,12,43,64,2337,726,259,66,22,12,-1,-1,28.37,65.95,1009.42,31.96
3,148,2545382,14,42,63,2382,739,241,62,20,10,-1,-1,28.37,65.72,1009.36,32.40
3,149,2550382,11,42,53,2076,635,239,52,10,4,-1,-1,28.37,65.69,1009.43,31.89
3,150,2555382,10,40,49,2040,598,223,50,6,4,-1,-1,28.37,65.66,1009.47,31.51
3,151,2560382,11,38,48,2097,625,227,44,8,4,-1,-1,28.37,65.63,1009.43,31.89
3,152,2565382,14,42,54,2367,701,238,50,14,6,-1,-1,28.37,65.61,1009.29,33.00
3,153,2570382,16,46,65,2535,777,267,58,16,4,-1,-1,28.38,65.55,1009.38,32.26
3,154,2575382,14,45,61,2397,735,280,50,14,0,-1,-1,28.37,65.53,1009.40,32.11
3,155,2580382,12,45,63,2430,726,296,62,18,4,-1,-1,28.37,65.50,1009.34,32.63
3,156,2585382,11,43,63,2250,679,272,62,20,4,-1,-1,28.36,65.47,1009.46,31.58
3,157,2590382,13,40,59,2259,700,237,50,16,10,-1,-1,28.38,65.43,1009.51,31.14
3,158,2595382,14,43,65,2412,743,271,56,16,12,-1,-1,28.37,65.40,1009.53,30.99
3,159,2600382,14,42,57,2376,738,257,46,12,10,-1,-1,28.37,65.38,1009.39,32.18
3,160,2605382,14,40,57,2361,730,249,46,14,12,-1,-1,28.37,65.34,1009.42,31.96
3,161,2610382,14,46,62,2517,774,286,52,12,10,-1,-1,28.37,65.32,1009.47,31.51
3,162,2615382,10,45,58,2307,681,281,58,10,6,-1,-1,28.37,65.29,1009.45,31.66
3,163,2620382,11,42,49,2100,623,223,50,6,4,-1,-1,28.36,65.23,1009.49,31.36
3,164,2625382,12,42,56,2211,675,239,54,12,8,-1,-1,28.37,65.23,1009.42,31.96
3,165,2630382,11,39,58,2016,608,216,56,20,8,-1,-1,28.36,65.21,1009.44,31.81
3,166,2635382,11,43,57,2115,649,241,60,14,6,-1,-1,28.36,65.14,1009.41,32.03
3,167,2640382,11,44,53,2214,683,269,56,6,4,-1,-1,28.37,65.12,1009.39,32.18
3,168,2645382,11,45,53,2169,679,278,54,8,4,-1,-1,28.38,65.12,1009.47,31.52
3,169,2650382,10,37,47,2064,614,248,42,10,2,-1,-1,28.37,65.08,1009.47,31.51
3,170,2655382,8,40,51,2040,587,260,50,10,4,-1,-1,28.37,65.06,1009.59,30.55
3,171,2660382,9,39,46,2025,609,251,44,8,2,-1,-1,28.37,65.03,1009.39,32.18
3,172,2665382,8,37,43,1821,564,227,38,6,0,-1,-1,28.37,65.00,1009.50,31.29
3,173,2670382,7,32,46,1617,484,201,40,14,6,-1,-1,28.37,64.99,1009.44,31.74
3,174,2675382,8,32,44,1719,516,189,42,12,8,-1,-1,28.37,64.95,1009.44,31.74
3,175,2680382,11,39,54,2112,640,220,56,14,8,-1,-1,28.37,64.94,1009.40,32.11
3,176,2685382,12,40,53,2268,685,228,48,12,4,-1,-1,28.37,64.91,1009.48,31.44
3,177,2690382,14,43,53,2361,721,234,52,8,2,-1,-1,28.36,64.86,1009.43,31.88
3,178,2695382,13,46,56,2226,695,257,58,8,4,-1,-1,28.37,64.84,1009.43,31.89
3,179,2700382,11,40,55,2121,672,265,48,10,10,-1,-1,28.37,64.81,1009.45,31.66
4,0,2705382,8,40,59,2070,644,283,52,16,10,-1,-1,28.37,64.79,1009.56,30.77
4,1,2710382,8,40,61,2031,630,280,60,18,10,-1,-1,28.37,64.78,1009.47,31.51
4,2,2715382,11,42,62,2133,660,277,58,18,6,-1,-1,28.37,64.82,1009.42,31.96
4,3,2720382,13,43,58,2325,724,251,50,14,2,-1,-1,28.37,64.73,1009.43,31.89
4,4,2725382,15,46,59,2496,768,245,60,10,0,-1,-1,28.38,64.70,1009.50,31.30
4,5,2730382,15,46,57,2484,764,256,66,8,0,-1,-1,28.37,64.70,1009.40,32.11
4,6,2735382,14,49,63,2544,760,286,82,10,0,-1,-1,28.38,64.63,1009.43,31.82
4,7,2740382,8,42,50,2046,622,277,52,8,0,-1,-1,28.37,64.62,1009.40,32.11
4,8,2745382,7,34,44,1782,545,238,36,10,4,-1,-1,28.37,64.60,1009.37,32.33
4,9,2750382,11,42,49,2097,648,225,52,6,4,-1,-1,28.38,64.58,1009.41,32.04
4,10,2755382,13,42,48,2208,680,206,50,6,0,-1,-1,28.38,64.56,1009.41,32.04
4,11,2760382,11,36,49,2076,622,202,42,12,4,-1,-1,28.38,64.53,1009.44,31.75
4,12,2765382,9,37,44,2007,585,207,48,8,4,-1,-1,28.38,64.52,1009.46,31.59
4,13,2770382,8,42,52,1926,555,235,60,10,6,-1,-1,28.38,64.50,1009.46,31.59
4,14,2775382,10,43,62,2103,644,272,62,16,8,-1,-1,28.37,64.48,1009.45,31.66
4,15,2780382,10,39,60,2205,654,266,52,16,8,-1,-1,28.39,64.46,1009.51,31.16
4,16,2785382,8,42,55,2190,636,280,44,12,6,-1,-1,28.38,64.45,1009.42,31.97
4,17,2790382,11,42,55,2289,673,284,44,14,4,-1,-1,28.39,64.46,1009.42,31.90
4,18,2795382,12,42,59,2295,689,270,50,16,6,-1,-1,28.39,64.43,1009.59,30.56
4,19,2800382,13,44,60,2226,667,250,60,16,6,-1,-1,28.38,64.43,1009.50,31.30
4,20,2805382,8,42,58,1893,580,258,60,14,10,-1,-1,28.39,64.42,1009.45,31.68
4,21,2810382,10,43,58,2025,621,266,54,16,12,-1,-1,28.39,64.41,1009.37,32.34
4,22,2815382,11,40,56,2130,648,246,48,16,12,-1,-1,28.39,64.38,1009.46,31.60
4,23,2820382,15,38,57,2460,748,218,36,20,12,-1,-1,28.39,64.38,1009.43,31.83
4,24,2825382,18,40,54,2631,796,217,36,16,8,-1,-1,28.39,64.39,1009.42,31.90
4,25,2830382,18,42,55,2718,813,224,42,12,4,-1,-1,28.41,64.36,1009.51,31.16
4,26,2835382,16,42,51,2529,762,224,44,8,4,-1,-1,28.40,64.35,1009.52,31.08
4,27,2840382,11,44,51,2169,678,260,50,4,0,-1,-1,28.40,64.32,1009.56,30.79
4,28,2845382,11,43,53,2052,670,285,46,8,2,-1,-1,28.39,64.32,1009.43,31.83
4,29,2850382,9,40,52,1962,623,272,44,10,6,-1,-1,28.41,64.31,1009.49,31.39
4,30,2855382,9,45,55,2091,640,279,60,8,4,-1,-1,28.41,64.29,1009.51,31.16
4,31,2860382,8,45,53,1971,602,259,62,8,4,-1,-1,28.41,64.28,1009.43,31.83
4,32,2865382,7,41,52,1791,565,257,52,12,4,-1,-1,28.40,64.28,1009.48,31.46
4,33,2870382,8,39,52,1797,567,234,52,14,6,-1,-1,28.40,64.26,1009.42,31.98
4,34,2875382,11,37,50,1914,611,220,46,12,8,-1,-1,28.40,64.22,1009.36,32.42
4,35,2880382,12,33,43,1941,611,185,32,10,8,-1,-1,28.40,64.22,1009.45,31.68
4,36,2885382,14,39,44,2169,660,210,38,6,2,-1,-1,28.40,64.21,1009.47,31.53
4,37,2890382,12,42,52,2280,692,248,40,10,4,-1,-1,28.40,64.21,1009.50,31.31
4,38,2895382,12,41,53,2355,712,266,44,10,2,-1,-1,28.40,64.19,1009.47,31.53
4,39,2900382,11,41,53,2175,655,247,54,12,4,-1,-1,28.40,64.18,1009.42,31.98
4,40,2905382,10,40,56,2010,607,234,60,14,8,-1,-1,28.41,64.17,1009.43,31.83
4,41,2910382,10,37,53,1845,570,231,54,14,6,-1,-1,28.40,64.13,1009.42,31.91
4,42,2915382,8,43,55,1929,596,259,56,8,2,-1,-1,28.41,64.11,1009.43,31.83
4,43,2920382,10,43,55,2088,639,255,52,12,4,-1,-1,28.41,64.11,1009.41,32.06
4,44,2925382,8,42,58,1914,589,272,56,16,6,-1,-1,28.41,64.12,1009.49,31.32
4,45,2930382,8,43,62,1926,609,279,60,16,8,-1,-1,28.41,64.09,1009.49,31.32
4,46,2935382,10,39,52,1806,578,220,50,12,4,-1,-1,28.42,64.07,1009.48,31.47
4,47,2940382,11,36,46,1848,584,209,40,12,0,-1,-1,28.42,64.06,1009.46,31.62
4,48,2945382,12,36,47,2037,642,217,38,12,0,-1,-1,28.41,64.04,1009.44,31.76
4,49,2950382,14,39,56,2256,699,232,46,18,4,-1,-1,28.42,64.04,1009.50,31.24
4,50,2955382,11,39,54,2130,655,234,44,14,6,-1,-1,28.42,64.03,1009.50,31.24
4,51,2960382,8,34,50,1791,557,233,40,16,8,-1,-1,28.41,63.99,1009.52,31.09
4,52,2965382,8,40,60,1959,604,267,52,18,10,-1,-1,28.42,63.97,1009.48,31.47
4,53,2970382,11,43,63,2229,685,278,62,14,10,-1,-1,28.43,63.96,1009.49,31.32
4,54,2975382,12,42,54,2334,705,278,52,6,4,-1,-1,28.42,63.95,1009.48,31.40
4,55,2980382,13,41,48,2409,726,262,38,2,2,-1,-1,28.43,63.93,1009.41,31.99
4,56,2985382,12,39,47,2193,658,235,38,6,2,-1,-1,28.42,63.89,1009.48,31.40
4,57,2990382,14,37,49,2040,639,195,42,12,6,-1,-1,28.42,63.92,1009.46,31.62
4,58,2995382,10,37,52,1911,606,239,48,10,8,-1,-1,28.42,63.89,1009.46,31.62
4,59,3000382,7,36,52,1881,591,272,44,12,8,-1,-1,28.43,63.87,1009.44,31.77
4,60,3005382,9,39,50,2070,639,260,48,10,2,-1,-1,28.43,63.86,1009.49,31.32
4,61,3010382,11,43,53,2118,649,259,60,8,2,-1,-1,28.43,63.84,1009.48,31.47
4,62,3015382,14,44,52,2316,714,244,54,6,0,-1,-1,28.43,63.83,1009.49,31.32
4,63,3020382,14,43,51,2232,694,231,58,6,0,-1,-1,28.43,63.81,1009.49,31.32
4,64,3025382,13,41,52,2217,699,242,52,10,0,-1,-1,28.43,63.78,1009.47,31.55
4,65,3030382,12,42,54,2262,701,261,56,10,0,-1,-1,28.44,63.77,1009.48,31.40
4,66,3035382,12,42,53,2274,692,260,52,8,2,-1,-1,28.43,63.77,1009.47,31.55
4,67,3040382,12,41,54,2292,677,229,46,12,8,-1,-1,28.43,63.74,1009.49,31.32
4,68,3045382,10,40,60,2226,646,246,58,20,8,-1,-1,28.43,63.56,1009.44,31.77
4,69,3050382,10,42,58,2226,643,265,58,16,4,-1,-1,28.44,63.72,1009.56,30.73
4,70,3055382,11,37,49,2217,646,240,46,10,4,-1,-1,28.43,63.71,1009.48,31.47
4,71,3060382,9,39,43,2007,605,242,40,4,2,-1,-1,28.44,63.67,1009.47,31.55
4,72,3065382,12,40,43,2175,647,227,42,2,2,-1,-1,28.43,63.67,1009.50,31.25
4,73,3070382,15,44,53,2439,744,250,58,6,4,-1,-1,28.44,63.65,1009.51,31.18
4,74,3075382,15,46,55,2409,738,243,66,6,2,-1,-1,28.44,63.64,1009.52,31.11
4,75,3080382,15,42,60,2409,740,229,64,14,10,-1,-1,28.44,63.61,1009.52,31.11
4,76,3085382,15,42,61,2304,721,233,64,18,8,-1,-1,28.43,63.61,1009.53,31.03
4,77,3090382,15,42,60,2349,731,239,56,16,8,-1,-1,28.44,63.59,1009.55,30.89
4,78,3095382,11,40,45,2103,632,234,40,6,0,-1,-1,28.44,63.57,1009.55,30.89
4,79,3100382,8,37,45,1935,561,236,40,10,0,-1,-1,28.45,63.54,1009.50,31.26
4,80,3105382,11,42,53,2211,653,263,52,14,0,-1,-1,28.45,63.53,1009.53,31.04
4,81,3110382,12,39,50,2208,666,230,44,12,0,-1,-1,28.45,63.51,1009.56,30.74
4,82,3115382,12,39,50,2247,683,225,48,10,2,-1,-1,28.45,63.51,1009.54,30.96
4,83,3120382,14,39,57,2367,716,224,54,16,6,-1,-1,28.45,63.48,1009.51,31.19
4,84,3125382,11,39,56,2232,668,230,58,16,10,-1,-1,28.46,63.46,1009.54,30.89
4,85,3130382,10,40,56,2097,642,262,56,14,8,-1,-1,28.46,63.46,1009.66,29.93
4,86,3135382,8,35,46,1935,595,243,36,10,4,-1,-1,28.46,63.45,1009.57,30.67
4,87,3140382,9,33,43,1911,586,228,32,10,6,-1,-1,28.46,63.42,1009.61,30.37
4,88,3145382,9,33,46,1857,578,213,40,14,8,-1,-1,28.46,63.41,1009.61,30.37
4,89,3150382,12,39,57,2130,658,234,60,20,8,-1,-1,28.46,63.37,1009.52,31.12
4,90,3155382,12,39,60,2037,654,228,70,20,6,-1,-1,28.46,63.37,1009.57,30.67
4,91,3160382,11,46,60,2082,692,289,54,8,6,-1,-1,28.47,63.34,1009.56,30.75
4,92,3165382,10,43,49,1938,640,275,36,4,4,-1,-1,28.46,63.33,1009.53,31.04
4,93,3170382,8,33,50,1833,573,241,42,14,6,-1,-1,28.45,63.33,1009.59,30.52
4,94,3175382,8,40,62,1977,589,256,68,18,10,-1,-1,28.45,63.29,1009.56,30.74
4,95,3180382,10,40,56,2157,629,237,52,14,12,-1,-1,28.46,63.31,1009.58,30.60
4,96,3185382,9,42,56,2214,652,260,52,12,8,-1,-1,28.46,63.29,1009.58,30.60
4,97,3190382,11,39,54,2268,674,240,42,14,10,-1,-1,28.46,63.30,1009.71,29.48
4,98,3195382,11,36,43,2130,638,229,32,6,4,-1,-1,28.47,63.25,1009.64,30.08
4,99,3200382,9,33,46,1983,596,225,40,12,4,-1,-1,28.46,63.25,1009.58,30.60
4,100,3205382,9,37,47,2001,607,227,42,10,2,-1,-1,28.46,63.24,1009.53,31.04
4,101,3210382,10,36,44,1971,580,194,40,6,6,-1,-1,28.47,63.22,1009.62,30.30
4,102,3215382,8,35,45,1923,555,195,42,8,8,-1,-1,28.46,63.22,1009.58,30.60
4,103,3220382,11,36,46,2151,606,205,42,8,8,-1,-1,28.46,63.20,1009.55,30.82
4,104,3225382,11,37,43,2058,607,210,32,4,4,-1,-1,28.46,63.20,1009.60,30.45
4,105,3230382,8,38,54,1986,594,244,48,14,6,-1,-1,28.46,63.18,1009.55,30.82
4,106,3235382,9,38,53,2073,612,232,50,14,6,-1,-1,28.46,63.17,1009.58,30.60
4,107,3240382,11,37,55,2136,646,241,52,18,8,-1,-1,28.47,63.14,1009.59,30.53
4,108,3245382,13,39,52,2070,634,218,44,12,6,-1,-1,28.47,63.13,1009.59,30.53
4,109,3250382,8,33,43,1713,533,195,38,10,6,-1,-1,28.48,63.13,1009.60,30.45
4,110,3255382,9,33,44,1791,550,207,38,12,6,-1,-1,28.46,63.09,1009.53,31.04
4,111,3260382,8,32,44,1662,502,196,44,10,4,-1,-1,28.46,63.09,1009.61,30.37
4,112,3265382,8,37,55,1854,570,238,54,14,8,-1,-1,28.46,63.08,1009.57,30.67
4,113,3270382,8,35,53,1788,552,228,52,18,8,-1,-1,28.47,63.08,1009.56,30.75
4,114,3275382,11,40,51,1992,621,235,54,12,4,-1,-1,28.47,63.07,1009.59,30.53
4,115,3280382,13,39,46,2172,666,225,28,6,6,-1,-1,28.48,63.06,1009.62,30.23
4,116,3285382,10,36,47,2082,614,236,24,10,10,-1,-1,28.46,63.03,1009.58,30.60
4,117,3290382,7,39,50,1797,541,259,54,10,6,-1,-1,28.47,63.03,1009.59,30.53
4,118,3295382,4,35,47,1476,456,242,52,10,6,-1,-1,28.47,63.01,1009.64,30.08
4,119,3300382,5,32,41,1506,442,202,44,8,8,-1,-1,28.48,63.01,1009.62,30.23
4,120,3305382,7,29,35,1611,470,187,26,4,4,-1,-1,28.48,62.98,1009.65,30.01
4,121,3310382,8,40,43,1854,576,242,38,2,0,-1,-1,28.46,62.97,1009.71,29.48
4,122,3315382,11,41,44,2019,632,240,46,2,0,-1,-1,28.48,62.97,1009.69,29.71
4,123,3320382,11,41,46,2019,632,239,50,2,0,-1,-1,28.47,62.94,1009.62,30.30
4,124,3325382,12,42,46,2118,659,235,46,2,0,-1,-1,28.47,62.96,1009.59,30.53
4,125,3330382,10,37,48,1944,573,222,40,8,4,-1,-1,28.47,62.92,1009.67,29.86
4,126,3335382,10,33,54,1929,569,213,48,16,8,-1,-1,28.47,62.93,1009.64,30.08
4,127,3340382,8,32,45,1677,516,208,42,12,4,-1,-1,28.48,62.93,1009.68,29.78
4,128,3345382,8,31,57,1707,526,227,50,24,10,-1,-1,28.48,62.91,1009.66,29.93
4,129,3350382,8,35,54,1908,578,248,38,18,10,-1,-1,28.49,62.92,1009.64,30.09
4,130,3355382,8,35,50,1815,531,229,44,14,6,-1,-1,28.48,62.90,1009.57,30.68
4,131,3360382,7,29,39,1608,465,188,34,10,2,-1,-1,28.49,62.90,1009.64,30.09
4,132,3365382,7,33,46,1653,484,205,46,12,6,-1,-1,28.48,62.88,1009.73,29.34
4,133,3370382,8,35,54,1896,562,230,52,18,12,-1,-1,28.48,62.87,1009.62,30.23
4,134,3375382,11,36,60,2064,609,221,56,22,16,-1,-1,28.48,62.88,1009.62,30.23
4,135,3380382,11,40,60,2115,626,224,62,18,10,-1,-1,28.47,62.85,1009.67,29.86
4,136,3385382,8,38,49,1809,543,221,52,10,4,-1,-1,28.48,62.86,1009.66,29.93
4,137,3390382,7,36,43,1665,489,221,44,8,4,-1,-1,28.48,62.83,1009.63,30.16
4,138,3395382,7,37,48,1629,483,228,62,12,4,-1,-1,28.49,62.82,1009.61,30.31
4,139,3400382,8,35,46,1662,506,207,56,12,2,-1,-1,28.48,62.76,1009.63,30.16
4,140,3405382,10,35,48,1767,545,202,52,14,2,-1,-1,28.49,62.79,1009.59,30.53
4,141,3410382,9,37,51,1869,584,228,46,16,4,-1,-1,28.49,62.79,1009.65,30.02
4,142,3415382,7,37,53,1872,587,272,44,16,2,-1,-1,28.48,62.78,1009.61,30.38
4,143,3420382,8,37,47,1917,593,260,34,10,2,-1,-1,28.49,62.78,1009.59,30.53
4,144,3425382,11,42,56,2187,669,265,52,14,2,-1,-1,28.49,62.77,1009.59,30.53
4,145,3430382,12,42,60,2283,689,266,56,16,8,-1,-1,28.49,62.75,1009.65,30.02
4,146,3435382,7,34,57,1845,545,267,44,18,12,-1,-1,28.49,62.77,1009.61,30.31
4,147,3440382,8,37,55,2019,598,264,44,16,6,-1,-1,28.49,62.75,1009.65,30.02
4,148,3445382,9,37,48,2181,646,254,44,12,2,-1,-1,28.49,62.72,1009.59,30.53
4,149,3450382,12,40,43,2208,658,209,44,4,0,-1,-1,28.50,62.73,1009.58,30.61
4,150,3455382,11,38,52,2067,616,216,56,14,4,-1,-1,28.49,62.70,1009.57,30.68
4,151,3460382,8,32,50,1830,527,205,52,18,6,-1,-1,28.50,62.70,1009.58,30.61
4,152,3465382,8,29,45,1746,497,199,42,16,6,-1,-1,28.50,62.70,1009.58,30.61
4,153,3470382,9,35,50,1908,565,231,44,14,10,-1,-1,28.50,62.68,1009.58,30.61
4,154,3475382,9,36,50,2028,611,237,42,12,8,-1,-1,28.50,62.68,1009.58,30.61
4,155,3480382,8,37,44,1836,550,239,42,4,2,-1,-1,28.50,62.65,1009.63,30.17
4,156,3485382,7,34,55,1689,502,229,52,20,12,-1,-1,28.49,62.65,1009.62,30.24
4,157,3490382,10,43,70,2151,658,298,68,28,18,-1,-1,28.50,62.62,1009.63,30.17
4,158,3495382,10,40,64,2040,629,266,60,24,14,-1,-1,28.50,62.62,1009.63,30.17
4,159,3500382,10,36,46,1821,559,212,40,10,4,-1,-1,28.49,62.61,1009.60,30.46
4,160,3505382,8,35,42,1755,535,213,40,8,2,-1,-1,28.50,62.62,1009.67,29.87
4,161,3510382,8,35,42,1767,541,211,42,8,2,-1,-1,28.51,62.60,1009.65,30.03
4,162,3515382,8,32,39,1767,528,199,38,8,2,-1,-1,28.50,62.60,1009.61,30.32
4,163,3520382,11,36,46,1923,584,207,42,8,4,-1,-1,28.50,62.58,1009.66,29.94
4,164,3525382,7,30,38,1533,462,205,32,6,4,-1,-1,28.50,62.57,1009.61,30.32
4,165,3530382,7,32,38,1656,493,218,32,6,2,-1,-1,28.50,62.57,1009.67,29.87
4,166,3535382,8,39,44,1803,562,241,50,6,2,-1,-1,28.50,62.55,1009.77,28.98
4,167,3540382,10,40,55,2025,621,237,60,14,4,-1,-1,28.50,62.54,1009.64,30.10
4,168,3545382,10,36,55,1962,595,217,54,18,6,-1,-1,28.50,62.54,1009.64,30.10
4,169,3550382,10,40,55,2073,620,246,54,12,4,-1,-1,28.51,62.52,1009.63,30.18
4,170,3555382,9,40,49,2016,606,252,48,6,2,-1,-1,28.51,62.50,1009.65,30.03
4,171,3560382,9,40,51,2118,621,255,50,8,4,-1,-1,28.51,62.50,1009.81,28.69
4,172,3565382,9,39,47,2070,615,234,44,6,4,-1,-1,28.50,62.49,1009.67,29.87
4,173,3570382,7,37,61,1743,535,245,66,22,10,-1,-1,28.51,62.48,1009.71,29.51
4,174,3575382,5,38,60,1620,485,245,66,20,8,-1,-1,28.50,62.48,1009.66,29.94
4,175,3580382,8,35,54,1746,525,232,56,18,6,-1,-1,28.51,62.46,1009.68,29.80
4,176,3585382,11,37,46,1998,602,215,36,8,6,-1,-1,28.52,62.44,1009.67,29.88
4,177,3590382,11,33,39,1986,596,184,26,6,4,-1,-1,28.51,62.45,1009.68,29.80
4,178,3595382,12,35,46,2127,642,208,34,10,8,-1,-1,28.51,62.46,1009.70,29.58
4,179,3600382,8,36,56,1773,543,228,56,18,16,-1,-1,28.51,62.44,1009.62,30.25
block_id,sample_idx,uptime_ms,pms_pm1,pms_pm25,pms_pm10,pms_n0_3,pms_n0_5,pms_n1_0,pms_n2_5,pms_n5_0,pms_n10,sds_pm25,sds_pm10,temp_c,hum_pct,press_hpa,alt_m
1,0,5382,9,27,34,1626,404,128,30,6,6,-1,-1,28.19,69.41,1010.74,20.93
1,1,10382,4,22,27,1368,314,134,24,4,4,-1,-1,28.19,69.40,1010.72,21.09
1,2,15382,7,25,31,1575,397,140,26,4,4,-1,-1,28.21,69.36,1010.69,21.32
1,3,20382,8,21,30,1611,415,120,20,8,4,-1,-1,28.22,69.30,1010.74,20.95
1,4,25382,11,27,30,1968,526,134,22,4,0,-1,-1,28.23,69.26,1010.75,20.81
1,5,30382,9,28,35,1941,518,152,34,6,2,-1,-1,28.23,69.21,1010.74,20.96
1,6,35382,8,32,38,1890,520,193,38,4,4,-1,-1,28.23,69.16,1010.71,21.18
1,7,40382,7,31,38,1620,456,203,36,6,4,-1,-1,28.24,69.09,1010.70,21.26
1,8,45382,4,30,37,1332,389,197,40,6,4,-1,-1,28.24,69.02,1010.78,20.59
1,9,50382,2,23,29,981,303,156,32,4,4,-1,-1,28.24,68.95,1010.70,21.26
1,10,55382,1,21,27,846,261,164,32,4,4,-1,-1,28.25,68.92,1010.77,20.67
1,11,60382,2,23,33,1065,328,170,40,8,6,-1,-1,28.25,68.85,1010.74,20.89
1,12,65382,4,25,31,1137,350,172,32,6,4,-1,-1,28.26,68.80,1010.73,21.04
1,13,70382,1,23,38,1038,330,261,26,14,6,-1,-1,28.26,68.77,1010.78,20.60
1,14,75382,0,20,32,828,266,251,20,10,4,-1,-1,28.26,68.72,1010.76,20.75
1,15,80382,1,32,40,1320,424,349,24,8,4,-1,-1,28.27,68.69,1010.78,20.60
1,16,85382,2,34,39,1455,454,337,24,4,4,-1,-1,28.27,68.68,1010.74,20.90
1,17,90382,1,20,32,849,238,136,36,10,8,-1,-1,28.27,68.63,1010.77,20.68
1,18,95382,1,19,33,909,258,146,42,12,8,-1,-1,28.26,68.60,1010.73,20.97
1,19,100382,2,21,31,1053,299,152,34,10,6,-1,-1,28.27,68.58,1010.77,20.68
1,20,105382,4,22,29,1140,329,154,30,6,4,-1,-1,28.22,68.62,1010.82,20.28
1,21,110382,5,26,32,1269,381,162,34,4,2,-1,-1,28.16,68.77,1010.69,21.29
1,22,115382,7,28,39,1416,441,185,38,10,4,-1,-1,28.13,68.94,1010.80,20.46
1,23,120382,5,24,39,1368,420,163,36,12,2,-1,-1,28.09,69.14,1010.76,20.74
1,24,125382,2,22,36,1020,308,164,40,12,8,-1,-1,28.07,69.30,1010.76,20.73
1,25,130382,2,27,40,1005,307,174,54,10,10,-1,-1,28.06,69.50,1010.79,20.50
1,26,135382,4,26,38,1098,329,162,50,10,10,-1,-1,28.04,69.67,1010.78,20.56
1,27,140382,5,25,37,1215,360,156,48,12,8,-1,-1,28.01,69.81,1010.74,20.92
1,28,145382,5,28,41,1383,408,164,50,12,8,-1,-1,28.01,69.95,1010.73,20.99
1,29,150382,7,25,35,1329,402,154,38,10,6,-1,-1,28.00,70.07,1010.72,21.06
1,30,155382,5,27,30,1290,408,175,22,2,2,-1,-1,27.98,70.20,1010.82,20.24
1,31,160382,4,27,35,1263,368,189,34,6,0,-1,-1,27.97,70.28,1010.80,20.38
1,32,165382,2,26,36,1260,352,180,46,8,0,-1,-1,27.98,70.35,1010.81,20.31
1,33,170382,4,26,36,1314,381,194,44,8,0,-1,-1,27.97,70.42,1010.82,20.23
1,34,175382,7,28,33,1497,444,164,38,4,0,-1,-1,27.95,70.47,1010.80,20.45
1,35,180382,7,28,33,1506,433,152,40,6,0,-1,-1,27.95,70.49,1010.79,20.52
1,36,185382,8,26,31,1545,438,130,38,4,0,-1,-1,27.93,70.50,1010.79,20.51
1,37,190382,5,25,27,1377,391,164,26,2,0,-1,-1,27.93,70.51,1010.76,20.73
1,38,195382,2,24,32,1206,340,184,26,4,4,-1,-1,27.92,70.53,1010.74,20.88
1,39,200382,2,24,30,1212,345,158,30,4,4,-1,-1,27.91,70.50,1010.70,21.24
1,40,205382,5,28,35,1467,429,172,40,6,4,-1,-1,27.92,70.47,1010.76,20.72
1,41,210382,5,29,39,1545,451,184,42,8,6,-1,-1,27.91,70.42,1010.81,20.35
1,42,215382,6,32,48,1689,507,219,56,16,8,-1,-1,27.91,70.39,1010.75,20.87
1,43,220382,7,33,46,1617,484,215,60,12,4,-1,-1,27.90,70.34,1010.74,20.94
1,44,225382,7,35,47,1680,521,230,58,12,4,-1,-1,27.89,70.29,1010.80,20.41
1,45,230382,5,35,45,1449,458,218,54,8,4,-1,-1,27.89,70.18,1010.71,21.15
1,46,235382,1,24,32,930,305,179,38,6,2,-1,-1,27.90,70.12,1010.76,20.79
1,47,240382,2,22,30,1041,316,160,34,6,2,-1,-1,27.88,70.05,1010.76,20.78
1,48,245382,4,33,38,1467,433,227,44,4,2,-1,-1,27.89,69.96,1010.77,20.64
1,49,250382,4,36,46,1440,438,248,58,10,6,-1,-1,27.88,69.84,1010.77,20.63
1,50,255382,5,33,44,1647,501,243,48,12,6,-1,-1,27.89,69.75,1010.79,20.49
1,51,260382,7,28,43,1494,455,197,42,14,8,-1,-1,27.87,69.66,1010.76,20.77
1,52,265382,4,24,33,1305,391,177,22,8,6,-1,-1,27.88,69.54,1010.81,20.33
1,53,270382,2,22,30,1203,349,163,20,8,4,-1,-1,27.88,69.45,1010.77,20.63
1,54,275382,4,25,30,1359,395,178,24,4,0,-1,-1,27.87,69.33,1010.77,20.70
1,55,280382,5,25,32,1455,437,186,24,6,0,-1,-1,27.87,69.23,1010.74,20.92
1,56,285382,7,31,42,1632,506,209,42,12,0,-1,-1,27.89,69.12,1010.74,20.93
1,57,290382,5,32,44,1497,466,218,44,10,4,-1,-1,27.87,69.00,1010.81,20.33
1,58,295382,4,27,35,1392,400,209,30,6,4,-1,-1,27.87,68.86,1010.76,20.77
1,59,300382,4,24,31,1308,379,178,26,8,2,-1,-1,27.86,68.74,1010.80,20.40
1,60,305382,5,25,37,1461,408,170,36,12,6,-1,-1,27.86,68.63,1010.75,20.84
1,61,310382,5,25,40,1425,417,172,40,14,8,-1,-1,27.86,68.52,1010.77,20.69
1,62,315382,7,25,43,1542,460,170,42,18,8,-1,-1,27.87,68.42,1010.81,20.33
1,63,320382,5,27,41,1497,452,193,42,14,6,-1,-1,27.87,68.21,1010.86,19.88
1,64,325382,5,29,43,1539,466,197,48,16,6,-1,-1,27.86,68.20,1010.79,20.47
1,65,330382,5,29,42,1512,448,216,40,14,8,-1,-1,27.87,68.05,1010.81,20.33
1,66,335382,7,36,47,1683,504,227,54,10,8,-1,-1,27.86,67.95,1010.75,20.84
1,67,340382,8,36,43,1803,547,210,48,6,4,-1,-1,27.86,67.84,1010.69,21.36
1,68,345382,8,37,46,1782,531,223,54,8,2,-1,-1,27.86,67.74,1010.79,20.47
1,69,350382,7,32,39,1596,470,195,42,8,2,-1,-1,27.86,67.52,1010.79,20.47
1,70,355382,5,26,36,1446,418,185,34,10,2,-1,-1,27.86,67.50,1010.74,20.92
1,71,360382,4,26,33,1425,415,203,28,6,2,-1,-1,27.85,67.40,1010.76,20.77
1,72,365382,7,26,33,1509,446,180,30,6,4,-1,-1,27.86,67.30,1010.71,21.14
1,73,370382,7,29,33,1671,495,196,28,2,2,-1,-1,27.85,67.20,1010.78,20.54
1,74,375382,4,32,38,1503,425,216,36,6,0,-1,-1,27.86,67.10,1010.77,20.69
1,75,380382,1,30,39,1260,345,238,40,10,2,-1,-1,27.86,67.01,1010.79,20.47
1,76,385382,4,28,33,1362,391,217,30,6,2,-1,-1,27.85,66.90,1010.78,20.54
1,77,390382,5,26,32,1425,423,206,22,6,2,-1,-1,27.86,66.78,1010.79,20.47
1,78,395382,6,26,29,1524,464,185,16,4,2,-1,-1,27.85,66.71,1010.81,20.32
1,79,400382,5,25,29,1464,440,192,18,4,2,-1,-1,27.86,66.64,1010.80,20.40
1,80,405382,5,25,33,1458,429,203,28,10,4,-1,-1,27.85,66.55,1010.78,20.54
1,81,410382,7,26,36,1587,466,201,30,12,2,-1,-1,27.86,66.48,1010.74,20.92
1,82,415382,5,25,39,1521,437,200,40,14,2,-1,-1,27.85,66.38,1010.78,20.54
1,83,420382,4,30,45,1419,399,208,50,12,8,-1,-1,27.85,66.30,1010.84,20.10
1,84,425382,1,29,44,1281,354,232,44,14,10,-1,-1,27.85,66.22,1010.75,20.84
1,85,430382,2,27,43,1419,413,232,40,14,10,-1,-1,27.86,66.11,1010.77,20.69
1,86,435382,4,28,40,1488,449,242,32,12,8,-1,-1,27.87,66.04,1010.73,21.00
1,87,440382,4,33,42,1515,464,263,38,8,2,-1,-1,27.86,65.97,1010.79,20.47
1,88,445382,1,30,38,1188,345,270,36,8,2,-1,-1,27.86,65.91,1010.79,20.47
1,89,450382,1,32,41,1311,369,276,46,8,4,-1,-1,27.86,65.85,1010.86,19.95
1,90,455382,2,33,39,1503,424,265,40,4,2,-1,-1,27.86,65.77,1010.85,20.03
1,91,460382,4,33,39,1575,461,264,40,4,2,-1,-1,27.85,65.70,1010.87,19.88
1,92,465382,5,31,32,1545,467,237,26,0,0,-1,-1,27.86,65.67,1010.90,19.58
1,93,470382,5,32,36,1740,504,241,30,4,2,-1,-1,27.86,65.57,1010.82,20.25
1,94,475382,8,33,43,1881,554,243,40,10,4,-1,-1,27.85,65.52,1010.83,20.17
1,95,480382,4,32,39,1626,471,280,30,8,2,-1,-1,27.85,65.45,1010.78,20.62
1,96,485382,0,36,46,1449,426,374,38,10,4,-1,-1,27.86,65.41,1010.79,20.47
1,97,490382,0,37,50,1473,443,375,46,12,4,-1,-1,27.86,65.37,1010.75,20.84
1,98,495382,1,38,50,1617,485,371,46,12,4,-1,-1,27.86,65.28,1010.74,20.92
1,99,500382,2,33,43,1725,504,331,34,8,0,-1,-1,27.86,65.25,1010.77,20.69
1,100,505382,4,35,44,1890,543,313,34,8,2,-1,-1,27.85,65.18,1010.78,20.62
1,101,510382,1,44,54,1815,569,457,30,10,4,-1,-1,27.86,65.15,1010.79,20.47
1,102,515382,0,50,61,1920,640,640,26,6,2,-1,-1,27.86,65.09,1010.82,20.25
1,103,520382,0,49,63,2058,669,648,36,10,4,-1,-1,27.86,65.05,1010.80,20.40
1,104,525382,1,46,62,1950,629,563,44,10,6,-1,-1,27.85,65.00,1010.75,20.84
1,105,530382,1,43,57,1833,570,482,46,12,6,-1,-1,27.85,64.96,1010.73,20.99
1,106,535382,1,42,55,1707,528,403,56,12,6,-1,-1,27.86,64.91,1010.79,20.47
1,107,540382,1,42,51,1653,505,416,50,10,4,-1,-1,27.85,64.87,1010.81,20.32
1,108,545382,0,45,53,1734,533,466,46,8,4,-1,-1,27.86,64.80,1010.91,19.51
1,109,550382,0,54,68,2010,658,656,54,10,4,-1,-1,27.85,64.78,1010.78,20.54
1,110,555382,0,57,68,2145,715,715,50,6,2,-1,-1,27.86,64.75,1010.85,20.03
1,111,560382,0,51,63,2100,694,694,34,6,4,-1,-1,27.85,64.70,1010.78,20.62
1,112,565382,0,51,60,2151,711,711,14,4,2,-1,-1,27.86,64.67,1010.79,20.47
1,113,570382,0,55,66,2370,790,790,22,2,0,-1,-1,27.85,64.63,1010.81,20.32
1,114,575382,0,54,65,2409,803,803,26,4,2,-1,-1,27.85,64.60,1010.84,20.10
1,115,580382,0,53,70,2370,781,775,38,14,4,-1,-1,27.85,64.57,1010.81,20.32
1,116,585382,0,54,73,2331,768,762,38,14,4,-1,-1,27.86,64.56,1010.80,20.40
1,117,590382,0,55,66,2322,765,753,28,4,2,-1,-1,27.86,64.50,1010.83,20.18
1,118,595382,2,51,61,2253,724,610,36,4,2,-1,-1,27.87,64.46,1010.86,19.88
1,119,600382,4,39,43,1698,480,287,38,4,4,-1,-1,27.87,64.44,1010.81,20.33
1,120,605382,1,32,39,1380,395,260,30,6,4,-1,-1,27.87,64.40,1010.73,21.00
1,121,610382,2,32,38,1395,416,261,28,6,2,-1,-1,27.87,64.37,1010.78,20.55
1,122,615382,4,35,42,1551,480,265,36,6,2,-1,-1,27.86,64.35,1010.78,20.62
1,123,620382,5,37,43,1686,507,271,42,6,0,-1,-1,27.87,64.33,1010.77,20.70
1,124,625382,5,42,50,1908,559,295,50,8,4,-1,-1,27.87,64.28,1010.73,21.00
1,125,630382,6,39,46,2004,580,276,46,6,4,-1,-1,27.87,64.24,1010.81,20.33
1,126,635382,7,40,52,2007,574,277,50,10,8,-1,-1,27.87,64.23,1010.79,20.48
1,127,640382,7,39,47,1947,568,265,48,8,8,-1,-1,27.88,64.22,1010.80,20.41
1,128,645382,7,36,40,1821,543,259,40,4,4,-1,-1,27.87,64.19,1010.77,20.70
1,129,650382,4,33,45,1662,484,261,50,12,10,-1,-1,27.88,64.15,1010.80,20.41
1,130,655382,5,34,45,1707,507,244,48,10,8,-1,-1,27.87,64.14,1010.74,20.92
1,131,660382,5,32,42,1686,492,232,40,10,2,-1,-1,27.88,64.11,1010.83,20.18
1,132,665382,2,40,54,1893,578,428,38,14,4,-1,-1,27.88,64.07,1010.80,20.41
1,133,670382,0,52,70,2289,745,709,40,14,4,-1,-1,27.88,64.08,1010.77,20.63
1,134,675382,0,56,70,2598,866,866,30,8,0,-1,-1,27.87,64.04,1010.82,20.26
1,135,680382,0,57,68,2295,765,765,32,6,2,-1,-1,27.88,64.03,1010.73,21.00
1,136,685382,0,46,57,1701,559,546,34,8,4,-1,-1,27.87,64.10,1010.77,20.70
1,137,690382,0,38,43,1464,476,445,26,4,2,-1,-1,27.88,63.97,1010.73,21.00
1,138,695382,1,33,37,1353,432,364,22,4,0,-1,-1,27.88,63.97,1010.78,20.56
1,139,700382,1,35,46,1458,454,343,28,10,2,-1,-1,27.88,63.95,1010.75,20.85
1,140,705382,2,32,48,1452,441,308,32,14,6,-1,-1,27.89,63.94,1010.77,20.71
1,141,710382,2,28,39,1359,405,262,30,10,6,-1,-1,27.88,63.92,1010.73,21.00
1,142,715382,4,29,39,1509,442,234,38,10,4,-1,-1,27.88,63.88,1010.73,21.00
1,143,720382,5,32,36,1716,490,229,36,4,2,-1,-1,27.89,63.88,1010.71,21.15
1,144,725382,7,36,41,1809,551,237,44,4,2,-1,-1,27.89,63.86,1010.77,20.71
1,145,730382,2,35,40,1449,451,267,36,4,2,-1,-1,27.90,63.83,1010.78,20.56
1,146,735382,2,36,52,1461,459,295,46,16,10,-1,-1,27.89,63.81,1010.83,20.19
1,147,740382,4,36,54,1539,492,303,52,18,14,-1,-1,27.89,63.80,1010.80,20.41
1,148,745382,2,37,56,1440,449,299,60,18,12,-1,-1,27.90,63.80,1010.86,19.90
1,149,750382,1,30,42,1245,365,248,44,14,2,-1,-1,27.90,63.64,1010.84,20.12
1,150,755382,2,28,33,1407,398,231,32,8,0,-1,-1,27.90,63.75,1010.84,20.05
1,151,760382,4,27,36,1620,440,210,32,8,6,-1,-1,27.90,63.73,1010.92,19.38
1,152,765382,2,27,43,1347,376,218,40,14,10,-1,-1,27.91,63.70,1010.88,19.75
1,153,770382,1,33,40,1356,394,262,36,8,6,-1,-1,27.89,63.69,1010.80,20.41
1,154,775382,4,33,36,1587,452,240,32,4,2,-1,-1,27.90,63.69,1010.76,20.72
1,155,780382,5,35,44,1767,495,248,40,10,6,-1,-1,27.91,63.65,1010.83,20.20
1,156,785382,4,38,49,1740,475,255,54,12,8,-1,-1,27.91,63.64,1010.84,20.13
1,157,790382,2,32,38,1491,408,246,38,6,4,-1,-1,27.91,63.61,1010.81,20.35
1,158,795382,4,35,43,1650,483,284,40,8,4,-1,-1,27.91,63.62,1010.81,20.35
1,159,800382,5,33,46,1524,485,244,38,12,8,-1,-1,27.91,63.59,1010.80,20.42
1,160,805382,2,27,37,1164,388,214,26,10,6,-1,-1,27.92,63.57,1010.79,20.50
1,161,810382,4,30,36,1302,418,233,28,6,2,-1,-1,27.92,63.59,1010.76,20.72
1,162,815382,2,35,43,1419,434,282,40,6,6,-1,-1,27.91,63.57,1010.78,20.57
1,163,820382,2,35,42,1377,418,263,44,6,4,-1,-1,27.92,63.56,1010.83,20.21
1,164,825382,2,31,35,1377,416,244,32,4,2,-1,-1,27.92,63.53,1010.84,20.05
1,165,830382,5,31,38,1611,490,244,32,8,2,-1,-1,27.93,63.52,1010.74,20.96
1,166,835382,7,35,46,1725,526,244,42,12,8,-1,-1,27.92,63.49,1010.74,20.88
1,167,840382,6,33,48,1731,527,235,48,16,8,-1,-1,27.92,63.49,1010.79,20.50
1,168,845382,8,35,49,1800,547,217,50,16,8,-1,-1,27.93,63.48,1010.78,20.58
1,169,850382,8,36,51,1902,582,229,50,14,8,-1,-1,27.93,63.47,1010.79,20.51
1,170,855382,8,37,46,1953,596,242,42,8,4,-1,-1,27.93,63.46,1010.86,19.91
1,171,860382,4,35,45,1554,468,269,36,8,6,-1,-1,27.93,63.42,1010.79,20.51
1,172,865382,2,36,48,1458,429,262,52,10,4,-1,-1,27.93,63.42,1010.81,20.36
1,173,870382,2,36,47,1527,443,265,56,10,0,-1,-1,27.94,63.30,1010.80,20.44
1,174,875382,5,40,50,1782,516,268,62,10,0,-1,-1,27.93,63.39,1010.82,20.29
1,175,880382,8,36,44,1959,552,232,46,8,0,-1,-1,27.93,63.38,1010.82,20.29
1,176,885382,4,32,41,1623,454,243,40,8,2,-1,-1,27.94,63.37,1010.83,20.14
1,177,890382,2,33,46,1446,417,265,48,12,8,-1,-1,27.95,63.35,1010.81,20.30
1,178,895382,2,28,44,1323,378,214,50,12,8,-1,-1,27.94,63.33,1010.86,19.92
1,179,900382,2,27,42,1359,368,197,50,14,6,-1,-1,27.94,63.33,1010.86,19.92
2,0,905382,4,34,44,2196,513,277,44,10,4,-1,-1,27.95,63.30,1010.88,19.78
2,1,910382,5,34,40,2229,544,264,26,6,4,-1,-1,27.94,63.28,1010.83,20.14
2,2,915382,4,29,42,1611,470,227,24,14,8,-1,-1,27.95,63.27,1010.80,20.45
2,3,920382,4,32,44,1590,465,249,40,12,6,-1,-1,27.94,63.26,1010.73,21.04
2,4,925382,4,32,43,1608,476,252,40,10,6,-1,-1,27.96,63.25,1010.86,19.93
2,5,930382,5,33,41,1692,507,246,36,6,6,-1,-1,27.95,63.24,1010.82,20.22
2,6,935382,7,36,43,1845,559,264,32,6,6,-1,-1,27.96,63.21,1010.87,19.86
2,7,940382,6,36,41,1890,566,259,34,4,4,-1,-1,27.96,63.22,1010.81,20.30
2,8,945382,7,37,49,1845,571,273,38,10,8,-1,-1,27.96,63.20,1010.81,20.30
2,9,950382,8,37,51,1902,584,271,42,12,8,-1,-1,27.95,63.23,1010.82,20.22
2,10,955382,8,32,49,1743,541,237,40,14,8,-1,-1,27.97,63.18,1010.90,19.56
2,11,960382,8,31,47,1773,547,215,42,14,6,-1,-1,27.97,63.18,1010.94,19.27
2,12,965382,8,32,37,1821,538,208,34,6,2,-1,-1,27.96,63.15,1010.81,20.30
2,13,970382,8,36,50,1884,577,239,52,14,6,-1,-1,27.96,63.13,1010.87,19.86
2,14,975382,8,37,50,1899,574,256,52,12,8,-1,-1,27.97,63.12,1010.85,20.01
2,15,980382,5,34,52,1599,499,240,48,16,12,-1,-1,27.98,63.11,1010.81,20.31
2,16,985382,2,26,40,1230,373,229,36,12,8,-1,-1,27.98,63.11,1010.85,20.02
2,17,990382,2,31,43,1455,441,260,40,10,6,-1,-1,27.97,63.09,1010.80,20.38
2,18,995382,4,33,46,1641,480,277,46,10,6,-1,-1,27.98,63.06,1010.81,20.31
2,19,1000382,6,36,38,1890,563,261,34,2,2,-1,-1,27.98,63.05,1010.82,20.24
2,20,1005382,8,37,43,1971,591,261,36,4,4,-1,-1,27.98,63.04,1010.85,20.02
2,21,1010382,6,34,44,1791,534,250,48,8,6,-1,-1,27.98,63.02,1010.93,19.35
2,22,1015382,5,33,47,1755,523,268,48,12,6,-1,-1,27.99,62.99,1010.83,20.17
2,23,1020382,2,33,44,1644,483,310,44,10,4,-1,-1,27.99,63.00,1010.86,19.94
2,24,1025382,2,30,39,1632,480,314,30,8,2,-1,-1,27.98,63.00,1010.81,20.31
2,25,1030382,2,30,37,1551,464,306,28,6,2,-1,-1,27.99,62.98,1010.86,19.94
2,26,1035382,2,29,36,1524,456,272,30,6,2,-1,-1,27.99,62.97,1010.87,19.87
2,27,1040382,2,33,43,1569,480,304,46,8,2,-1,-1,27.99,62.97,1010.83,20.17
2,28,1045382,2,42,51,1701,536,374,56,10,2,-1,-1,27.99,62.96,1010.81,20.32
2,29,1050382,0,43,51,1632,532,484,32,4,2,-1,-1,28.01,62.96,1010.86,19.88
2,30,1055382,0,47,53,1695,559,559,28,2,2,-1,-1,27.99,62.93,1010.83,20.17
2,31,1060382,0,46,53,1800,600,600,26,2,2,-1,-1,27.99,62.92,1010.89,19.65
2,32,1065382,0,44,53,1662,548,538,36,6,4,-1,-1,28.01,62.91,1010.94,19.21
2,33,1070382,0,46,61,1782,588,578,40,10,4,-1,-1,28.00,62.90,1010.86,19.95
2,34,1075382,0,51,63,1947,649,649,36,6,2,-1,-1,28.01,62.90,1010.81,20.32
2,35,1080382,0,49,61,1860,620,620,36,6,4,-1,-1,28.01,62.88,1010.76,20.77
2,36,1085382,0,46,57,1836,598,581,38,6,4,-1,-1,28.00,62.87,1010.79,20.47
2,37,1090382,0,44,57,1803,585,568,36,10,6,-1,-1,28.01,62.85,1010.87,19.81
2,38,1095382,0,44,54,1770,566,539,36,8,2,-1,-1,28.01,62.84,1010.86,19.88
2,39,1100382,4,47,58,1866,592,438,58,8,0,-1,-1,28.02,62.84,1010.91,19.51
2,40,1105382,4,46,58,1866,596,433,54,8,2,-1,-1,28.01,62.84,1010.82,20.25
2,41,1110382,2,45,57,1854,592,465,50,12,2,-1,-1,28.01,62.84,1010.82,20.25
2,42,1115382,0,44,62,1881,604,567,48,14,2,-1,-1,28.02,62.80,1010.89,19.66
2,43,1120382,0,49,68,2124,689,671,52,16,2,-1,-1,28.02,62.79,1010.83,20.18
2,44,1125382,0,46,56,1800,592,588,32,8,2,-1,-1,28.02,62.79,1010.81,20.33
2,45,1130382,0,41,47,1572,499,480,28,4,0,-1,-1,28.03,62.79,1010.90,19.59
2,46,1135382,0,38,42,1494,465,433,18,2,2,-1,-1,28.02,62.79,1010.81,20.33
2,47,1140382,0,42,51,1689,535,510,20,8,6,-1,-1,28.03,62.77,1010.82,20.26
2,48,1145382,0,49,63,2163,701,684,26,8,6,-1,-1,28.03,62.76,1010.88,19.74
2,49,1150382,0,55,74,2595,853,845,40,14,10,-1,-1,28.02,62.74,1010.80,20.40
2,50,1155382,0,62,84,3159,1053,1053,46,16,12,-1,-1,28.03,62.74,1010.85,19.97
2,51,1160382,0,63,82,3189,1063,1063,48,10,8,-1,-1,28.02,62.73,1010.78,20.55
2,52,1165382,0,62,76,2901,967,967,34,2,2,-1,-1,28.03,62.73,1010.77,20.63
2,53,1170382,0,58,73,2664,888,888,28,4,2,-1,-1,28.04,62.72,1010.82,20.27
2,54,1175382,0,60,74,2706,902,902,28,6,4,-1,-1,28.03,62.72,1010.83,20.19
2,55,1180382,0,60,73,2796,932,932,20,4,4,-1,-1,28.04,62.71,1010.78,20.56
2,56,1185382,0,61,74,2949,983,983,28,4,2,-1,-1,28.04,62.68,1010.78,20.56
2,57,1190382,0,61,76,2889,963,963,30,4,2,-1,-1,28.04,62.67,1010.84,20.05
2,58,1195382,0,60,73,2844,948,948,20,2,2,-1,-1,28.04,62.68,1010.82,20.27
2,59,1200382,0,60,70,2916,972,972,12,0,0,-1,-1,28.04,62.66,1010.82,20.27
2,60,1205382,0,63,78,3063,1021,1021,26,6,2,-1,-1,28.05,62.65,1010.80,20.42
2,61,1210382,0,61,77,3117,1039,1039,32,6,2,-1,-1,28.05,62.65,1010.83,20.20
2,62,1215382,0,61,77,3135,1045,1045,34,8,2,-1,-1,28.06,62.63,1010.79,20.50
2,63,1220382,0,62,76,3315,1105,1105,28,2,0,-1,-1,28.05,62.64,1010.80,20.42
2,64,1225382,0,73,89,4029,1343,1343,24,2,2,-1,-1,28.05,62.64,1010.81,20.35
2,65,1230382,0,72,88,4005,1335,1335,16,2,2,-1,-1,28.07,62.63,1010.78,20.58
2,66,1235382,0,70,85,4077,1359,1359,16,0,0,-1,-1,28.06,62.61,1010.82,20.28
2,67,1240382,0,70,85,4206,1402,1402,16,2,0,-1,-1,28.06,62.61,1010.80,20.43
2,68,1245382,0,72,89,4353,1451,1451,18,6,0,-1,-1,28.07,62.60,1010.86,19.91
2,69,1250382,0,72,91,4602,1534,1534,18,6,0,-1,-1,28.06,62.60,1010.84,20.05
2,70,1255382,0,75,92,4554,1518,1518,20,4,0,-1,-1,28.06,62.61,1010.83,20.21
2,71,1260382,0,73,91,4479,1493,1493,26,4,0,-1,-1,28.07,62.59,1010.83,20.13
2,72,1265382,0,72,89,4290,1430,1430,30,2,0,-1,-1,28.08,62.58,1010.80,20.44
2,73,1270382,0,71,86,4251,1417,1417,26,2,0,-1,-1,28.08,62.60,1010.85,19.99
2,74,1275382,0,71,87,4248,1416,1416,20,4,2,-1,-1,28.08,62.59,1010.85,19.99
2,75,1280382,0,71,88,4227,1409,1409,28,6,6,-1,-1,28.09,62.58,1010.87,19.85
2,76,1285382,0,70,89,4116,1372,1372,32,10,10,-1,-1,28.08,62.58,1010.81,20.36
2,77,1290382,0,70,90,4056,1352,1352,36,12,10,-1,-1,28.09,62.58,1010.82,20.29
2,78,1295382,0,69,88,3891,1297,1297,34,10,6,-1,-1,28.09,62.57,1010.79,20.51
2,79,1300382,0,67,86,3840,1280,1280,28,8,4,-1,-1,28.08,62.57,1010.75,20.81
2,80,1305382,0,67,82,3834,1278,1278,24,4,0,-1,-1,28.09,62.57,1010.73,20.96
2,81,1310382,0,67,81,3867,1289,1289,16,0,0,-1,-1,28.09,62.57,1010.87,19.85
2,82,1315382,0,73,91,4068,1356,1356,24,6,4,-1,-1,28.10,62.56,1010.89,19.70
2,83,1320382,0,76,95,4455,1485,1485,18,8,6,-1,-1,28.09,62.56,1010.80,20.44
2,84,1325382,0,74,91,4689,1563,1563,12,4,4,-1,-1,28.10,62.56,1010.87,19.85
2,85,1330382,0,77,95,4899,1633,1633,14,6,4,-1,-1,28.11,62.56,1010.77,20.67
2,86,1335382,0,78,96,4770,1590,1590,28,6,4,-1,-1,28.10,62.56,1010.84,20.08
2,87,1340382,0,81,100,4842,1614,1614,26,6,6,-1,-1,28.10,62.54,1010.79,20.52
2,88,1345382,0,81,98,5154,1718,1718,18,4,4,-1,-1,28.11,62.55,1010.85,20.00
2,89,1350382,0,86,98,5430,1810,1810,16,2,2,-1,-1,28.11,62.53,1010.82,20.23
2,90,1355382,0,87,99,5553,1851,1851,14,0,0,-1,-1,28.11,62.52,1010.91,19.49
2,91,1360382,0,92,103,5808,1936,1936,16,0,0,-1,-1,28.11,62.51,1010.86,19.93
2,92,1365382,0,96,105,6045,2015,2015,12,0,0,-1,-1,28.13,62.50,1010.93,19.34
2,93,1370382,0,99,106,6213,2071,2071,12,0,0,-1,-1,28.13,62.44,1010.93,19.34
2,94,1375382,0,101,106,6276,2092,2092,10,0,0,-1,-1,28.13,62.46,1010.91,19.49
2,95,1380382,0,99,106,6246,2082,2082,4,0,0,-1,-1,28.12,62.48,1010.87,19.86
2,96,1385382,0,99,106,6258,2086,2086,4,0,0,-1,-1,28.14,62.49,1010.87,19.87
2,97,1390382,0,99,105,6276,2092,2092,6,0,0,-1,-1,28.14,62.45,1010.89,19.65
2,98,1395382,0,98,106,6192,2064,2064,4,0,0,-1,-1,28.14,62.45,1010.82,20.24
2,99,1400382,0,97,106,6174,2058,2058,12,4,0,-1,-1,28.14,62.44,1010.87,19.80
2,100,1405382,0,95,105,6138,2046,2046,14,6,0,-1,-1,28.15,62.43,1010.80,20.39
2,101,1410382,0,96,107,6159,2053,2053,16,8,0,-1,-1,28.14,62.42,1010.87,19.80
2,102,1415382,0,97,107,6186,2062,2062,18,8,0,-1,-1,28.15,62.42,1010.87,19.88
2,103,1420382,0,97,106,6174,2058,2058,14,4,0,-1,-1,28.15,62.41,1010.84,20.10
2,104,1425382,0,98,105,6216,2072,2072,14,2,0,-1,-1,28.15,62.41,1010.84,20.10
2,105,1430382,0,97,106,6165,2055,2055,12,2,0,-1,-1,28.14,62.40,1010.82,20.24
2,106,1435382,0,98,105,6249,2083,2083,12,2,0,-1,-1,28.15,62.39,1010.84,20.10
2,107,1440382,0,99,106,6237,2079,2079,12,2,2,-1,-1,28.15,62.38,1010.88,19.72
2,108,1445382,0,99,108,6294,2098,2098,16,6,6,-1,-1,28.15,62.38,1010.81,20.32
2,109,1450382,0,99,109,6270,2090,2090,18,6,6,-1,-1,28.16,62.38,1010.88,19.74
2,110,1455382,0,97,106,6219,2073,2073,14,4,4,-1,-1,28.15,62.37,1010.89,19.65
2,111,1460382,0,99,107,6249,2083,2083,18,4,2,-1,-1,28.16,62.34,1010.93,19.36
2,112,1465382,0,97,107,6201,2067,2067,16,4,2,-1,-1,28.17,62.37,1010.81,20.33
2,113,1470382,0,97,107,6216,2072,2072,14,6,2,-1,-1,28.17,62.35,1010.86,19.89
2,114,1475382,0,98,108,6216,2072,2072,18,8,4,-1,-1,28.16,62.33,1010.91,19.51
2,115,1480382,0,97,107,6162,2054,2054,16,6,2,-1,-1,28.17,62.33,1010.93,19.37
2,116,1485382,0,97,107,6192,2064,2064,18,6,2,-1,-1,28.18,62.32,1010.92,19.44
2,117,1490382,0,99,109,6228,2076,2076,16,6,4,-1,-1,28.17,62.30,1010.90,19.59
2,118,1495382,0,100,108,6252,2084,2084,14,4,4,-1,-1,28.17,62.29,1010.90,19.59
2,119,1500382,0,100,108,6300,2100,2100,12,4,4,-1,-1,28.19,62.29,1010.93,19.37
2,120,1505382,0,99,107,6234,2078,2078,10,4,4,-1,-1,28.18,62.28,1010.92,19.44
2,121,1510382,0,99,106,6246,2082,2082,8,2,2,-1,-1,28.19,62.26,1010.90,19.60
2,122,1515382,0,99,106,6252,2084,2084,6,0,0,-1,-1,28.18,62.27,1010.84,20.11
2,123,1520382,0,97,105,6246,2082,2082,8,2,0,-1,-1,28.18,62.25,1010.86,19.89
2,124,1525382,0,99,107,6225,2075,2075,12,2,0,-1,-1,28.19,62.24,1010.79,20.49
2,125,1530382,0,97,105,6207,2069,2069,12,2,0,-1,-1,28.19,62.23,1010.80,20.42
2,126,1535382,0,99,106,6237,2079,2079,12,2,0,-1,-1,28.19,62.22,1010.85,19.97
2,127,1540382,0,100,105,6228,2076,2076,12,0,0,-1,-1,28.20,62.18,1010.84,20.05
2,128,1545382,0,97,106,6216,2072,2072,8,2,0,-1,-1,28.20,62.18,1010.89,19.67
2,129,1550382,0,97,105,6222,2074,2074,8,4,0,-1,-1,28.20,62.18,1010.81,20.34
2,130,1555382,0,96,106,6174,2058,2058,8,6,0,-1,-1,28.21,62.15,1010.89,19.68
2,131,1560382,0,94,105,6135,2045,2045,10,8,0,-1,-1,28.21,62.15,1010.85,19.98
2,132,1565382,1,86,102,5664,1882,1832,14,8,2,-1,-1,28.22,62.13,1010.90,19.61
2,133,1570382,8,58,75,3354,1058,767,36,12,6,-1,-1,28.21,62.13,1010.80,20.42
2,134,1575382,12,43,63,2283,657,248,52,20,14,-1,-1,28.22,62.13,1010.82,20.28
2,135,1580382,10,41,63,2409,683,289,56,20,18,-1,-1,28.22,62.13,1010.83,20.21
2,136,1585382,11,45,62,2367,690,292,66,14,8,-1,-1,28.23,62.11,1010.92,19.39
2,137,1590382,7,42,60,1884,564,280,72,16,6,-1,-1,28.22,62.09,1010.83,20.21
2,138,1595382,8,41,53,1947,583,246,64,12,6,-1,-1,28.23,62.10,1010.83,20.13
2,139,1600382,9,41,57,1956,590,242,68,14,14,-1,-1,28.22,62.09,1010.83,20.21
2,140,1605382,11,41,61,2043,623,238,76,20,14,-1,-1,28.23,62.08,1010.81,20.36
2,141,1610382,11,41,64,2157,659,249,76,22,14,-1,-1,28.22,62.03,1010.83,20.21
2,142,1615382,8,40,60,2046,605,274,60,18,8,-1,-1,28.23,62.03,1010.83,20.13
2,143,1620382,8,37,50,2016,585,261,46,12,4,-1,-1,28.24,62.03,1010.90,19.54
2,144,1625382,8,38,55,1998,603,256,60,18,6,-1,-1,28.23,62.02,1010.81,20.36
2,145,1630382,7,38,53,1857,554,257,58,14,6,-1,-1,28.23,62.03,1010.82,20.29
2,146,1635382,5,34,40,1608,489,247,32,4,2,-1,-1,28.24,62.01,1010.82,20.21
2,147,1640382,5,39,42,1917,598,384,20,2,2,-1,-1,28.22,62.00,1010.82,20.28
2,148,1645382,1,49,54,2265,747,676,12,0,0,-1,-1,28.21,62.00,1010.86,19.90
2,149,1650382,0,52,58,2328,776,776,8,0,0,-1,-1,28.23,61.99,1010.84,20.06
2,150,1655382,0,50,56,2439,813,813,6,0,0,-1,-1,28.23,62.00,1010.83,20.13
2,151,1660382,0,53,62,2700,892,846,6,0,0,-1,-1,28.23,61.98,1010.84,20.06
2,152,1665382,0,59,72,2898,958,912,28,2,0,-1,-1,28.22,61.95,1010.83,20.21
2,153,1670382,0,67,83,3690,1230,1230,24,2,0,-1,-1,28.24,61.99,1010.83,20.14
2,154,1675382,0,62,72,3228,1076,1076,2,0,0,-1,-1,28.23,61.97,1010.84,20.06
2,155,1680382,0,44,50,1860,616,586,10,4,2,-1,-1,28.24,61.95,1010.78,20.59
2,156,1685382,2,37,46,1473,465,313,42,8,6,-1,-1,28.24,61.93,1010.86,19.92
2,157,1690382,5,41,50,1710,523,305,62,8,4,-1,-1,28.25,61.91,1010.82,20.22
2,158,1695382,8,39,52,2031,597,295,52,12,4,-1,-1,28.26,61.91,1010.86,19.93
2,159,1700382,11,41,53,2148,630,258,60,14,2,-1,-1,28.25,61.89,1010.88,19.77
2,160,1705382,12,42,52,2391,704,269,52,10,0,-1,-1,28.25,61.87,1010.88,19.77
2,161,1710382,13,41,51,2412,718,257,46,10,0,-1,-1,28.25,61.89,1010.87,19.85
2,162,1715382,12,44,61,2424,727,271,62,16,2,-1,-1,28.26,61.87,1010.83,20.15
2,163,1720382,8,41,57,2007,572,253,60,16,4,-1,-1,28.26,61.86,1010.91,19.48
2,164,1725382,4,34,45,1593,439,261,44,10,6,-1,-1,28.26,61.86,1010.89,19.63
2,165,1730382,5,33,46,1647,471,255,46,12,10,-1,-1,28.26,61.86,1010.89,19.70
2,166,1735382,8,34,48,1821,548,228,42,14,6,-1,-1,28.27,61.83,1010.90,19.56
2,167,1740382,7,32,50,1725,511,228,46,16,6,-1,-1,28.27,61.83,1010.90,19.56
2,168,1745382,9,37,52,1944,584,249,54,14,8,-1,-1,28.26,61.81,1010.86,19.93
2,169,1750382,9,39,55,1980,600,247,56,16,12,-1,-1,28.26,61.80,1010.84,20.08
2,170,1755382,12,39,56,2145,644,235,58,16,10,-1,-1,28.27,61.82,1010.82,20.23
2,171,1760382,11,42,57,2187,636,261,58,12,8,-1,-1,28.27,61.76,1010.82,20.23
2,172,1765382,5,43,53,1917,545,304,56,6,4,-1,-1,28.26,61.78,1010.84,20.08
2,173,1770382,5,39,46,1722,500,274,50,6,2,-1,-1,28.27,61.78,1010.86,19.94
2,174,1775382,7,34,37,1659,475,203,40,4,0,-1,-1,28.28,61.77,1010.96,19.12
2,175,1780382,10,38,45,2142,600,207,50,8,4,-1,-1,28.28,61.74,1010.87,19.79
2,176,1785382,10,41,57,2322,676,239,62,16,12,-1,-1,28.27,61.74,1010.86,19.94
2,177,1790382,7,31,53,1755,522,209,48,20,14,-1,-1,28.27,61.73,1010.83,20.16
2,178,1795382,5,34,51,1695,499,231,48,18,6,-1,-1,28.29,61.74,1010.84,20.09
2,179,1800382,8,35,53,1992,582,268,48,18,2,-1,-1,28.28,61.77,1010.96,19.12
block_id,sample_idx,uptime_ms,pms_pm1,pms_pm25,pms_pm10,pms_n0_3,pms_n0_5,pms_n1_0,pms_n2_5,pms_n5_0,pms_n10,sds_pm25,sds_pm10,temp_c,hum_pct,press_hpa,alt_m
1,0,5382,-1,-1,-1,-1,-1,-1,-1,-1,-1,-1,-1,27.12,75.65,1012.72,4.40
1,1,10382,-1,-1,-1,-1,-1,-1,-1,-1,-1,-1,-1,27.14,75.50,1012.73,4.34
1,2,15382,-1,-1,-1,-1,-1,-1,-1,-1,-1,-1,-1,27.15,75.55,1012.63,5.15
1,3,20382,7,66,78,3486,1162,1162,0,0,0,-1,-1,27.16,75.50,1012.68,4.79
1,4,25382,1,66,76,3354,1118,1118,0,0,0,-1,-1,27.18,75.43,1012.74,4.28
1,5,30382,0,72,87,3984,1328,1328,2,2,0,-1,-1,27.19,75.39,1012.65,5.02
1,6,35382,0,84,100,5010,1670,1670,2,2,0,-1,-1,27.19,75.34,1012.59,5.47
1,7,40382,0,84,100,5028,1676,1676,2,2,0,-1,-1,27.20,75.31,1012.66,4.88
1,8,45382,0,72,85,3825,1275,1275,2,2,0,-1,-1,27.21,75.25,1012.69,4.66
1,9,50382,0,52,58,2247,749,749,0,0,0,-1,-1,27.22,75.21,1012.62,5.26
1,10,55382,0,25,25,1005,335,335,0,0,0,-1,-1,27.22,75.17,1012.60,5.41
1,11,60382,0,4,4,222,72,72,0,0,0,-1,-1,27.23,75.13,1012.64,5.11
1,12,65382,0,0,0,6,0,0,0,0,0,-1,-1,27.24,75.09,1012.74,4.23
1,13,70382,0,0,0,12,0,0,0,0,0,-1,-1,27.25,75.03,1012.62,5.27
1,14,75382,0,0,0,6,0,0,0,0,0,-1,-1,27.25,75.03,1012.62,5.27
1,15,80382,0,0,0,6,0,0,0,0,0,-1,-1,27.24,74.97,1012.63,5.12
1,16,85382,0,0,0,18,0,0,0,0,0,-1,-1,27.26,74.92,1012.67,4.84
1,17,90382,0,0,0,42,0,0,0,0,0,-1,-1,27.27,74.89,1012.65,4.99
1,18,95382,0,0,0,54,0,0,0,0,0,-1,-1,27.26,74.85,1012.72,4.39
1,19,100382,0,0,0,48,0,0,0,0,0,-1,-1,27.27,74.81,1012.63,5.13
1,20,105382,0,0,0,24,0,0,0,0,0,-1,-1,27.27,74.78,1012.62,5.21
1,21,110382,0,0,0,12,0,0,0,0,0,-1,-1,27.28,74.76,1012.60,5.44
1,22,115382,0,0,0,12,0,0,0,0,0,-1,-1,27.30,74.71,1012.71,4.48
1,23,120382,0,0,0,0,0,0,0,0,0,-1,-1,27.29,74.66,1012.61,5.36
1,24,125382,0,0,0,0,0,0,0,0,0,-1,-1,27.29,74.62,1012.61,5.36
1,25,130382,0,0,0,0,0,0,0,0,0,-1,-1,27.30,74.60,1012.68,4.77
1,26,135382,0,0,0,0,0,0,0,0,0,-1,-1,27.32,74.55,1012.68,4.71
1,27,140382,0,0,0,12,0,0,0,0,0,-1,-1,27.31,74.54,1012.69,4.63
1,28,145382,0,0,0,12,0,0,0,0,0,-1,-1,27.32,74.51,1012.66,4.93
1,29,150382,0,0,0,12,0,0,0,0,0,-1,-1,27.31,74.49,1012.69,4.63
1,30,155382,0,0,0,6,0,0,0,0,0,-1,-1,27.31,74.43,1012.68,4.78
1,31,160382,0,0,0,0,0,0,0,0,0,-1,-1,27.33,74.40,1012.71,4.49
1,32,165382,0,0,0,18,0,0,0,0,0,-1,-1,27.32,74.36,1012.67,4.86
1,33,170382,0,0,0,24,0,0,0,0,0,-1,-1,27.33,74.34,1012.68,4.72
1,34,175382,0,0,0,36,0,0,0,0,0,-1,-1,27.33,74.33,1012.68,4.72
1,35,180382,0,0,0,36,0,0,0,0,0,-1,-1,27.34,74.28,1012.70,4.57
1,36,185382,0,0,0,18,0,0,0,0,0,-1,-1,27.35,74.26,1012.68,4.73
1,37,190382,0,0,0,18,0,0,0,0,0,-1,-1,27.35,74.21,1012.69,4.65
1,38,195382,0,0,0,6,0,0,0,0,0,-1,-1,27.36,74.17,1012.68,4.73
1,39,200382,0,0,0,0,0,0,0,0,0,-1,-1,27.36,74.16,1012.62,5.25
1,40,205382,0,0,0,12,0,0,0,0,0,-1,-1,27.37,74.15,1012.75,4.15
1,41,210382,0,0,0,12,0,0,0,0,0,-1,-1,27.37,74.11,1012.67,4.81
1,42,215382,0,0,0,12,0,0,0,0,0,-1,-1,27.37,74.19,1012.65,5.03
1,43,220382,0,0,0,0,0,0,0,0,0,-1,-1,27.38,74.05,1012.65,4.96
1,44,225382,0,0,0,0,0,0,0,0,0,-1,-1,27.38,74.05,1012.63,5.18
1,45,230382,0,0,0,0,0,0,0,0,0,-1,-1,27.39,74.01,1012.64,5.04
1,46,235382,0,0,0,12,0,0,0,0,0,-1,-1,27.40,73.99,1012.61,5.34
1,47,240382,0,0,0,12,0,0,0,0,0,-1,-1,27.39,73.98,1012.70,4.59
1,48,245382,0,0,0,18,0,0,0,0,0,-1,-1,27.39,73.96,1012.63,5.19
1,49,250382,0,0,0,6,0,0,0,0,0,-1,-1,27.40,73.93,1012.62,5.27
1,50,255382,0,0,0,6,0,0,0,0,0,-1,-1,27.40,73.89,1012.62,5.27
1,51,260382,0,0,0,0,0,0,0,0,0,-1,-1,27.41,73.87,1012.65,4.98
1,52,265382,0,0,0,0,0,0,0,0,0,-1,-1,27.42,73.87,1012.63,5.13
1,53,270382,0,0,0,0,0,0,0,0,0,-1,-1,27.42,73.85,1012.66,4.90
1,54,275382,0,0,0,0,0,0,0,0,0,-1,-1,27.43,73.82,1012.65,4.98
1,55,280382,0,0,0,0,0,0,0,0,0,-1,-1,27.43,73.80,1012.63,5.13
1,56,285382,0,0,0,0,0,0,0,0,0,-1,-1,27.44,73.77,1012.62,5.28
1,57,290382,0,0,0,24,0,0,0,0,0,-1,-1,27.44,73.75,1012.51,6.17
1,58,295382,0,0,0,30,0,0,0,0,0,-1,-1,27.43,73.74,1012.58,5.58
1,59,300382,0,0,0,30,0,0,0,0,0,-1,-1,27.45,73.71,1012.61,5.36
1,60,305382,0,0,0,6,0,0,0,0,0,-1,-1,27.45,73.70,1012.56,5.73
1,61,310382,0,0,0,6,0,0,0,0,0,-1,-1,27.45,73.70,1012.56,5.73
1,62,315382,0,0,0,0,0,0,0,0,0,-1,-1,27.46,73.64,1012.62,5.22
1,63,320382,0,0,0,0,0,0,0,0,0,-1,-1,27.46,73.62,1012.62,5.22
1,64,325382,0,0,0,6,0,0,0,0,0,-1,-1,27.46,73.62,1012.55,5.82
1,65,330382,0,0,0,6,0,0,0,0,0,-1,-1,27.47,73.58,1012.61,5.30
1,66,335382,0,0,0,6,0,0,0,0,0,-1,-1,27.47,73.57,1012.60,5.45
1,67,340382,0,0,0,6,0,0,0,0,0,-1,-1,27.46,73.56,1012.58,5.59
1,68,345382,0,0,0,0,0,0,0,0,0,-1,-1,27.47,73.52,1012.54,5.89
1,69,350382,0,0,0,0,0,0,0,0,0,-1,-1,27.48,73.53,1012.56,5.75
1,70,355382,0,0,0,0,0,0,0,0,0,-1,-1,27.49,73.49,1012.59,5.46
1,71,360382,0,0,0,0,0,0,0,0,0,-1,-1,27.48,73.49,1012.64,5.08
1,72,365382,0,0,0,0,0,0,0,0,0,-1,-1,27.49,73.46,1012.57,5.68
1,73,370382,0,0,0,0,0,0,0,0,0,-1,-1,27.49,73.46,1012.54,5.90
1,74,375382,0,0,0,0,0,0,0,0,0,-1,-1,27.49,73.42,1012.52,6.05
1,75,380382,0,0,0,0,0,0,0,0,0,-1,-1,27.50,73.41,1012.51,6.13
1,76,385382,0,0,0,0,0,0,0,0,0,-1,-1,27.50,73.39,1012.54,5.91
1,77,390382,0,0,0,6,0,0,0,0,0,-1,-1,27.51,73.40,1012.55,5.83
1,78,395382,0,0,0,6,0,0,0,0,0,-1,-1,27.51,73.36,1012.56,5.76
1,79,400382,0,0,0,18,0,0,0,0,0,-1,-1,27.52,73.33,1012.57,5.69
1,80,405382,0,0,0,18,0,0,0,0,0,-1,-1,27.52,73.29,1012.54,5.91
1,81,410382,0,0,0,12,0,0,0,0,0,-1,-1,27.52,73.27,1012.60,5.40
1,82,415382,0,0,0,18,0,0,0,0,0,-1,-1,27.53,73.25,1012.56,5.77
1,83,420382,0,0,0,18,0,0,0,0,0,-1,-1,27.52,73.23,1012.55,5.84
1,84,425382,0,0,0,18,0,0,0,0,0,-1,-1,27.53,73.22,1012.61,5.32
1,85,430382,0,0,0,18,0,0,0,0,0,-1,-1,27.54,73.20,1012.64,5.11
1,86,435382,0,0,0,12,0,0,0,0,0,-1,-1,27.54,73.16,1012.57,5.63
1,87,440382,0,0,0,0,0,0,0,0,0,-1,-1,27.53,73.15,1012.57,5.70
1,88,445382,0,0,0,0,0,0,0,0,0,-1,-1,27.54,73.12,1012.55,5.85
1,89,450382,0,0,0,0,0,0,0,0,0,-1,-1,27.54,73.09,1012.56,5.78
1,90,455382,0,0,0,0,0,0,0,0,0,-1,-1,27.55,73.07,1012.52,6.07
1,91,460382,0,0,0,0,0,0,0,0,0,-1,-1,27.55,73.05,1012.57,5.63
1,92,465382,0,0,0,0,0,0,0,0,0,-1,-1,27.55,73.04,1012.51,6.15
1,93,470382,0,0,0,0,0,0,0,0,0,-1,-1,27.55,73.01,1012.52,6.07
1,94,475382,0,0,0,12,0,0,0,0,0,-1,-1,27.55,73.01,1012.52,6.07
1,95,480382,0,0,0,12,0,0,0,0,0,-1,-1,27.56,72.97,1012.54,5.93
1,96,485382,0,0,0,12,0,0,0,0,0,-1,-1,27.57,72.96,1012.55,5.86
1,97,490382,0,0,0,0,0,0,0,0,0,-1,-1,27.56,72.95,1012.56,5.71
1,98,495382,0,0,0,0,0,0,0,0,0,-1,-1,27.58,72.90,1012.54,5.94
1,99,500382,0,0,0,0,0,0,0,0,0,-1,-1,27.58,72.88,1012.48,6.39
1,100,505382,0,0,0,0,0,0,0,0,0,-1,-1,27.58,72.87,1012.49,6.32
1,101,510382,0,0,0,0,0,0,0,0,0,-1,-1,27.58,72.84,1012.52,6.09
1,102,515382,0,0,0,0,0,0,0,0,0,-1,-1,27.60,72.85,1012.49,6.32
1,103,520382,0,0,0,0,0,0,0,0,0,-1,-1,27.60,72.84,1012.52,6.10
1,104,525382,0,0,0,0,0,0,0,0,0,-1,-1,27.60,72.80,1012.49,6.32
1,105,530382,0,0,0,0,0,0,0,0,0,-1,-1,27.61,72.79,1012.54,5.95
1,106,535382,0,0,0,0,0,0,0,0,0,-1,-1,27.61,72.74,1012.52,6.10
1,107,540382,0,0,0,0,0,0,0,0,0,-1,-1,27.61,72.72,1012.54,5.88
1,108,545382,0,0,0,0,0,0,0,0,0,-1,-1,27.60,72.73,1012.47,6.47
1,109,550382,0,0,0,0,0,0,0,0,0,-1,-1,27.61,72.69,1012.49,6.33
1,110,555382,0,0,0,6,0,0,0,0,0,-1,-1,27.62,72.67,1012.50,6.25
1,111,560382,0,0,0,6,0,0,0,0,0,-1,-1,27.62,72.63,1012.45,6.63
1,112,565382,0,0,0,30,0,0,0,0,0,-1,-1,27.63,72.62,1012.49,6.33
1,113,570382,0,0,0,30,0,0,0,0,0,-1,-1,27.63,72.59,1012.52,6.11
1,114,575382,0,0,0,24,0,0,0,0,0,-1,-1,27.64,72.58,1012.45,6.63
1,115,580382,0,0,0,18,0,0,0,0,0,-1,-1,27.64,72.55,1012.54,5.89
1,116,585382,0,0,0,6,0,0,0,0,0,-1,-1,27.64,72.55,1012.51,6.19
1,117,590382,0,0,0,6,0,0,0,0,0,-1,-1,27.65,72.52,1012.45,6.64
1,118,595382,0,0,0,0,0,0,0,0,0,-1,-1,27.66,72.51,1012.51,6.12
1,119,600382,0,0,0,6,0,0,0,0,0,-1,-1,27.66,72.47,1012.51,6.12
1,120,605382,0,0,0,6,0,0,0,0,0,-1,-1,27.66,72.46,1012.52,6.05
1,121,610382,0,0,0,6,0,0,0,0,0,-1,-1,27.66,72.42,1012.55,5.83
1,122,615382,0,0,0,0,0,0,0,0,0,-1,-1,27.66,72.44,1012.47,6.50
1,123,620382,0,0,0,0,0,0,0,0,0,-1,-1,27.67,72.40,1012.46,6.58
1,124,625382,0,0,0,0,0,0,0,0,0,-1,-1,27.68,72.40,1012.52,6.06
1,125,630382,0,0,0,0,0,0,0,0,0,-1,-1,27.68,72.37,1012.44,6.73
1,126,635382,0,0,0,0,0,0,0,0,0,-1,-1,27.64,72.42,1012.51,6.19
1,127,640382,0,0,0,0,0,0,0,0,0,-1,-1,27.60,72.46,1012.45,6.69
1,128,645382,0,0,0,12,0,0,0,0,0,-1,-1,27.57,72.50,1012.47,6.46
1,129,650382,0,0,0,12,0,0,0,0,0,-1,-1,27.56,72.52,1012.48,6.45
1,130,655382,0,0,0,18,0,0,0,0,0,-1,-1,27.55,72.57,1012.41,6.97
1,131,660382,0,0,0,6,0,0,0,0,0,-1,-1,27.53,72.58,1012.41,7.03
1,132,665382,0,0,0,12,0,0,0,0,0,-1,-1,27.53,72.58,1012.46,6.59
1,133,670382,0,0,0,6,0,0,0,0,0,-1,-1,27.53,72.56,1012.46,6.59
1,134,675382,0,0,0,6,0,0,0,0,0,-1,-1,27.52,72.55,1012.41,6.95
1,135,680382,0,0,0,6,0,0,0,0,0,-1,-1,27.52,72.49,1012.46,6.58
1,136,685382,0,0,0,6,0,0,0,0,0,-1,-1,27.51,72.43,1012.50,6.28
1,137,690382,0,0,0,6,0,0,0,0,0,-1,-1,27.51,72.34,1012.39,7.17
1,138,695382,0,0,0,6,0,0,0,0,0,-1,-1,27.50,72.27,1012.41,7.02
1,139,700382,0,0,0,6,0,0,0,0,0,-1,-1,27.50,72.17,1012.43,6.80
1,140,705382,0,0,0,6,0,0,0,0,0,-1,-1,27.50,72.05,1012.43,6.80
1,141,710382,0,0,0,0,0,0,0,0,0,-1,-1,27.50,71.95,1012.49,6.35
1,142,715382,0,0,0,0,0,0,0,0,0,-1,-1,27.50,71.81,1012.45,6.65
1,143,720382,0,0,0,12,0,0,0,0,0,-1,-1,27.50,71.67,1012.41,7.02
1,144,725382,0,0,0,12,0,0,0,0,0,-1,-1,27.50,71.54,1012.45,6.65
1,145,730382,0,0,0,12,0,0,0,0,0,-1,-1,27.51,71.38,1012.47,6.50
1,146,735382,0,0,0,6,0,0,0,0,0,-1,-1,27.51,71.20,1012.42,6.95
1,147,740382,0,0,0,0,0,0,0,0,0,-1,-1,27.50,71.04,1012.41,7.02
1,148,745382,0,0,0,0,0,0,0,0,0,-1,-1,27.50,70.86,1012.41,7.02
1,149,750382,0,0,0,0,0,0,0,0,0,-1,-1,27.50,70.67,1012.40,7.09
1,150,755382,0,0,0,0,0,0,0,0,0,-1,-1,27.50,70.48,1012.45,6.65
1,151,760382,0,0,0,0,0,0,0,0,0,-1,-1,27.51,70.30,1012.48,6.43
1,152,765382,0,0,0,0,0,0,0,0,0,-1,-1,27.51,70.11,1012.44,6.72
1,153,770382,0,0,0,0,0,0,0,0,0,-1,-1,27.51,69.93,1012.42,6.95
1,154,775382,0,0,0,6,0,0,0,0,0,-1,-1,27.51,69.73,1012.44,6.72
1,155,780382,0,0,0,6,0,0,0,0,0,-1,-1,27.51,69.54,1012.40,7.10
1,156,785382,0,0,0,12,0,0,0,0,0,-1,-1,27.52,69.35,1012.44,6.73
1,157,790382,0,0,0,6,0,0,0,0,0,-1,-1,27.52,69.15,1012.47,6.51
1,158,795382,0,0,0,6,0,0,0,0,0,-1,-1,27.52,68.95,1012.50,6.29
1,159,800382,0,0,0,6,0,0,0,0,0,-1,-1,27.52,68.75,1012.44,6.73
1,160,805382,0,0,0,0,0,0,0,0,0,-1,-1,27.53,68.55,1012.43,6.81
1,161,810382,0,0,0,12,0,0,0,0,0,-1,-1,27.53,68.34,1012.34,7.55
1,162,815382,0,0,0,12,0,0,0,0,0,-1,-1,27.53,68.25,1012.43,6.81
1,163,820382,0,0,0,12,0,0,0,0,0,-1,-1,27.53,68.00,1012.38,7.26
1,164,825382,0,0,0,12,0,0,0,0,0,-1,-1,27.54,67.78,1012.37,7.33
1,165,830382,0,0,0,0,0,0,0,0,0,-1,-1,27.55,67.58,1012.35,7.48
1,166,835382,0,0,0,0,0,0,0,0,0,-1,-1,27.55,67.42,1012.35,7.48
1,167,840382,0,0,0,0,0,0,0,0,0,-1,-1,27.55,67.24,1012.41,6.97
1,168,845382,0,0,0,0,0,0,0,0,0,-1,-1,27.57,67.08,1012.41,6.97
1,169,850382,0,0,0,12,0,0,0,0,0,-1,-1,27.56,66.89,1012.35,7.49
1,170,855382,0,0,0,12,0,0,0,0,0,-1,-1,27.56,66.73,1012.32,7.71
1,171,860382,0,0,0,12,0,0,0,0,0,-1,-1,27.57,66.56,1012.34,7.57
1,172,865382,0,0,0,0,0,0,0,0,0,-1,-1,27.57,66.41,1012.33,7.64
1,173,870382,0,0,0,0,0,0,0,0,0,-1,-1,27.58,66.27,1012.33,7.65
1,174,875382,0,0,0,0,0,0,0,0,0,-1,-1,27.59,66.07,1012.39,7.13
1,175,880382,0,0,0,0,0,0,0,0,0,-1,-1,27.59,65.93,1012.39,7.13
1,176,885382,0,0,0,0,0,0,0,0,0,-1,-1,27.60,65.77,1012.41,6.99
1,177,890382,0,0,0,0,0,0,0,0,0,-1,-1,27.60,65.62,1012.37,7.36
1,178,895382,0,0,0,6,0,0,0,0,0,-1,-1,27.61,65.48,1012.36,7.44
1,179,900382,0,0,0,6,0,0,0,0,0,-1,-1,27.60,65.34,1012.29,8.03
2,0,905382,0,0,0,18,0,0,0,0,0,-1,-1,27.61,65.21,1012.30,7.88
2,1,910382,0,0,0,12,0,0,0,0,0,-1,-1,27.62,65.08,1012.29,7.96
2,2,915382,0,0,0,24,0,0,0,0,0,-1,-1,27.63,64.94,1012.36,7.45
2,3,920382,0,0,0,12,0,0,0,0,0,-1,-1,27.64,64.81,1012.32,7.75
2,4,925382,0,0,0,12,0,0,0,0,0,-1,-1,27.64,64.67,1012.35,7.53
2,5,930382,0,0,0,12,0,0,0,0,0,-1,-1,27.65,64.57,1012.36,7.38
2,6,935382,0,0,0,6,0,0,0,0,0,-1,-1,27.65,64.43,1012.37,7.31
2,7,940382,0,0,0,6,0,0,0,0,0,-1,-1,27.66,64.32,1012.35,7.46
2,8,945382,0,0,0,6,0,0,0,0,0,-1,-1,27.66,64.20,1012.28,8.06
2,9,950382,0,0,0,0,0,0,0,0,0,-1,-1,27.67,64.10,1012.40,7.09
2,10,955382,0,0,0,0,0,0,0,0,0,-1,-1,27.67,63.99,1012.33,7.69
2,11,960382,0,0,0,0,0,0,0,0,0,-1,-1,27.68,63.89,1012.26,8.28
2,12,965382,0,0,0,0,0,0,0,0,0,-1,-1,27.69,63.80,1012.38,7.25
2,13,970382,0,0,0,0,0,0,0,0,0,-1,-1,27.69,63.70,1012.25,8.29
2,14,975382,0,0,0,0,0,0,0,0,0,-1,-1,27.69,63.60,1012.31,7.85
2,15,980382,0,0,0,0,0,0,0,0,0,-1,-1,27.71,63.52,1012.33,7.63
2,16,985382,0,0,0,0,0,0,0,0,0,-1,-1,27.71,63.43,1012.32,7.78
2,17,990382,0,0,0,0,0,0,0,0,0,-1,-1,27.72,63.33,1012.36,7.42
2,18,995382,0,0,0,0,0,0,0,0,0,-1,-1,27.74,63.25,1012.39,7.20
2,19,1000382,0,0,0,0,0,0,0,0,0,-1,-1,27.73,63.19,1012.30,7.94
2,20,1005382,0,0,0,0,0,0,0,0,0,-1,-1,27.75,63.10,1012.38,7.28
2,21,1010382,0,0,0,0,0,0,0,0,0,-1,-1,27.76,63.01,1012.39,7.14
2,22,1015382,0,0,0,0,0,0,0,0,0,-1,-1,27.77,62.94,1012.35,7.51
2,23,1020382,0,0,0,0,0,0,0,0,0,-1,-1,27.77,62.87,1012.35,7.51
2,24,1025382,0,0,0,0,0,0,0,0,0,-1,-1,27.77,62.80,1012.36,7.44
2,25,1030382,0,0,0,0,0,0,0,0,0,-1,-1,27.78,62.73,1012.40,7.07
2,26,1035382,0,0,0,0,0,0,0,0,0,-1,-1,27.78,62.66,1012.32,7.74
2,27,1040382,0,0,0,0,0,0,0,0,0,-1,-1,27.80,62.59,1012.35,7.53
2,28,1045382,0,0,0,0,0,0,0,0,0,-1,-1,27.79,62.55,1012.42,6.93
2,29,1050382,0,0,0,0,0,0,0,0,0,-1,-1,27.81,62.46,1012.36,7.38
2,30,1055382,0,0,0,0,0,0,0,0,0,-1,-1,27.82,62.43,1012.35,7.46
2,31,1060382,0,0,0,6,0,0,0,0,0,-1,-1,27.82,62.33,1012.35,7.46
2,32,1065382,0,0,0,6,0,0,0,0,0,-1,-1,27.83,62.29,1012.37,7.32
2,33,1070382,0,0,0,6,0,0,0,0,0,-1,-1,27.83,62.26,1012.30,7.91
2,34,1075382,0,0,0,6,0,0,0,0,0,-1,-1,27.84,62.19,1012.28,8.06
2,35,1080382,0,0,0,0,0,0,0,0,0,-1,-1,27.84,62.15,1012.37,7.32
2,36,1085382,0,0,0,0,0,0,0,0,0,-1,-1,27.85,62.10,1012.30,7.92
2,37,1090382,0,0,0,6,0,0,0,0,0,-1,-1,27.86,62.06,1012.29,8.00
2,38,1095382,0,0,0,6,0,0,0,0,0,-1,-1,27.87,62.02,1012.39,7.19
2,39,1100382,0,0,0,6,0,0,0,0,0,-1,-1,27.87,61.96,1012.31,7.86
2,40,1105382,0,0,0,6,0,0,0,0,0,-1,-1,27.88,61.92,1012.35,7.49
2,41,1110382,0,0,0,0,0,0,0,0,0,-1,-1,27.88,61.88,1012.32,7.71
2,42,1115382,0,0,0,0,0,0,0,0,0,-1,-1,27.89,61.84,1012.32,7.72
2,43,1120382,0,0,0,12,0,0,0,0,0,-1,-1,27.89,61.80,1012.35,7.50
2,44,1125382,0,0,0,12,0,0,0,0,0,-1,-1,27.91,61.78,1012.32,7.73
2,45,1130382,0,0,0,12,0,0,0,0,0,-1,-1,27.91,61.73,1012.33,7.65
2,46,1135382,0,0,0,12,0,0,0,0,0,-1,-1,27.91,61.69,1012.32,7.73
2,47,1140382,0,0,0,6,0,0,0,0,0,-1,-1,27.92,61.65,1012.29,8.03
2,48,1145382,0,0,0,6,0,0,0,0,0,-1,-1,27.93,61.62,1012.30,7.89
2,49,1150382,0,0,0,6,0,0,0,0,0,-1,-1,27.94,61.58,1012.35,7.52
2,50,1155382,0,0,0,6,0,0,0,0,0,-1,-1,27.95,61.56,1012.35,7.53
2,51,1160382,0,0,0,6,0,0,0,0,0,-1,-1,27.96,61.51,1012.35,7.45
2,52,1165382,0,0,0,6,0,0,0,0,0,-1,-1,27.96,61.50,1012.22,8.57
2,53,1170382,0,0,0,6,0,0,0,0,0,-1,-1,27.96,61.46,1012.36,7.38
2,54,1175382,0,0,0,12,0,0,0,0,0,-1,-1,27.97,61.42,1012.21,8.65
2,55,1180382,0,0,0,18,0,0,0,0,0,-1,-1,27.98,61.21,1012.34,7.54
2,56,1185382,0,0,0,18,0,0,0,0,0,-1,-1,27.99,61.37,1012.33,7.69
2,57,1190382,0,0,0,12,0,0,0,0,0,-1,-1,27.99,61.36,1012.33,7.69
2,58,1195382,0,0,0,0,0,0,0,0,0,-1,-1,27.99,61.31,1012.34,7.62
2,59,1200382,0,0,0,0,0,0,0,0,0,-1,-1,28.00,61.29,1012.25,8.37
2,60,1205382,0,0,0,0,0,0,0,0,0,-1,-1,28.01,61.27,1012.40,7.11
2,61,1210382,0,0,0,0,0,0,0,0,0,-1,-1,28.02,61.24,1012.30,7.93
2,62,1215382,0,0,0,0,0,0,0,0,0,-1,-1,28.02,61.23,1012.35,7.48
2,63,1220382,0,0,0,12,0,0,0,0,0,-1,-1,28.03,61.23,1012.34,7.56
2,64,1225382,0,0,0,12,0,0,0,0,0,-1,-1,28.03,61.21,1012.32,7.78
2,65,1230382,0,0,0,12,0,0,0,0,0,-1,-1,28.05,61.17,1012.27,8.17
2,66,1235382,0,0,0,6,0,0,0,0,0,-1,-1,28.05,61.16,1012.22,8.61
2,67,1240382,0,0,0,0,0,0,0,0,0,-1,-1,28.05,61.14,1012.19,8.84
2,68,1245382,0,0,0,6,0,0,0,0,0,-1,-1,28.05,61.13,1012.22,8.54
2,69,1250382,0,0,0,12,0,0,0,0,0,-1,-1,28.06,61.12,1012.26,8.25
2,70,1255382,0,0,0,18,0,0,0,0,0,-1,-1,28.06,61.11,1012.23,8.47
2,71,1260382,0,0,0,18,0,0,0,0,0,-1,-1,28.08,61.08,1012.27,8.18
2,72,1265382,0,0,0,12,0,0,0,0,0,-1,-1,28.08,61.08,1012.19,8.85
2,73,1270382,0,0,0,6,0,0,0,0,0,-1,-1,28.09,61.06,1012.23,8.48
2,74,1275382,0,0,0,0,0,0,0,0,0,-1,-1,28.09,61.04,1012.15,9.15
2,75,1280382,0,0,0,0,0,0,0,0,0,-1,-1,28.10,61.03,1012.22,8.56
2,76,1285382,0,0,0,0,0,0,0,0,0,-1,-1,28.10,61.03,1012.26,8.27
2,77,1290382,0,0,0,0,0,0,0,0,0,-1,-1,28.11,61.02,1012.25,8.35
2,78,1295382,0,0,0,0,0,0,0,0,0,-1,-1,28.11,61.03,1012.25,8.35
2,79,1300382,0,0,0,0,0,0,0,0,0,-1,-1,28.13,61.00,1012.27,8.20
2,80,1305382,0,0,0,0,0,0,0,0,0,-1,-1,28.14,60.99,1012.23,8.51
2,81,1310382,0,0,0,0,0,0,0,0,0,-1,-1,28.14,60.97,1012.20,8.73
2,82,1315382,0,0,0,0,0,0,0,0,0,-1,-1,28.15,60.95,1012.27,8.14
2,83,1320382,0,0,0,0,0,0,0,0,0,-1,-1,28.15,60.95,1012.25,8.36
2,84,1325382,0,0,0,0,0,0,0,0,0,-1,-1,28.17,60.96,1012.25,8.30
2,85,1330382,0,0,0,0,0,0,0,0,0,-1,-1,28.17,60.92,1012.20,8.74
2,86,1335382,0,0,0,0,0,0,0,0,0,-1,-1,28.18,60.94,1012.24,8.38
2,87,1340382,0,0,0,0,0,0,0,0,0,-1,-1,28.17,60.89,1012.21,8.67
2,88,1345382,0,0,0,12,0,0,0,0,0,-1,-1,28.18,60.90,1012.28,8.08
2,89,1350382,0,0,0,12,0,0,0,0,0,-1,-1,28.19,60.87,1012.19,8.83
2,90,1355382,0,0,0,12,0,0,0,0,0,-1,-1,28.20,60.89,1012.29,8.01
2,91,1360382,0,0,0,12,0,0,0,0,0,-1,-1,28.19,60.88,1012.27,8.16
2,92,1365382,0,0,0,0,0,0,0,0,0,-1,-1,28.21,60.87,1012.19,8.83
2,93,1370382,0,0,0,6,0,0,0,0,0,-1,-1,28.21,60.86,1012.17,8.99
2,94,1375382,0,0,0,6,0,0,0,0,0,-1,-1,28.22,60.88,1012.26,8.25
2,95,1380382,0,0,0,6,0,0,0,0,0,-1,-1,28.22,60.85,1012.27,8.18
2,96,1385382,0,0,0,0,0,0,0,0,0,-1,-1,28.23,60.84,1012.22,8.55
2,97,1390382,0,0,0,0,0,0,0,0,0,-1,-1,28.23,60.85,1012.15,9.14
2,98,1395382,0,0,0,0,0,0,0,0,0,-1,-1,28.25,60.85,1012.23,8.48
2,99,1400382,0,0,0,0,0,0,0,0,0,-1,-1,28.24,60.83,1012.22,8.56
2,100,1405382,0,0,0,0,0,0,0,0,0,-1,-1,28.25,60.81,1012.21,8.63
2,101,1410382,0,0,0,0,0,0,0,0,0,-1,-1,28.25,60.82,1012.21,8.63
2,102,1415382,0,0,0,0,0,0,0,0,0,-1,-1,28.26,60.81,1012.20,8.78
2,103,1420382,0,0,0,0,0,0,0,0,0,-1,-1,28.26,60.80,1012.20,8.71
2,104,1425382,0,0,0,0,0,0,0,0,0,-1,-1,28.27,60.80,1012.24,8.42
2,105,1430382,0,0,0,0,0,0,0,0,0,-1,-1,28.27,60.81,1012.19,8.79
2,106,1435382,0,0,0,0,0,0,0,0,0,-1,-1,28.29,60.79,1012.26,8.28
2,107,1440382,0,0,0,0,0,0,0,0,0,-1,-1,28.29,60.79,1012.23,8.51
2,108,1445382,0,0,0,0,0,0,0,0,0,-1,-1,28.30,60.79,1012.19,8.81
2,109,1450382,0,0,0,0,0,0,0,0,0,-1,-1,28.30,60.79,1012.27,8.14
2,110,1455382,0,0,0,0,0,0,0,0,0,-1,-1,28.31,60.80,1012.23,8.51
2,111,1460382,0,0,0,0,0,0,0,0,0,-1,-1,28.32,60.79,1012.20,8.74
2,112,1465382,0,0,0,12,0,0,0,0,0,-1,-1,28.32,60.80,1012.22,8.59
2,113,1470382,0,0,0,12,0,0,0,0,0,-1,-1,28.33,60.77,1012.18,8.89
2,114,1475382,0,0,0,12,0,0,0,0,0,-1,-1,28.33,60.78,1012.19,8.82
2,115,1480382,0,0,0,18,0,0,0,0,0,-1,-1,28.34,60.78,1012.18,8.90
2,116,1485382,0,0,0,6,0,0,0,0,0,-1,-1,28.34,60.76,1012.15,9.20
2,117,1490382,0,0,0,6,0,0,0,0,0,-1,-1,28.35,60.76,1012.22,8.61
2,118,1495382,0,0,0,6,0,0,0,0,0,-1,-1,28.35,60.71,1012.11,9.50
2,119,1500382,0,0,0,0,0,0,0,0,0,-1,-1,28.36,60.76,1012.24,8.39
2,120,1505382,0,0,0,0,0,0,0,0,0,-1,-1,28.36,60.75,1012.21,8.69
2,121,1510382,0,0,0,6,0,0,0,0,0,-1,-1,28.37,60.75,1012.20,8.76
2,122,1515382,0,0,0,6,0,0,0,0,0,-1,-1,28.38,60.75,1012.20,8.77
2,123,1520382,0,0,0,6,0,0,0,0,0,-1,-1,28.37,60.74,1012.18,8.92
2,124,1525382,0,0,0,6,0,0,0,0,0,-1,-1,28.39,60.74,1012.18,8.93
2,125,1530382,0,0,0,6,0,0,0,0,0,-1,-1,28.38,60.73,1012.20,8.77
2,126,1535382,0,0,0,6,0,0,0,0,0,-1,-1,28.40,60.74,1012.22,8.56
2,127,1540382,0,0,0,6,0,0,0,0,0,-1,-1,28.40,60.73,1012.17,9.00
2,128,1545382,0,0,0,6,0,0,0,0,0,-1,-1,28.40,60.73,1012.20,8.78
2,129,1550382,0,0,0,0,0,0,0,0,0,-1,-1,28.41,60.71,1012.19,8.86
2,130,1555382,0,0,0,0,0,0,0,0,0,-1,-1,28.42,60.71,1012.18,8.94
2,131,1560382,0,0,0,6,0,0,0,0,0,-1,-1,28.42,60.74,1012.12,9.39
2,132,1565382,0,0,0,18,0,0,0,0,0,-1,-1,28.43,60.74,1012.17,9.02
2,133,1570382,0,0,0,18,0,0,0,0,0,-1,-1,28.42,60.74,1012.12,9.39
2,134,1575382,0,0,0,18,0,0,0,0,0,-1,-1,28.43,60.71,1012.23,8.50
2,135,1580382,0,0,0,6,0,0,0,0,0,-1,-1,28.43,60.71,1012.26,8.28
2,136,1585382,0,0,0,6,0,0,0,0,0,-1,-1,28.45,60.72,1012.17,8.95
2,137,1590382,0,0,0,6,0,0,0,0,0,-1,-1,28.45,60.72,1012.21,8.66
2,138,1595382,0,0,0,0,0,0,0,0,0,-1,-1,28.45,60.72,1012.10,9.55
2,139,1600382,0,0,0,0,0,0,0,0,0,-1,-1,28.46,60.72,1012.14,9.26
2,140,1605382,0,0,0,0,0,0,0,0,0,-1,-1,28.46,60.70,1012.12,9.41
2,141,1610382,0,0,0,0,0,0,0,0,0,-1,-1,28.48,60.72,1012.14,9.26
2,142,1615382,0,0,0,0,0,0,0,0,0,-1,-1,28.46,60.71,1012.12,9.41
2,143,1620382,0,0,0,0,0,0,0,0,0,-1,-1,28.48,60.72,1012.07,9.86
2,144,1625382,0,0,0,0,0,0,0,0,0,-1,-1,28.49,60.72,1012.13,9.34
2,145,1630382,0,0,0,0,0,0,0,0,0,-1,-1,28.49,60.73,1012.07,9.79
2,146,1635382,0,0,0,0,0,0,0,0,0,-1,-1,28.48,60.71,1012.12,9.42
2,147,1640382,0,0,0,0,0,0,0,0,0,-1,-1,28.49,60.71,1012.11,9.49
2,148,1645382,0,0,0,0,0,0,0,0,0,-1,-1,28.51,60.70,1012.11,9.50
2,149,1650382,0,0,0,0,0,0,0,0,0,-1,-1,28.51,60.68,1012.14,9.28
2,150,1655382,0,0,0,0,0,0,0,0,0,-1,-1,28.50,60.71,1012.10,9.58
2,151,1660382,0,0,0,12,0,0,0,0,0,-1,-1,28.51,60.68,1012.11,9.50
2,152,1665382,0,0,0,12,0,0,0,0,0,-1,-1,28.51,60.70,1012.09,9.66
2,153,1670382,0,0,0,12,0,0,0,0,0,-1,-1,28.52,60.69,1012.08,9.73
2,154,1675382,0,0,0,0,0,0,0,0,0,-1,-1,28.53,60.70,1012.17,8.99
2,155,1680382,0,0,0,0,0,0,0,0,0,-1,-1,28.53,60.68,1012.09,9.66
2,156,1685382,0,0,0,18,0,0,0,0,0,-1,-1,28.53,60.70,1012.22,8.55
2,157,1690382,0,0,0,30,0,0,0,0,0,-1,-1,28.54,60.68,1012.14,9.22
2,158,1695382,0,0,0,30,0,0,0,0,0,-1,-1,28.54,60.68,1012.11,9.52
2,159,1700382,0,0,0,12,0,0,0,0,0,-1,-1,28.55,60.68,1012.12,9.37
2,160,1705382,0,0,0,6,0,0,0,0,0,-1,-1,28.55,60.70,1012.11,9.53
2,161,1710382,0,0,0,12,0,0,0,0,0,-1,-1,28.55,60.67,1012.08,9.75
2,162,1715382,0,0,0,12,0,0,0,0,0,-1,-1,28.57,60.69,1012.16,9.09
2,163,1720382,0,0,0,18,0,0,0,0,0,-1,-1,28.56,60.68,1012.10,9.60
2,164,1725382,0,0,0,6,0,0,0,0,0,-1,-1,28.57,60.68,1012.13,9.31
2,165,1730382,0,0,0,24,0,0,0,0,0,-1,-1,28.57,60.66,1012.06,9.91
2,166,1735382,0,0,0,24,0,0,0,0,0,-1,-1,28.57,60.66,1012.17,9.02
2,167,1740382,0,0,0,18,0,0,0,0,0,-1,-1,28.58,60.67,1012.15,9.17
2,168,1745382,0,0,0,6,0,0,0,0,0,-1,-1,28.58,60.66,1012.08,9.76
2,169,1750382,0,0,0,6,0,0,0,0,0,-1,-1,28.59,60.67,1012.19,8.80
2,170,1755382,0,0,0,6,0,0,0,0,0,-1,-1,28.59,60.66,1012.11,9.47
2,171,1760382,0,0,0,0,0,0,0,0,0,-1,-1,28.59,60.67,1012.20,8.73
2,172,1765382,0,0,0,0,0,0,0,0,0,-1,-1,28.59,60.66,1012.15,9.17
2,173,1770382,0,0,0,0,0,0,0,0,0,-1,-1,28.61,60.65,1012.12,9.41
2,174,1775382,0,0,0,0,0,0,0,0,0,-1,-1,28.61,60.66,1012.12,9.41
2,175,1780382,0,0,0,0,0,0,0,0,0,-1,-1,28.62,60.65,1012.15,9.19
2,176,1785382,0,0,0,0,0,0,0,0,0,-1,-1,28.63,60.66,1012.18,8.90
2,177,1790382,0,0,0,0,0,0,0,0,0,-1,-1,28.63,60.66,1012.16,9.05
2,178,1795382,0,0,0,0,0,0,0,0,0,-1,-1,28.64,60.64,1012.09,9.64
2,179,1800382,0,0,0,0,0,0,0,0,0,-1,-1,28.64,60.65,1012.07,9.79
3,0,1805382,0,0,0,12,0,0,0,0,0,-1,-1,28.65,60.65,1012.14,9.28
3,1,1810382,0,0,0,18,0,0,0,0,0,-1,-1,28.66,60.63,1012.10,9.58
3,2,1815382,0,0,0,18,0,0,0,0,0,-1,-1,28.66,60.62,1012.10,9.58
3,3,1820382,0,0,0,18,0,0,0,0,0,-1,-1,28.67,60.61,1012.09,9.66
3,4,1825382,0,0,0,6,0,0,0,0,0,-1,-1,28.68,60.64,1012.08,9.74
3,5,1830382,0,0,0,0,0,0,0,0,0,-1,-1,28.68,60.64,1012.11,9.52
3,6,1835382,0,0,0,0,0,0,0,0,0,-1,-1,28.69,60.64,1012.16,9.08
3,7,1840382,0,0,0,18,0,0,0,0,0,-1,-1,28.70,60.59,1012.03,10.12
3,8,1845382,0,0,0,18,0,0,0,0,0,-1,-1,28.69,60.59,1012.08,9.75
3,9,1850382,0,0,0,18,0,0,0,0,0,-1,-1,28.70,60.59,1012.12,9.38
3,10,1855382,0,0,0,0,0,0,0,0,0,-1,-1,28.71,60.61,1012.08,9.76
3,11,1860382,0,0,0,18,0,0,0,0,0,-1,-1,28.71,60.58,1012.09,9.68
3,12,1865382,0,0,0,18,0,0,0,0,0,-1,-1,28.73,60.57,1012.09,9.69
3,13,1870382,0,0,0,18,0,0,0,0,0,-1,-1,28.72,60.56,1012.05,9.99
3,14,1875382,0,0,0,0,0,0,0,0,0,-1,-1,28.74,60.49,1012.05,10.00
3,15,1880382,0,0,0,18,0,0,0,0,0,-1,-1,28.75,60.56,1012.04,10.07
3,16,1885382,0,0,0,24,0,0,0,0,0,-1,-1,28.74,60.54,1012.00,10.44
3,17,1890382,0,0,0,30,0,0,0,0,0,-1,-1,28.75,60.55,1012.01,10.30
3,18,1895382,0,0,0,36,0,0,0,0,0,-1,-1,28.75,60.54,1012.05,10.00
3,19,1900382,0,0,0,12,0,0,0,0,0,-1,-1,28.76,60.52,1012.06,9.93
3,20,1905382,0,0,0,36,0,0,0,0,0,-1,-1,28.77,60.51,1012.08,9.79
3,21,1910382,0,0,0,30,0,0,0,0,0,-1,-1,28.77,60.50,1012.05,10.01
3,22,1915382,0,0,0,36,0,0,0,0,0,-1,-1,28.78,60.36,1012.07,9.86
3,23,1920382,0,0,0,30,0,0,0,0,0,-1,-1,28.78,60.48,1012.07,9.86
3,24,1925382,0,0,0,12,0,0,0,0,0,-1,-1,28.78,60.49,1012.01,10.31
3,25,1930382,0,0,0,6,0,0,0,0,0,-1,-1,28.79,60.49,1012.09,9.65
3,26,1935382,0,0,0,0,0,0,0,0,0,-1,-1,28.80,60.49,1012.00,10.40
3,27,1940382,0,0,0,0,0,0,0,0,0,-1,-1,28.80,60.47,1012.02,10.25
3,28,1945382,0,0,0,0,0,0,0,0,0,-1,-1,28.80,60.47,1011.99,10.47
3,29,1950382,0,0,0,0,0,0,0,0,0,-1,-1,28.81,60.45,1012.02,10.25
3,30,1955382,0,0,0,0,0,0,0,0,0,-1,-1,28.83,60.44,1012.01,10.33
3,31,1960382,0,0,0,12,0,0,0,0,0,-1,-1,28.83,60.44,1012.02,10.26
3,32,1965382,0,0,0,24,0,0,0,0,0,-1,-1,28.83,60.43,1012.04,10.11
3,33,1970382,0,0,0,24,0,0,0,0,0,-1,-1,28.84,60.45,1012.03,10.19
3,34,1975382,0,0,0,30,0,0,0,0,0,-1,-1,28.84,60.41,1012.06,9.89
3,35,1980382,0,0,0,24,0,0,0,0,0,-1,-1,28.85,60.41,1012.04,10.05
3,36,1985382,0,0,0,30,0,0,0,0,0,-1,-1,28.84,60.42,1012.04,10.12
3,37,1990382,0,0,0,60,0,0,0,0,0,-1,-1,28.86,60.40,1012.06,9.90
3,38,1995382,0,0,0,60,0,0,0,0,0,-1,-1,28.85,60.40,1012.05,9.97
3,39,2000382,0,0,0,48,0,0,0,0,0,-1,-1,28.87,60.39,1012.08,9.76
3,40,2005382,0,0,0,24,0,0,0,0,0,-1,-1,28.87,60.39,1012.03,10.13
3,41,2010382,0,0,0,18,0,0,0,0,0,-1,-1,28.87,60.38,1012.01,10.36
3,42,2015382,0,0,0,42,0,0,0,0,0,-1,-1,28.87,60.38,1012.06,9.91
3,43,2020382,0,0,0,42,0,0,0,0,0,-1,-1,28.88,60.38,1012.08,9.77
3,44,2025382,0,0,0,42,0,0,0,0,0,-1,-1,28.88,60.36,1012.02,10.22
3,45,2030382,0,0,0,72,4,0,0,0,0,-1,-1,28.89,60.38,1012.07,9.85
3,46,2035382,0,0,0,36,4,0,0,0,0,-1,-1,28.89,60.35,1012.07,9.85
3,47,2040382,0,0,0,36,4,0,0,0,0,-1,-1,28.90,60.35,1012.10,9.55
3,48,2045382,0,0,0,0,0,0,0,0,0,-1,-1,28.90,60.33,1012.02,10.22
3,49,2050382,0,0,0,0,0,0,0,0,0,-1,-1,28.89,60.35,1011.99,10.52
3,50,2055382,0,0,0,0,0,0,0,0,0,-1,-1,28.90,60.33,1011.98,10.60
3,51,2060382,0,0,0,0,0,0,0,0,0,-1,-1,28.90,60.33,1011.94,10.89
3,52,2065382,0,0,0,0,0,0,0,0,0,-1,-1,28.90,60.18,1011.98,10.60
3,53,2070382,0,0,0,6,0,0,0,0,0,-1,-1,28.91,60.32,1012.02,10.23
3,54,2075382,0,0,0,12,0,0,0,0,0,-1,-1,28.91,60.31,1011.97,10.67
3,55,2080382,0,0,0,12,0,0,0,0,0,-1,-1,28.92,60.31,1012.03,10.16
3,56,2085382,0,0,0,12,0,0,0,0,0,-1,-1,28.91,60.30,1011.97,10.67
3,57,2090382,0,0,0,12,0,0,0,0,0,-1,-1,28.91,60.30,1012.02,10.23
3,58,2095382,0,0,0,6,0,0,0,0,0,-1,-1,28.92,60.29,1012.00,10.38
3,59,2100382,0,0,0,0,0,0,0,0,0,-1,-1,28.92,60.29,1011.93,10.98
3,60,2105382,0,0,0,0,0,0,0,0,0,-1,-1,28.92,60.28,1011.95,10.83
3,61,2110382,0,0,0,6,0,0,0,0,0,-1,-1,28.92,60.29,1011.96,10.75
3,62,2115382,0,0,0,6,0,0,0,0,0,-1,-1,28.93,60.28,1011.99,10.46
3,63,2120382,0,0,0,6,0,0,0,0,0,-1,-1,28.94,60.27,1012.04,10.09
3,64,2125382,0,0,0,0,0,0,0,0,0,-1,-1,28.94,60.27,1012.01,10.32
3,65,2130382,0,0,0,0,0,0,0,0,0,-1,-1,28.94,60.28,1011.99,10.47
3,66,2135382,0,0,0,0,0,0,0,0,0,-1,-1,28.94,60.29,1011.99,10.47
3,67,2140382,0,0,0,0,0,0,0,0,0,-1,-1,28.94,60.26,1011.97,10.69
3,68,2145382,0,0,0,0,0,0,0,0,0,-1,-1,28.95,60.25,1012.04,10.10
3,69,2150382,0,0,0,0,0,0,0,0,0,-1,-1,28.95,60.26,1011.98,10.62
3,70,2155382,0,0,0,0,0,0,0,0,0,-1,-1,28.95,60.26,1011.98,10.55
3,71,2160382,0,0,0,0,0,0,0,0,0,-1,-1,28.95,60.27,1011.96,10.77
3,72,2165382,0,0,0,0,0,0,0,0,0,-1,-1,28.95,60.28,1011.96,10.77
3,73,2170382,0,0,0,0,0,0,0,0,0,-1,-1,28.96,60.25,1011.94,10.92
3,74,2175382,0,0,0,0,0,0,0,0,0,-1,-1,28.96,60.25,1012.02,10.25
3,75,2180382,0,0,0,0,0,0,0,0,0,-1,-1,28.96,60.26,1012.00,10.41
3,76,2185382,0,0,0,0,0,0,0,0,0,-1,-1,28.96,60.25,1012.03,10.18
3,77,2190382,0,0,0,6,0,0,0,0,0,-1,-1,28.97,60.25,1012.02,10.26
3,78,2195382,0,0,0,12,0,0,0,0,0,-1,-1,28.97,60.24,1011.94,10.93
3,79,2200382,0,0,0,12,0,0,0,0,0,-1,-1,28.96,60.24,1011.95,10.85
3,80,2205382,0,0,0,6,0,0,0,0,0,-1,-1,28.97,60.24,1011.99,10.48
3,81,2210382,0,0,0,0,0,0,0,0,0,-1,-1,28.98,60.23,1012.00,10.41
3,82,2215382,0,0,0,0,0,0,0,0,0,-1,-1,28.98,60.23,1012.04,10.12
3,83,2220382,0,0,0,12,0,0,0,0,0,-1,-1,28.98,60.24,1011.97,10.64
3,84,2225382,0,0,0,12,0,0,0,0,0,-1,-1,28.98,60.21,1012.01,10.34
3,85,2230382,0,0,0,12,0,0,0,0,0,-1,-1,28.99,60.24,1012.00,10.42
3,86,2235382,0,0,0,18,0,0,0,0,0,-1,-1,28.98,60.25,1011.89,11.31
3,87,2240382,0,0,0,18,0,0,0,0,0,-1,-1,28.99,60.23,1011.96,10.71
3,88,2245382,0,0,0,24,0,0,0,0,0,-1,-1,28.99,60.24,1011.94,10.94
3,89,2250382,0,0,0,6,0,0,0,0,0,-1,-1,29.00,60.22,1011.94,10.95
3,90,2255382,0,0,0,6,0,0,0,0,0,-1,-1,28.99,60.23,1011.92,11.09
3,91,2260382,0,0,0,12,0,0,0,0,0,-1,-1,29.00,60.22,1011.96,10.72
3,92,2265382,0,0,0,6,0,0,0,0,0,-1,-1,29.01,60.25,1012.02,10.20
3,93,2270382,0,0,0,6,0,0,0,0,0,-1,-1,29.02,60.23,1012.02,10.21
3,94,2275382,0,0,0,6,0,0,0,0,0,-1,-1,29.02,60.21,1011.96,10.73
3,95,2280382,0,0,0,0,0,0,0,0,0,-1,-1,29.02,60.20,1011.96,10.73
3,96,2285382,0,0,0,0,0,0,0,0,0,-1,-1,29.02,60.21,1012.00,10.44
3,97,2290382,0,0,0,0,0,0,0,0,0,-1,-1,29.03,60.21,1011.98,10.59
3,98,2295382,0,0,0,0,0,0,0,0,0,-1,-1,29.03,60.19,1011.95,10.81
3,99,2300382,0,0,0,0,0,0,0,0,0,-1,-1,29.03,60.20,1011.99,10.51
3,100,2305382,0,0,0,0,0,0,0,0,0,-1,-1,29.04,60.21,1012.00,10.44
3,101,2310382,0,0,0,0,0,0,0,0,0,-1,-1,29.03,60.19,1012.01,10.29
3,102,2315382,0,0,0,0,0,0,0,0,0,-1,-1,29.03,60.19,1011.96,10.74
3,103,2320382,0,0,0,0,0,0,0,0,0,-1,-1,29.05,60.18,1012.04,10.08
3,104,2325382,0,0,0,0,0,0,0,0,0,-1,-1,29.04,60.18,1011.94,10.89
3,105,2330382,0,0,0,0,0,0,0,0,0,-1,-1,29.04,60.19,1011.95,10.82
3,106,2335382,0,0,0,0,0,0,0,0,0,-1,-1,29.04,60.22,1011.98,10.60
3,107,2340382,0,0,0,0,0,0,0,0,0,-1,-1,29.05,60.18,1011.96,10.75
3,108,2345382,0,0,0,0,0,0,0,0,0,-1,-1,29.05,60.18,1011.91,11.19
3,109,2350382,0,0,0,0,0,0,0,0,0,-1,-1,29.04,60.18,1011.92,11.04
3,110,2355382,0,0,0,0,0,0,0,0,0,-1,-1,29.05,60.19,1011.99,10.52
3,111,2360382,0,0,0,6,0,0,0,0,0,-1,-1,29.06,60.17,1011.96,10.75
3,112,2365382,0,0,0,6,0,0,0,0,0,-1,-1,29.06,60.17,1011.93,10.98
3,113,2370382,0,0,0,6,0,0,0,0,0,-1,-1,29.06,60.17,1011.87,11.49
3,114,2375382,0,0,0,6,0,0,0,0,0,-1,-1,29.07,60.17,1011.89,11.35
3,115,2380382,0,0,0,0,0,0,0,0,0,-1,-1,29.07,60.15,1011.90,11.28
3,116,2385382,0,0,0,0,0,0,0,0,0,-1,-1,29.08,60.17,1011.90,11.21
3,117,2390382,0,0,0,0,0,0,0,0,0,-1,-1,29.08,60.14,1011.90,11.21
3,118,2395382,0,0,0,0,0,0,0,0,0,-1,-1,29.08,60.13,1011.97,10.69
3,119,2400382,0,0,0,12,0,0,0,0,0,-1,-1,29.08,60.13,1011.94,10.92
3,120,2405382,0,0,0,12,0,0,0,0,0,-1,-1,29.08,60.14,1011.90,11.21
3,121,2410382,0,0,0,12,0,0,0,0,0,-1,-1,29.08,60.11,1011.91,11.14
3,122,2415382,0,0,0,18,0,0,0,0,0,-1,-1,29.09,60.11,1011.92,11.07
3,123,2420382,0,0,0,6,0,0,0,0,0,-1,-1,29.10,60.11,1011.92,11.07
3,124,2425382,0,0,0,18,0,0,0,0,0,-1,-1,29.10,60.10,1011.89,11.37
3,125,2430382,0,0,0,12,0,0,0,0,0,-1,-1,29.10,60.09,1011.87,11.52
3,126,2435382,0,0,0,12,0,0,0,0,0,-1,-1,29.10,60.07,1011.95,10.85
3,127,2440382,0,0,0,0,0,0,0,0,0,-1,-1,29.10,60.09,1011.89,11.37
3,128,2445382,0,0,0,0,0,0,0,0,0,-1,-1,29.10,60.07,1011.91,11.15
3,129,2450382,0,0,0,0,0,0,0,0,0,-1,-1,29.10,60.07,1011.92,11.07
3,130,2455382,0,0,0,0,0,0,0,0,0,-1,-1,29.10,60.07,1011.89,11.30
3,131,2460382,0,0,0,0,0,0,0,0,0,-1,-1,29.11,60.05,1011.96,10.78
3,132,2465382,0,0,0,24,0,0,0,0,0,-1,-1,29.11,60.04,1011.88,11.45
3,133,2470382,0,0,0,24,0,0,0,0,0,-1,-1,29.10,60.04,1011.92,11.07
3,134,2475382,0,0,0,24,0,0,0,0,0,-1,-1,29.11,60.04,1011.94,10.93
3,135,2480382,0,0,0,0,0,0,0,0,0,-1,-1,29.12,60.04,1011.90,11.23
3,136,2485382,0,0,0,0,0,0,0,0,0,-1,-1,29.11,60.05,1011.91,11.15
3,137,2490382,0,0,0,0,0,0,0,0,0,-1,-1,29.11,60.03,1011.88,11.38
3,138,2495382,0,0,0,0,0,0,0,0,0,-1,-1,29.13,60.02,1011.91,11.16
3,139,2500382,0,0,0,0,0,0,0,0,0,-1,-1,29.13,60.01,1011.86,11.61
3,140,2505382,0,0,0,0,0,0,0,0,0,-1,-1,29.13,60.02,1011.88,11.39
3,141,2510382,0,0,0,0,0,0,0,0,0,-1,-1,29.13,60.01,1011.87,11.54
3,142,2515382,0,0,0,0,0,0,0,0,0,-1,-1,29.13,60.02,1011.86,11.61
3,143,2520382,0,0,0,0,0,0,0,0,0,-1,-1,29.13,60.02,1011.94,10.94
3,144,2525382,0,0,0,0,0,0,0,0,0,-1,-1,29.14,60.00,1011.90,11.24
3,145,2530382,0,0,0,0,0,0,0,0,0,-1,-1,29.15,59.99,1011.89,11.32
3,146,2535382,0,0,0,0,0,0,0,0,0,-1,-1,29.13,59.98,1011.89,11.31
3,147,2540382,0,0,0,6,0,0,0,0,0,-1,-1,29.14,59.98,1011.88,11.39
3,148,2545382,0,0,0,6,0,0,0,0,0,-1,-1,29.14,59.96,1011.91,11.17
3,149,2550382,0,0,0,6,0,0,0,0,0,-1,-1,29.14,59.88,1011.87,11.46
3,150,2555382,0,0,0,18,0,0,0,0,0,-1,-1,29.14,59.97,1011.85,11.69
3,151,2560382,0,0,0,18,0,0,0,0,0,-1,-1,29.15,59.96,1011.90,11.25
3,152,2565382,0,0,0,18,0,0,0,0,0,-1,-1,29.15,59.96,1011.84,11.77
3,153,2570382,0,0,0,0,0,0,0,0,0,-1,-1,29.15,59.98,1011.93,11.03
3,154,2575382,0,0,0,18,0,0,0,0,0,-1,-1,29.14,59.96,1011.86,11.62
3,155,2580382,0,0,0,18,0,0,0,0,0,-1,-1,29.15,59.94,1011.84,11.77
3,156,2585382,0,0,0,18,0,0,0,0,0,-1,-1,29.15,59.94,1011.92,11.10
3,157,2590382,0,0,0,0,0,0,0,0,0,-1,-1,29.15,59.95,1011.86,11.54
3,158,2595382,0,0,0,0,0,0,0,0,0,-1,-1,29.15,59.94,1011.84,11.77
3,159,2600382,0,0,0,18,0,0,0,0,0,-1,-1,29.16,59.93,1011.88,11.40
3,160,2605382,0,0,0,18,0,0,0,0,0,-1,-1,29.16,59.93,1011.92,11.11
3,161,2610382,0,0,0,18,0,0,0,0,0,-1,-1,29.17,59.93,1011.90,11.26
3,162,2615382,0,0,0,18,0,0,0,0,0,-1,-1,29.19,59.92,1011.88,11.41
3,163,2620382,0,0,0,6,0,0,0,0,0,-1,-1,29.18,59.91,1011.94,10.89
3,164,2625382,0,0,0,6,0,0,0,0,0,-1,-1,29.18,59.91,1011.90,11.26
3,165,2630382,0,0,0,0,0,0,0,0,0,-1,-1,29.18,59.92,1011.84,11.78
3,166,2635382,0,0,0,0,0,0,0,0,0,-1,-1,29.18,59.89,1011.90,11.26
3,167,2640382,0,0,0,0,0,0,0,0,0,-1,-1,29.19,59.90,1011.85,11.64
3,168,2645382,0,0,0,0,0,0,0,0,0,-1,-1,29.18,59.90,1011.87,11.49
3,169,2650382,0,0,0,0,0,0,0,0,0,-1,-1,29.19,59.87,1011.85,11.64
3,170,2655382,0,0,0,0,0,0,0,0,0,-1,-1,29.19,59.88,1011.86,11.57
3,171,2660382,0,0,0,0,0,0,0,0,0,-1,-1,29.20,59.88,1011.87,11.50
3,172,2665382,0,0,0,0,0,0,0,0,0,-1,-1,29.21,59.87,1011.88,11.43
3,173,2670382,0,0,0,0,0,0,0,0,0,-1,-1,29.22,59.86,1011.87,11.50
3,174,2675382,0,0,0,0,0,0,0,0,0,-1,-1,29.20,59.86,1011.87,11.50
3,175,2680382,0,0,0,0,0,0,0,0,0,-1,-1,29.21,59.87,1011.85,11.65
3,176,2685382,0,0,0,0,0,0,0,0,0,-1,-1,29.21,59.86,1011.85,11.65
3,177,2690382,0,0,0,0,0,0,0,0,0,-1,-1,29.21,59.85,1011.83,11.80
3,178,2695382,0,0,0,0,0,0,0,0,0,-1,-1,29.22,59.85,1011.90,11.28
3,179,2700382,0,0,0,0,0,0,0,0,0,-1,-1,29.22,59.84,1011.88,11.43
4,0,2705382,0,0,0,0,0,0,0,0,0,-1,-1,29.22,59.86,1011.84,11.73
4,1,2710382,0,0,0,0,0,0,0,0,0,-1,-1,29.22,59.85,1011.90,11.28
4,2,2715382,0,0,0,6,0,0,0,0,0,-1,-1,29.22,59.85,1011.85,11.66
4,3,2720382,0,0,0,12,0,0,0,0,0,-1,-1,29.23,59.85,1011.95,10.84
4,4,2725382,0,0,0,12,0,0,0,0,0,-1,-1,29.24,59.83,1011.94,10.92
4,5,2730382,0,0,0,6,0,0,0,0,0,-1,-1,29.23,59.83,1011.83,11.81
4,6,2735382,0,0,0,18,0,0,0,0,0,-1,-1,29.23,59.81,1011.89,11.29
4,7,2740382,0,0,0,18,0,0,0,0,0,-1,-1,29.24,59.82,1011.85,11.66
4,8,2745382,0,0,0,18,0,0,0,0,0,-1,-1,29.24,59.81,1011.83,11.82
4,9,2750382,0,0,0,6,0,0,0,0,0,-1,-1,29.24,59.81,1011.83,11.82
4,10,2755382,0,0,0,0,0,0,0,0,0,-1,-1,29.25,59.81,1011.81,11.97
4,11,2760382,0,0,0,0,0,0,0,0,0,-1,-1,29.25,59.80,1011.85,11.67
4,12,2765382,0,0,0,0,0,0,0,0,0,-1,-1,29.25,59.79,1011.82,11.90
4,13,2770382,0,0,0,0,0,0,0,0,0,-1,-1,29.27,59.79,1011.85,11.68
4,14,2775382,0,0,0,6,0,0,0,0,0,-1,-1,29.27,59.77,1011.87,11.46
4,15,2780382,0,0,0,6,0,0,0,0,0,-1,-1,29.26,59.75,1011.84,11.75
4,16,2785382,0,0,0,6,0,0,0,0,0,-1,-1,29.27,59.77,1011.77,12.35
4,17,2790382,0,0,0,0,0,0,0,0,0,-1,-1,29.27,59.75,1011.75,12.50
4,18,2795382,0,0,0,0,0,0,0,0,0,-1,-1,29.27,59.75,1011.80,12.05
4,19,2800382,0,0,0,0,0,0,0,0,0,-1,-1,29.28,59.75,1011.84,11.76
4,20,2805382,0,0,0,0,0,0,0,0,0,-1,-1,29.28,59.72,1011.90,11.24
4,21,2810382,0,0,0,0,0,0,0,0,0,-1,-1,29.28,59.75,1011.87,11.54
4,22,2815382,0,0,0,0,0,0,0,0,0,-1,-1,29.29,59.73,1011.84,11.77
4,23,2820382,0,0,0,12,0,0,0,0,0,-1,-1,29.29,59.71,1011.89,11.32
4,24,2825382,0,0,0,24,0,0,0,0,0,-1,-1,29.30,59.69,1011.82,11.92
4,25,2830382,0,0,0,24,0,0,0,0,0,-1,-1,29.29,59.70,1011.86,11.62
4,26,2835382,0,0,0,18,0,0,0,0,0,-1,-1,29.30,59.68,1011.90,11.25
4,27,2840382,0,0,0,12,0,0,0,0,0,-1,-1,29.30,59.69,1011.90,11.25
4,28,2845382,0,0,0,0,0,0,0,0,0,-1,-1,29.29,59.67,1011.86,11.54
4,29,2850382,0,0,0,0,0,0,0,0,0,-1,-1,29.31,59.67,1011.81,12.00
4,30,2855382,0,0,0,0,0,0,0,0,0,-1,-1,29.30,59.67,1011.85,11.69
4,31,2860382,0,0,0,6,0,0,0,0,0,-1,-1,29.31,59.66,1011.89,11.33
4,32,2865382,0,0,0,6,0,0,0,0,0,-1,-1,29.30,59.65,1011.88,11.40
4,33,2870382,0,0,0,6,0,0,0,0,0,-1,-1,29.30,59.65,1011.82,11.92
4,34,2875382,0,0,0,6,0,0,0,0,0,-1,-1,29.31,59.65,1011.76,12.45
4,35,2880382,0,0,0,0,0,0,0,0,0,-1,-1,29.31,59.64,1011.84,11.78
4,36,2885382,0,0,0,0,0,0,0,0,0,-1,-1,29.31,59.63,1011.84,11.78
4,37,2890382,0,0,0,0,0,0,0,0,0,-1,-1,29.32,59.64,1011.88,11.41
4,38,2895382,0,0,0,0,0,0,0,0,0,-1,-1,29.32,59.62,1011.85,11.63
4,39,2900382,0,0,0,0,0,0,0,0,0,-1,-1,29.32,59.62,1011.78,12.23
4,40,2905382,0,0,0,0,0,0,0,0,0,-1,-1,29.32,59.61,1011.84,11.79
4,41,2910382,0,0,0,0,0,0,0,0,0,-1,-1,29.33,59.60,1011.91,11.20
4,42,2915382,0,0,0,0,0,0,0,0,0,-1,-1,29.33,59.60,1011.84,11.71
4,43,2920382,0,0,0,0,0,0,0,0,0,-1,-1,29.33,59.60,1011.80,12.09
4,44,2925382,0,0,0,0,0,0,0,0,0,-1,-1,29.34,59.56,1011.83,11.80
4,45,2930382,0,0,0,0,0,0,0,0,0,-1,-1,29.34,59.58,1011.79,12.17
4,46,2935382,0,0,0,0,0,0,0,0,0,-1,-1,29.35,59.57,1011.85,11.65
4,47,2940382,0,0,0,6,0,0,0,0,0,-1,-1,29.34,59.55,1011.83,11.80
4,48,2945382,0,0,0,6,0,0,0,0,0,-1,-1,29.35,59.55,1011.82,11.87
4,49,2950382,0,0,0,6,0,0,0,0,0,-1,-1,29.35,59.55,1011.81,12.02
4,50,2955382,0,0,0,0,0,0,0,0,0,-1,-1,29.36,59.59,1011.84,11.73
4,51,2960382,0,0,0,0,0,0,0,0,0,-1,-1,29.35,59.55,1011.86,11.58
4,52,2965382,0,0,0,6,0,0,0,0,0,-1,-1,29.36,59.56,1011.76,12.40
4,53,2970382,0,0,0,6,0,0,0,0,0,-1,-1,29.35,59.52,1011.81,12.02
4,54,2975382,0,0,0,6,0,0,0,0,0,-1,-1,29.36,59.56,1011.82,11.88
4,55,2980382,0,0,0,0,0,0,0,0,0,-1,-1,29.36,59.54,1011.79,12.18
4,56,2985382,0,0,0,0,0,0,0,0,0,-1,-1,29.36,59.51,1011.82,11.95
4,57,2990382,0,0,0,0,0,0,0,0,0,-1,-1,29.35,59.51,1011.73,12.69
4,58,2995382,0,0,0,0,0,0,0,0,0,-1,-1,29.35,59.52,1011.78,12.25
4,59,3000382,0,0,0,0,0,0,0,0,0,-1,-1,29.36,59.52,1011.80,12.10
4,60,3005382,0,0,0,0,0,0,0,0,0,-1,-1,29.36,59.52,1011.80,12.10
4,61,3010382,0,0,0,0,0,0,0,0,0,-1,-1,29.37,59.50,1011.76,12.41
4,62,3015382,0,0,0,0,0,0,0,0,0,-1,-1,29.37,59.50,1011.81,11.96
4,63,3020382,0,0,0,0,0,0,0,0,0,-1,-1,29.37,59.50,1011.79,12.18
4,64,3025382,0,0,0,0,0,0,0,0,0,-1,-1,29.37,59.50,1011.83,11.81
4,65,3030382,0,0,0,0,0,0,0,0,0,-1,-1,29.37,59.49,1011.75,12.48
4,66,3035382,0,0,0,0,0,0,0,0,0,-1,-1,29.36,59.48,1011.82,11.88
4,67,3040382,0,0,0,0,0,0,0,0,0,-1,-1,29.37,59.49,1011.76,12.41
4,68,3045382,0,0,0,12,0,0,0,0,0,-1,-1,29.38,59.48,1011.74,12.56
4,69,3050382,0,0,0,12,0,0,0,0,0,-1,-1,29.37,59.49,1011.73,12.63
4,70,3055382,0,0,0,12,0,0,0,0,0,-1,-1,29.37,59.48,1011.76,12.41
4,71,3060382,0,0,0,12,0,0,0,0,0,-1,-1,29.38,59.46,1011.82,11.89
4,72,3065382,0,0,0,0,0,0,0,0,0,-1,-1,29.38,59.48,1011.74,12.56
4,73,3070382,0,0,0,0,0,0,0,0,0,-1,-1,29.36,59.67,1011.72,12.77
4,74,3075382,0,0,0,0,0,0,0,0,0,-1,-1,29.38,59.48,1011.72,12.78
4,75,3080382,0,0,0,0,0,0,0,0,0,-1,-1,29.37,59.47,1011.76,12.41
4,76,3085382,0,0,0,0,0,0,0,0,0,-1,-1,29.37,59.48,1011.79,12.18
4,77,3090382,0,0,0,0,0,0,0,0,0,-1,-1,29.38,59.47,1011.75,12.48
4,78,3095382,0,0,0,0,0,0,0,0,0,-1,-1,29.37,59.45,1011.76,12.41
4,79,3100382,0,0,0,0,0,0,0,0,0,-1,-1,29.37,59.47,1011.76,12.41
4,80,3105382,0,0,0,0,0,0,0,0,0,-1,-1,29.37,59.31,1011.73,12.63
4,81,3110382,0,0,0,0,0,0,0,0,0,-1,-1,29.37,59.46,1011.73,12.63
4,82,3115382,0,0,0,0,0,0,0,0,0,-1,-1,29.38,59.47,1011.75,12.48
4,83,3120382,0,0,0,6,0,0,0,0,0,-1,-1,29.38,59.46,1011.80,12.11
4,84,3125382,0,0,0,6,0,0,0,0,0,-1,-1,29.38,59.46,1011.74,12.56
4,85,3130382,0,0,0,6,0,0,0,0,0,-1,-1,29.37,59.48,1011.73,12.63
4,86,3135382,0,0,0,0,0,0,0,0,0,-1,-1,29.36,59.47,1011.76,12.40
4,87,3140382,0,0,0,0,0,0,0,0,0,-1,-1,29.37,59.48,1011.76,12.41
4,88,3145382,0,0,0,0,0,0,0,0,0,-1,-1,29.38,59.45,1011.75,12.48
4,89,3150382,0,0,0,0,0,0,0,0,0,-1,-1,29.39,59.46,1011.73,12.64
4,90,3155382,0,0,0,6,0,0,0,0,0,-1,-1,29.39,59.48,1011.79,12.19
4,91,3160382,0,0,0,6,0,0,0,0,0,-1,-1,29.38,59.46,1011.78,12.26
4,92,3165382,0,0,0,6,0,0,0,0,0,-1,-1,29.38,59.46,1011.74,12.56
4,93,3170382,0,0,0,12,0,0,0,0,0,-1,-1,29.38,59.47,1011.75,12.48
4,94,3175382,0,0,0,6,0,0,0,0,0,-1,-1,29.38,59.46,1011.72,12.71
4,95,3180382,0,0,0,48,0,0,0,0,0,-1,-1,29.39,59.46,1011.71,12.86
4,96,3185382,0,0,0,48,0,0,0,0,0,-1,-1,29.39,59.48,1011.72,12.79
4,97,3190382,0,0,0,42,0,0,0,0,0,-1,-1,29.40,59.46,1011.75,12.49
4,98,3195382,0,0,0,0,0,0,0,0,0,-1,-1,29.39,59.46,1011.71,12.86
4,99,3200382,0,0,0,0,0,0,0,0,0,-1,-1,29.40,59.46,1011.75,12.49
4,100,3205382,0,0,0,0,0,0,0,0,0,-1,-1,29.39,59.46,1011.72,12.79
4,101,3210382,0,0,0,0,0,0,0,0,0,-1,-1,29.40,59.46,1011.70,12.94
4,102,3215382,0,0,0,0,0,0,0,0,0,-1,-1,29.39,59.46,1011.74,12.56
4,103,3220382,0,0,0,0,0,0,0,0,0,-1,-1,29.40,59.24,1011.68,13.09
4,104,3225382,0,0,0,12,0,0,0,0,0,-1,-1,29.40,59.45,1011.76,12.42
4,105,3230382,0,0,0,12,0,0,0,0,0,-1,-1,29.40,59.45,1011.70,12.94
4,106,3235382,0,0,0,12,0,0,0,0,0,-1,-1,29.40,59.45,1011.67,13.16
4,107,3240382,0,0,0,6,0,0,0,0,0,-1,-1,29.39,59.43,1011.69,13.01
4,108,3245382,0,0,0,6,0,0,0,0,0,-1,-1,29.41,59.42,1011.74,12.57
4,109,3250382,0,0,0,6,0,0,0,0,0,-1,-1,29.41,59.44,1011.71,12.79
4,110,3255382,0,0,0,6,0,0,0,0,0,-1,-1,29.41,59.43,1011.72,12.72
4,111,3260382,0,0,0,0,0,0,0,0,0,-1,-1,29.41,59.42,1011.72,12.72
4,112,3265382,0,0,0,0,0,0,0,0,0,-1,-1,29.41,59.52,1011.71,12.79
4,113,3270382,0,0,0,0,0,0,0,0,0,-1,-1,29.41,59.42,1011.66,13.24
4,114,3275382,0,0,0,0,0,0,0,0,0,-1,-1,29.41,59.42,1011.75,12.50
4,115,3280382,0,0,0,0,0,0,0,0,0,-1,-1,29.41,59.42,1011.75,12.50
4,116,3285382,0,0,0,0,0,0,0,0,0,-1,-1,29.42,59.42,1011.70,12.88
4,117,3290382,0,0,0,0,0,0,0,0,0,-1,-1,29.43,59.41,1011.78,12.29
4,118,3295382,0,0,0,0,0,0,0,0,0,-1,-1,29.42,59.41,1011.73,12.65
4,119,3300382,0,0,0,0,0,0,0,0,0,-1,-1,29.41,59.41,1011.72,12.72
4,120,3305382,0,0,0,0,0,0,0,0,0,-1,-1,29.42,59.40,1011.69,13.03
4,121,3310382,0,0,0,0,0,0,0,0,0,-1,-1,29.43,59.40,1011.75,12.51
4,122,3315382,0,0,0,0,0,0,0,0,0,-1,-1,29.43,59.37,1011.72,12.73
4,123,3320382,0,0,0,6,0,0,0,0,0,-1,-1,29.43,59.39,1011.73,12.66
4,124,3325382,0,0,0,6,0,0,0,0,0,-1,-1,29.43,59.40,1011.75,12.51
4,125,3330382,0,0,0,6,0,0,0,0,0,-1,-1,29.43,59.40,1011.76,12.44
4,126,3335382,0,0,0,6,0,0,0,0,0,-1,-1,29.44,59.38,1011.71,12.81
4,127,3340382,0,0,0,0,0,0,0,0,0,-1,-1,29.43,59.39,1011.76,12.44
4,128,3345382,0,0,0,0,0,0,0,0,0,-1,-1,29.44,59.38,1011.82,11.92
4,129,3350382,0,0,0,0,0,0,0,0,0,-1,-1,29.42,59.38,1011.74,12.58
4,130,3355382,0,0,0,0,0,0,0,0,0,-1,-1,29.44,59.37,1011.77,12.29
4,131,3360382,0,0,0,6,0,0,0,0,0,-1,-1,29.43,59.38,1011.80,12.06
4,132,3365382,0,0,0,6,0,0,0,0,0,-1,-1,29.44,59.35,1011.79,12.14
4,133,3370382,0,0,0,6,0,0,0,0,0,-1,-1,29.43,59.37,1011.83,11.84
4,134,3375382,0,0,0,6,0,0,0,0,0,-1,-1,29.44,59.52,1011.82,11.92
4,135,3380382,0,0,0,6,0,0,0,0,0,-1,-1,29.43,59.26,1011.73,12.66
4,136,3385382,0,0,0,6,0,0,0,0,0,-1,-1,29.44,59.35,1011.74,12.59
4,137,3390382,0,0,0,6,0,0,0,0,0,-1,-1,29.44,59.34,1011.72,12.74
4,138,3395382,0,0,0,6,0,0,0,0,0,-1,-1,29.44,59.34,1011.74,12.59
4,139,3400382,0,0,0,0,0,0,0,0,0,-1,-1,29.45,59.36,1011.78,12.22
4,140,3405382,0,0,0,0,0,0,0,0,0,-1,-1,29.44,59.33,1011.79,12.14
4,141,3410382,0,0,0,24,0,0,0,0,0,-1,-1,29.44,59.32,1011.74,12.59
4,142,3415382,0,0,0,24,0,0,0,0,0,-1,-1,29.45,59.32,1011.73,12.67
4,143,3420382,0,0,0,24,0,0,0,0,0,-1,-1,29.44,59.33,1011.75,12.52
4,144,3425382,0,0,0,24,0,0,0,0,0,-1,-1,29.45,59.31,1011.81,12.00
4,145,3430382,0,0,0,0,0,0,0,0,0,-1,-1,29.45,59.31,1011.81,12.00
4,146,3435382,0,0,0,0,0,0,0,0,0,-1,-1,29.45,59.30,1011.78,12.22
4,147,3440382,0,0,0,0,0,0,0,0,0,-1,-1,29.44,59.30,1011.75,12.52
4,148,3445382,0,0,0,6,0,0,0,0,0,-1,-1,29.46,59.30,1011.67,13.20
4,149,3450382,0,0,0,6,0,0,0,0,0,-1,-1,29.45,59.29,1011.76,12.45
4,150,3455382,0,0,0,12,0,0,0,0,0,-1,-1,29.45,59.27,1011.74,12.60
4,151,3460382,0,0,0,12,0,0,0,0,0,-1,-1,29.45,59.29,1011.70,12.89
4,152,3465382,0,0,0,6,0,0,0,0,0,-1,-1,29.45,59.28,1011.68,13.04
4,153,3470382,0,0,0,6,0,0,0,0,0,-1,-1,29.45,59.27,1011.68,13.04
4,154,3475382,0,0,0,0,0,0,0,0,0,-1,-1,29.46,59.27,1011.75,12.53
4,155,3480382,0,0,0,0,0,0,0,0,0,-1,-1,29.47,59.27,1011.71,12.83
4,156,3485382,0,0,0,0,0,0,0,0,0,-1,-1,29.47,59.25,1011.68,13.05
4,157,3490382,0,0,0,6,0,0,0,0,0,-1,-1,29.46,59.25,1011.67,13.12
4,158,3495382,0,0,0,6,0,0,0,0,0,-1,-1,29.46,59.25,1011.73,12.68
4,159,3500382,0,0,0,6,0,0,0,0,0,-1,-1,29.46,59.24,1011.70,12.90
4,160,3505382,0,0,0,6,0,0,0,0,0,-1,-1,29.46,59.24,1011.70,12.90
4,161,3510382,0,0,0,0,0,0,0,0,0,-1,-1,29.47,59.21,1011.71,12.83
4,162,3515382,0,0,0,0,0,0,0,0,0,-1,-1,29.47,59.21,1011.60,13.72
4,163,3520382,0,0,0,30,0,0,0,0,0,-1,-1,29.46,59.22,1011.76,12.46
4,164,3525382,0,0,0,30,0,0,0,0,0,-1,-1,29.47,59.19,1011.74,12.61
4,165,3530382,0,0,0,30,0,0,0,0,0,-1,-1,29.46,59.20,1011.70,12.90
4,166,3535382,0,0,0,6,0,0,0,0,0,-1,-1,29.46,59.20,1011.78,12.23
4,167,3540382,0,0,0,0,0,0,0,0,0,-1,-1,29.47,59.19,1011.75,12.53
4,168,3545382,0,0,0,0,0,0,0,0,0,-1,-1,29.47,59.18,1011.69,12.98
4,169,3550382,0,0,0,0,0,0,0,0,0,-1,-1,29.48,59.17,1011.70,12.91
4,170,3555382,0,0,0,0,0,0,0,0,0,-1,-1,29.48,59.17,1011.70,12.91
4,171,3560382,0,0,0,0,0,0,0,0,0,-1,-1,29.47,59.15,1011.67,13.20
4,172,3565382,0,0,0,0,0,0,0,0,0,-1,-1,29.47,59.16,1011.71,12.83
4,173,3570382,0,0,0,6,0,0,0,0,0,-1,-1,29.46,59.15,1011.67,13.12
4,174,3575382,0,0,0,6,0,0,0,0,0,-1,-1,29.48,59.15,1011.73,12.69
4,175,3580382,0,0,0,6,0,0,0,0,0,-1,-1,29.48,59.15,1011.68,13.06
4,176,3585382,0,0,0,6,0,0,0,0,0,-1,-1,29.48,59.14,1011.73,12.69
4,177,3590382,0,0,0,12,0,0,0,0,0,-1,-1,29.48,59.13,1011.74,12.61
4,178,3595382,0,0,0,12,0,0,0,0,0,-1,-1,29.47,59.14,1011.72,12.76
4,179,3600382,0,0,0,18,0,0,0,0,0,-1,-1,29.47,59.10,1011.72,12.76
5,0,3605382,0,0,0,6,0,0,0,0,0,-1,-1,29.47,59.12,1011.71,12.83
5,1,3610382,0,0,0,12,0,0,0,0,0,-1,-1,29.47,59.11,1011.71,12.83
5,2,3615382,0,0,0,6,0,0,0,0,0,-1,-1,29.48,59.09,1011.70,12.91
5,3,3620382,0,0,0,6,0,0,0,0,0,-1,-1,29.47,59.10,1011.69,12.98
5,4,3625382,0,0,0,6,0,0,0,0,0,-1,-1,29.47,59.10,1011.67,13.20
5,5,3630382,0,0,0,0,0,0,0,0,0,-1,-1,29.48,59.09,1011.67,13.13
5,6,3635382,0,0,0,0,0,0,0,0,0,-1,-1,29.47,59.09,1011.69,12.98
5,7,3640382,0,0,0,0,0,0,0,0,0,-1,-1,29.48,59.09,1011.73,12.69
5,8,3645382,0,0,0,0,0,0,0,0,0,-1,-1,29.49,59.09,1011.69,12.99
5,9,3650382,0,0,0,0,0,0,0,0,0,-1,-1,29.48,59.08,1011.70,12.91
5,10,3655382,0,0,0,30,0,0,0,0,0,-1,-1,29.48,59.08,1011.66,13.29
5,11,3660382,0,0,0,30,0,0,0,0,0,-1,-1,29.48,59.07,1011.67,13.13
5,12,3665382,0,0,0,30,0,0,0,0,0,-1,-1,29.48,59.06,1011.67,13.13
5,13,3670382,0,0,0,30,0,0,0,0,0,-1,-1,29.49,59.05,1011.67,13.14
5,14,3675382,0,0,0,0,0,0,0,0,0,-1,-1,29.50,59.02,1011.63,13.52
5,15,3680382,0,0,0,0,0,0,0,0,0,-1,-1,29.50,59.02,1011.63,13.52
5,16,3685382,0,0,0,0,0,0,0,0,0,-1,-1,29.50,59.03,1011.65,13.29
5,17,3690382,0,0,0,0,0,0,0,0,0,-1,-1,29.50,59.01,1011.71,12.84
5,18,3695382,0,0,0,0,0,0,0,0,0,-1,-1,29.50,59.01,1011.65,13.29
5,19,3700382,0,0,0,12,0,0,0,0,0,-1,-1,29.51,59.00,1011.70,12.92
5,20,3705382,0,0,0,12,0,0,0,0,0,-1,-1,29.51,58.99,1011.65,13.30
5,21,3710382,0,0,0,12,0,0,0,0,0,-1,-1,29.52,58.97,1011.64,13.45
5,22,3715382,0,0,0,6,0,0,0,0,0,-1,-1,29.52,58.96,1011.69,13.00
5,23,3720382,0,0,0,6,0,0,0,0,0,-1,-1,29.53,58.95,1011.68,13.08
5,24,3725382,0,0,0,6,0,0,0,0,0,-1,-1,29.52,58.95,1011.70,12.93
5,25,3730382,0,0,0,0,0,0,0,0,0,-1,-1,29.52,58.95,1011.67,13.16
5,26,3735382,0,0,0,0,0,0,0,0,0,-1,-1,29.53,58.93,1011.71,12.86
5,27,3740382,0,0,0,0,0,0,0,0,0,-1,-1,29.53,58.92,1011.77,12.34
5,28,3745382,0,0,0,12,0,0,0,0,0,-1,-1,29.54,58.89,1011.70,12.94
5,29,3750382,0,0,0,12,0,0,0,0,0,-1,-1,29.54,58.91,1011.64,13.39
5,30,3755382,0,0,0,18,0,0,0,0,0,-1,-1,29.54,58.89,1011.64,13.39
5,31,3760382,0,0,0,24,0,0,0,0,0,-1,-1,29.54,58.89,1011.68,13.10
5,32,3765382,0,0,0,12,0,0,0,0,0,-1,-1,29.53,58.86,1011.57,13.98
5,33,3770382,0,0,0,12,0,0,0,0,0,-1,-1,29.55,58.84,1011.63,13.47
5,34,3775382,0,0,0,6,0,0,0,0,0,-1,-1,29.55,58.86,1011.63,13.47
5,35,3780382,0,0,0,0,0,0,0,0,0,-1,-1,29.56,58.82,1011.64,13.40
5,36,3785382,0,0,0,0,0,0,0,0,0,-1,-1,29.55,58.82,1011.66,13.25
5,37,3790382,0,0,0,0,0,0,0,0,0,-1,-1,29.56,58.80,1011.68,13.10
5,38,3795382,0,0,0,0,0,0,0,0,0,-1,-1,29.56,58.80,1011.70,12.88
5,39,3800382,0,0,0,0,0,0,0,0,0,-1,-1,29.57,58.79,1011.69,13.03
5,40,3805382,0,0,0,0,0,0,0,0,0,-1,-1,29.59,58.77,1011.65,13.34
5,41,3810382,0,0,0,24,0,0,0,0,0,-1,-1,29.59,58.78,1011.70,12.90
5,42,3815382,0,0,0,30,0,0,0,0,0,-1,-1,29.60,58.76,1011.66,13.27
5,43,3820382,0,0,0,30,0,0,0,0,0,-1,-1,29.60,58.74,1011.66,13.27
5,44,3825382,0,0,0,6,0,0,0,0,0,-1,-1,29.60,58.74,1011.63,13.49
5,45,3830382,0,0,0,6,0,0,0,0,0,-1,-1,29.60,58.72,1011.63,13.49
5,46,3835382,0,0,0,0,0,0,0,0,0,-1,-1,29.61,58.73,1011.62,13.57
5,47,3840382,0,0,0,0,0,0,0,0,0,-1,-1,29.61,58.72,1011.68,13.06
5,48,3845382,0,0,0,0,0,0,0,0,0,-1,-1,29.60,58.72,1011.67,13.20
5,49,3850382,0,0,0,0,0,0,0,0,0,-1,-1,29.61,58.71,1011.67,13.13
5,50,3855382,0,0,0,18,0,0,0,0,0,-1,-1,29.62,58.68,1011.67,13.13
5,51,3860382,0,0,0,18,0,0,0,0,0,-1,-1,29.61,58.67,1011.55,14.17
5,52,3865382,0,0,0,18,0,0,0,0,0,-1,-1,29.62,58.66,1011.56,14.10
5,53,3870382,0,0,0,18,0,0,0,0,0,-1,-1,29.63,58.65,1011.57,13.96
5,54,3875382,0,0,0,0,0,0,0,0,0,-1,-1,29.63,58.65,1011.61,13.66
5,55,3880382,0,0,0,0,0,0,0,0,0,-1,-1,29.64,58.63,1011.59,13.81
5,56,3885382,0,0,0,6,0,0,0,0,0,-1,-1,29.64,58.63,1011.62,13.59
5,57,3890382,0,0,0,6,0,0,0,0,0,-1,-1,29.64,58.62,1011.65,13.37
5,58,3895382,0,0,0,6,0,0,0,0,0,-1,-1,29.65,58.61,1011.58,13.89
5,59,3900382,0,0,0,6,0,0,0,0,0,-1,-1,29.65,58.61,1011.56,14.04
5,60,3905382,0,0,0,0,0,0,0,0,0,-1,-1,29.64,58.60,1011.65,13.29
5,61,3910382,0,0,0,0,0,0,0,0,0,-1,-1,29.65,58.58,1011.50,14.56
5,62,3915382,0,0,0,12,0,0,0,0,0,-1,-1,29.65,58.58,1011.62,13.60
5,63,3920382,0,0,0,12,0,0,0,0,0,-1,-1,29.65,58.56,1011.54,14.27
5,64,3925382,0,0,0,12,0,0,0,0,0,-1,-1,29.65,58.57,1011.61,13.67
5,65,3930382,0,0,0,6,0,0,0,0,0,-1,-1,29.67,58.56,1011.62,13.61
5,66,3935382,0,0,0,18,0,0,0,0,0,-1,-1,29.66,58.55,1011.55,14.13
5,67,3940382,0,0,0,18,0,0,0,0,0,-1,-1,29.67,58.54,1011.56,14.05
5,68,3945382,0,0,0,18,0,0,0,0,0,-1,-1,29.68,58.54,1011.69,13.02
5,69,3950382,0,0,0,12,0,0,0,0,0,-1,-1,29.67,58.53,1011.57,13.98
5,70,3955382,0,0,0,6,0,0,0,0,0,-1,-1,29.67,58.51,1011.60,13.76
5,71,3960382,0,0,0,18,0,0,0,0,0,-1,-1,29.68,58.50,1011.64,13.39
5,72,3965382,0,0,0,18,0,0,0,0,0,-1,-1,29.67,58.50,1011.54,14.20
5,73,3970382,0,0,0,18,0,0,0,0,0,-1,-1,29.69,58.51,1011.54,14.22
5,74,3975382,0,0,0,0,0,0,0,0,0,-1,-1,29.69,58.48,1011.60,13.77
5,75,3980382,0,0,0,0,0,0,0,0,0,-1,-1,29.68,58.48,1011.56,14.06
5,76,3985382,0,0,0,0,0,0,0,0,0,-1,-1,29.68,58.47,1011.54,14.29
5,77,3990382,0,0,0,0,0,0,0,0,0,-1,-1,29.68,58.47,1011.51,14.51
5,78,3995382,0,0,0,12,0,0,0,0,0,-1,-1,29.69,58.48,1011.57,13.99
5,79,4000382,0,0,0,12,0,0,0,0,0,-1,-1,29.68,58.47,1011.56,14.06
5,80,4005382,0,0,0,12,0,0,0,0,0,-1,-1,29.69,58.46,1011.58,13.92
5,81,4010382,0,0,0,18,0,0,0,0,0,-1,-1,29.70,58.46,1011.51,14.52
5,82,4015382,0,0,0,6,0,0,0,0,0,-1,-1,29.70,58.47,1011.52,14.45
5,83,4020382,0,0,0,6,0,0,0,0,0,-1,-1,29.70,58.45,1011.57,14.00
5,84,4025382,0,0,0,6,0,0,0,0,0,-1,-1,29.71,58.45,1011.61,13.63
5,85,4030382,0,0,0,0,0,0,0,0,0,-1,-1,29.69,58.43,1011.55,14.14
5,86,4035382,0,0,0,0,0,0,0,0,0,-1,-1,29.71,58.43,1011.53,14.30
5,87,4040382,0,0,0,0,0,0,0,0,0,-1,-1,29.71,58.44,1011.51,14.52
5,88,4045382,0,0,0,0,0,0,0,0,0,-1,-1,29.71,58.43,1011.53,14.30
5,89,4050382,0,0,0,0,0,0,0,0,0,-1,-1,29.71,58.44,1011.52,14.37
5,90,4055382,0,0,0,0,0,0,0,0,0,-1,-1,29.71,58.41,1011.56,14.08
5,91,4060382,0,0,0,0,0,0,0,0,0,-1,-1,29.71,58.43,1011.61,13.63
5,92,4065382,0,0,0,6,0,0,0,0,0,-1,-1,29.72,58.42,1011.57,14.01
5,93,4070382,0,0,0,6,0,0,0,0,0,-1,-1,29.72,58.42,1011.52,14.38
5,94,4075382,0,0,0,6,0,0,0,0,0,-1,-1,29.73,58.43,1011.57,14.02
5,95,4080382,0,0,0,6,0,0,0,0,0,-1,-1,29.73,58.41,1011.57,14.02
5,96,4085382,0,0,0,0,0,0,0,0,0,-1,-1,29.73,58.40,1011.62,13.57
5,97,4090382,0,0,0,0,0,0,0,0,0,-1,-1,29.72,58.40,1011.54,14.23
5,98,4095382,0,0,0,0,0,0,0,0,0,-1,-1,29.73,58.40,1011.62,13.57
5,99,4100382,0,0,0,0,0,0,0,0,0,-1,-1,29.74,58.40,1011.58,13.94
5,100,4105382,0,0,0,30,0,0,0,0,0,-1,-1,29.74,58.40,1011.55,14.17
5,101,4110382,0,0,0,30,0,0,0,0,0,-1,-1,29.74,58.40,1011.55,14.17
5,102,4115382,0,0,0,30,0,0,0,0,0,-1,-1,29.74,58.39,1011.50,14.61
5,103,4120382,0,0,0,18,0,0,0,0,0,-1,-1,29.75,58.39,1011.59,13.80
5,104,4125382,0,0,0,0,0,0,0,0,0,-1,-1,29.74,58.39,1011.55,14.17
5,105,4130382,0,0,0,18,0,0,0,0,0,-1,-1,29.74,58.38,1011.52,14.39
5,106,4135382,0,0,0,18,0,0,0,0,0,-1,-1,29.74,58.37,1011.56,14.10
5,107,4140382,0,0,0,18,0,0,0,0,0,-1,-1,29.74,58.37,1011.53,14.32
5,108,4145382,0,0,0,6,0,0,0,0,0,-1,-1,29.75,58.36,1011.60,13.73
5,109,4150382,0,0,0,6,0,0,0,0,0,-1,-1,29.74,58.36,1011.50,14.54
5,110,4155382,0,0,0,6,0,0,0,0,0,-1,-1,29.74,58.37,1011.52,14.39
5,111,4160382,0,0,0,6,0,0,0,0,0,-1,-1,29.74,58.36,1011.52,14.39
5,112,4165382,0,0,0,6,0,0,0,0,0,-1,-1,29.75,58.35,1011.55,14.18
5,113,4170382,0,0,0,6,0,0,0,0,0,-1,-1,29.75,58.35,1011.57,14.03
5,114,4175382,0,0,0,0,0,0,0,0,0,-1,-1,29.76,58.35,1011.53,14.33
5,115,4180382,0,0,0,0,0,0,0,0,0,-1,-1,29.76,58.36,1011.45,15.00
5,116,4185382,0,0,0,0,0,0,0,0,0,-1,-1,29.75,58.37,1011.58,13.95
5,117,4190382,0,0,0,0,0,0,0,0,0,-1,-1,29.75,58.35,1011.55,14.18
5,118,4195382,0,0,0,0,0,0,0,0,0,-1,-1,29.76,58.36,1011.50,14.55
5,119,4200382,0,0,0,0,0,0,0,0,0,-1,-1,29.77,58.35,1011.56,14.12
5,120,4205382,0,0,0,6,0,0,0,0,0,-1,-1,29.78,58.34,1011.55,14.19
5,121,4210382,0,0,0,6,0,0,0,0,0,-1,-1,29.77,58.33,1011.53,14.34
5,122,4215382,0,0,0,12,0,0,0,0,0,-1,-1,29.77,58.33,1011.47,14.86
5,123,4220382,0,0,0,6,0,0,0,0,0,-1,-1,29.76,58.32,1011.50,14.55
5,124,4225382,0,0,0,6,0,0,0,0,0,-1,-1,29.76,58.31,1011.54,14.26
5,125,4230382,0,0,0,6,0,0,0,0,0,-1,-1,29.77,58.33,1011.53,14.34
5,126,4235382,0,0,0,0,0,0,0,0,0,-1,-1,29.78,58.32,1011.48,14.71
5,127,4240382,0,0,0,12,0,0,0,0,0,-1,-1,29.78,58.29,1011.51,14.49
5,128,4245382,0,0,0,12,0,0,0,0,0,-1,-1,29.78,58.28,1011.55,14.19
5,129,4250382,0,0,0,12,0,0,0,0,0,-1,-1,29.77,58.28,1011.50,14.56
5,130,4255382,0,0,0,0,0,0,0,0,0,-1,-1,29.77,58.27,1011.45,15.01
5,131,4260382,0,0,0,0,0,0,0,0,0,-1,-1,29.78,58.27,1011.52,14.42
5,132,4265382,0,0,0,0,0,0,0,0,0,-1,-1,29.79,58.27,1011.51,14.50
5,133,4270382,0,0,0,0,0,0,0,0,0,-1,-1,29.79,58.26,1011.50,14.57
5,134,4275382,0,0,0,0,0,0,0,0,0,-1,-1,29.79,58.25,1011.54,14.27
5,135,4280382,0,0,0,6,0,0,0,0,0,-1,-1,29.78,58.26,1011.55,14.19
5,136,4285382,0,0,0,6,0,0,0,0,0,-1,-1,29.78,58.26,1011.49,14.64
5,137,4290382,0,0,0,6,0,0,0,0,0,-1,-1,29.79,58.25,1011.48,14.72
5,138,4295382,0,0,0,6,0,0,0,0,0,-1,-1,29.80,58.23,1011.46,14.87
5,139,4300382,0,0,0,0,0,0,0,0,0,-1,-1,29.79,58.22,1011.46,14.94
5,140,4305382,0,0,0,6,0,0,0,0,0,-1,-1,29.80,58.24,1011.53,14.35
5,141,4310382,0,0,0,6,0,0,0,0,0,-1,-1,29.80,58.22,1011.53,14.35
5,142,4315382,0,0,0,6,0,0,0,0,0,-1,-1,29.80,58.23,1011.55,14.13
5,143,4320382,0,0,0,6,0,0,0,0,0,-1,-1,29.81,58.22,1011.46,14.95
5,144,4325382,0,0,0,6,0,0,0,0,0,-1,-1,29.80,58.21,1011.50,14.58
5,145,4330382,0,0,0,6,0,0,0,0,0,-1,-1,29.81,58.20,1011.54,14.21
5,146,4335382,0,0,0,12,0,0,0,0,0,-1,-1,29.81,58.19,1011.54,14.28
5,147,4340382,0,0,0,12,0,0,0,0,0,-1,-1,29.81,58.19,1011.54,14.28
5,148,4345382,0,0,0,6,0,0,0,0,0,-1,-1,29.82,58.19,1011.55,14.14
5,149,4350382,0,0,0,6,0,0,0,0,0,-1,-1,29.80,58.18,1011.49,14.65
5,150,4355382,0,0,0,0,0,0,0,0,0,-1,-1,29.80,58.19,1011.53,14.35
5,151,4360382,0,0,0,0,0,0,0,0,0,-1,-1,29.82,58.20,1011.56,14.07
5,152,4365382,0,0,0,6,0,0,0,0,0,-1,-1,29.81,58.19,1011.62,13.54
5,153,4370382,0,0,0,24,0,0,0,0,0,-1,-1,29.82,58.18,1011.53,14.29
5,154,4375382,0,0,0,24,0,0,0,0,0,-1,-1,29.81,58.20,1011.54,14.21
5,155,4380382,0,0,0,18,0,0,0,0,0,-1,-1,29.81,58.05,1011.54,14.28
5,156,4385382,0,0,0,30,0,0,0,0,0,-1,-1,29.81,58.17,1011.52,14.43
5,157,4390382,0,0,0,12,0,0,0,0,0,-1,-1,29.83,58.16,1011.46,14.89
5,158,4395382,0,0,0,18,0,0,0,0,0,-1,-1,29.83,58.18,1011.53,14.37
5,159,4400382,0,0,0,24,0,0,0,0,0,-1,-1,29.83,58.16,1011.53,14.37
5,160,4405382,0,0,0,24,0,0,0,0,0,-1,-1,29.83,58.16,1011.50,14.59
5,161,4410382,0,0,0,30,0,0,0,0,0,-1,-1,29.83,58.13,1011.55,14.15
5,162,4415382,0,0,0,42,0,0,0,0,0,-1,-1,29.81,58.13,1011.46,14.88
5,163,4420382,0,0,0,48,0,0,0,0,0,-1,-1,29.81,58.13,1011.44,15.10
5,164,4425382,0,0,0,48,0,0,0,0,0,-1,-1,29.83,58.14,1011.50,14.59
5,165,4430382,0,0,0,42,0,0,0,0,0,-1,-1,29.82,58.13,1011.48,14.74
5,166,4435382,0,0,0,6,0,0,0,0,0,-1,-1,29.83,58.16,1011.50,14.59
5,167,4440382,0,0,0,6,0,0,0,0,0,-1,-1,29.83,58.12,1011.53,14.37
5,168,4445382,0,0,0,12,0,0,0,0,0,-1,-1,29.83,58.11,1011.44,15.11
5,169,4450382,0,0,0,6,0,0,0,0,0,-1,-1,29.83,58.12,1011.44,15.04
5,170,4455382,0,0,0,6,0,0,0,0,0,-1,-1,29.83,58.13,1011.52,14.44
5,171,4460382,0,0,0,24,0,0,0,0,0,-1,-1,29.84,58.11,1011.49,14.67
5,172,4465382,0,0,0,24,0,0,0,0,0,-1,-1,29.83,58.11,1011.47,14.82
5,173,4470382,0,0,0,24,0,0,0,0,0,-1,-1,29.84,58.11,1011.53,14.30
5,174,4475382,0,0,0,12,0,0,0,0,0,-1,-1,29.84,58.12,1011.48,14.75
5,175,4480382,0,0,0,12,0,0,0,0,0,-1,-1,29.84,58.09,1011.51,14.52
5,176,4485382,0,0,0,6,0,0,0,0,0,-1,-1,29.84,58.10,1011.52,14.45
5,177,4490382,0,0,0,6,0,0,0,0,0,-1,-1,29.84,58.08,1011.49,14.67
5,178,4495382,0,0,0,12,0,0,0,0,0,-1,-1,29.84,58.09,1011.40,15.42
5,179,4500382,0,0,0,12,0,0,0,0,0,-1,-1,29.84,58.08,1011.46,14.90
6,0,4505382,0,0,0,12,0,0,0,0,0,-1,-1,29.84,58.07,1011.52,14.45
6,1,4510382,0,0,0,12,0,0,0,0,0,-1,-1,29.84,58.06,1011.49,14.67
6,2,4515382,0,0,0,0,0,0,0,0,0,-1,-1,29.84,58.07,1011.49,14.67
6,3,4520382,0,0,0,6,0,0,0,0,0,-1,-1,29.84,58.07,1011.46,14.90
6,4,4525382,0,0,0,6,0,0,0,0,0,-1,-1,29.85,58.06,1011.47,14.83
6,5,4530382,0,0,0,6,0,0,0,0,0,-1,-1,29.84,58.07,1011.46,14.90
6,6,4535382,0,0,0,0,0,0,0,0,0,-1,-1,29.86,58.07,1011.51,14.46
6,7,4540382,0,0,0,0,0,0,0,0,0,-1,-1,29.85,58.07,1011.56,14.08
6,8,4545382,0,0,0,0,0,0,0,0,0,-1,-1,29.86,58.05,1011.49,14.68
6,9,4550382,0,0,0,0,0,0,0,0,0,-1,-1,29.85,58.06,1011.56,14.08
6,10,4555382,0,0,0,0,0,0,0,0,0,-1,-1,29.86,58.05,1011.54,14.23
6,11,4560382,0,0,0,0,0,0,0,0,0,-1,-1,29.85,58.04,1011.45,14.98
6,12,4565382,0,0,0,0,0,0,0,0,0,-1,-1,29.85,58.02,1011.48,14.75
6,13,4570382,0,0,0,0,0,0,0,0,0,-1,-1,29.85,58.16,1011.44,15.05
6,14,4575382,0,0,0,0,0,0,0,0,0,-1,-1,29.86,58.02,1011.46,14.91
6,15,4580382,0,0,0,0,0,0,0,0,0,-1,-1,29.85,58.01,1011.39,15.50
6,16,4585382,0,0,0,0,0,0,0,0,0,-1,-1,29.85,58.04,1011.45,14.98
6,17,4590382,0,0,0,0,0,0,0,0,0,-1,-1,29.86,58.02,1011.46,14.91
6,18,4595382,0,0,0,0,0,0,0,0,0,-1,-1,29.85,58.01,1011.48,14.75
6,19,4600382,0,0,0,0,0,0,0,0,0,-1,-1,29.85,58.01,1011.53,14.31
6,20,4605382,0,0,0,0,0,0,0,0,0,-1,-1,29.85,58.02,1011.51,14.53
6,21,4610382,0,0,0,0,0,0,0,0,0,-1,-1,29.86,58.00,1011.50,14.61
6,22,4615382,0,0,0,0,0,0,0,0,0,-1,-1,29.86,58.02,1011.47,14.83
6,23,4620382,0,0,0,0,0,0,0,0,0,-1,-1,29.86,58.00,1011.46,14.91
6,24,4625382,0,0,0,0,0,0,0,0,0,-1,-1,29.85,58.00,1011.45,14.98
6,25,4630382,0,0,0,0,0,0,0,0,0,-1,-1,29.85,58.00,1011.48,14.75
6,26,4635382,0,0,0,0,0,0,0,0,0,-1,-1,29.86,58.01,1011.49,14.68
6,27,4640382,0,0,0,0,0,0,0,0,0,-1,-1,29.85,58.00,1011.43,15.20
6,28,4645382,0,0,0,0,0,0,0,0,0,-1,-1,29.86,58.00,1011.47,14.83
6,29,4650382,0,0,0,0,0,0,0,0,0,-1,-1,29.86,58.00,1011.51,14.46
6,30,4655382,0,0,0,0,0,0,0,0,0,-1,-1,29.86,58.01,1011.52,14.39
6,31,4660382,0,0,0,0,0,0,0,0,0,-1,-1,29.87,58.00,1011.48,14.76
6,32,4665382,0,0,0,24,0,0,0,0,0,-1,-1,29.86,58.00,1011.55,14.16
6,33,4670382,0,0,0,24,0,0,0,0,0,-1,-1,29.86,58.01,1011.49,14.68
6,34,4675382,0,0,0,24,0,0,0,0,0,-1,-1,29.85,58.01,1011.55,14.15
6,35,4680382,0,0,0,6,0,0,0,0,0,-1,-1,29.86,58.00,1011.52,14.39
6,36,4685382,0,0,0,0,0,0,0,0,0,-1,-1,29.86,58.00,1011.51,14.46
6,37,4690382,0,0,0,0,0,0,0,0,0,-1,-1,29.85,57.99,1011.45,14.98
6,38,4695382,0,0,0,0,0,0,0,0,0,-1,-1,29.86,58.00,1011.58,13.94
6,39,4700382,0,0,0,0,0,0,0,0,0,-1,-1,29.86,58.00,1011.51,14.46
6,40,4705382,0,0,0,0,0,0,0,0,0,-1,-1,29.86,57.99,1011.47,14.83
6,41,4710382,0,0,0,0,0,0,0,0,0,-1,-1,29.86,58.00,1011.54,14.23
6,42,4715382,0,0,0,0,0,0,0,0,0,-1,-1,29.86,58.00,1011.54,14.23
6,43,4720382,0,0,0,0,0,0,0,0,0,-1,-1,29.86,57.99,1011.51,14.46
6,44,4725382,0,0,0,0,0,0,0,0,0,-1,-1,29.86,57.99,1011.50,14.61
6,45,4730382,0,0,0,0,0,0,0,0,0,-1,-1,29.86,58.00,1011.51,14.46
6,46,4735382,0,0,0,0,0,0,0,0,0,-1,-1,29.87,58.01,1011.56,14.09
6,47,4740382,0,0,0,0,0,0,0,0,0,-1,-1,29.85,57.99,1011.45,14.98
6,48,4745382,0,0,0,0,0,0,0,0,0,-1,-1,29.85,58.01,1011.44,15.05
6,49,4750382,0,0,0,0,0,0,0,0,0,-1,-1,29.85,58.00,1011.45,14.98
6,50,4755382,0,0,0,6,0,0,0,0,0,-1,-1,29.86,57.99,1011.49,14.68
6,51,4760382,0,0,0,6,0,0,0,0,0,-1,-1,29.85,57.99,1011.51,14.53
6,52,4765382,0,0,0,6,0,0,0,0,0,-1,-1,29.86,57.99,1011.51,14.46
6,53,4770382,0,0,0,0,0,0,0,0,0,-1,-1,29.86,57.99,1011.47,14.83
6,54,4775382,0,0,0,0,0,0,0,0,0,-1,-1,29.86,57.98,1011.52,14.39
6,55,4780382,0,0,0,0,0,0,0,0,0,-1,-1,29.85,57.98,1011.45,14.98
6,56,4785382,0,0,0,24,0,0,0,0,0,-1,-1,29.86,57.98,1011.54,14.23
6,57,4790382,0,0,0,24,0,0,0,0,0,-1,-1,29.85,57.98,1011.45,14.98
6,58,4795382,0,0,0,24,0,0,0,0,0,-1,-1,29.86,57.98,1011.47,14.83
6,59,4800382,0,0,0,18,0,0,0,0,0,-1,-1,29.86,57.98,1011.50,14.61
6,60,4805382,0,0,0,0,0,0,0,0,0,-1,-1,29.86,57.99,1011.47,14.83
6,61,4810382,0,0,0,0,0,0,0,0,0,-1,-1,29.86,57.98,1011.46,14.91
6,62,4815382,0,0,0,0,0,0,0,0,0,-1,-1,29.86,57.97,1011.51,14.46
6,63,4820382,0,0,0,0,0,0,0,0,0,-1,-1,29.86,57.97,1011.50,14.61
6,64,4825382,0,0,0,6,0,0,0,0,0,-1,-1,29.86,57.97,1011.46,14.91
6,65,4830382,0,0,0,6,0,0,0,0,0,-1,-1,29.86,57.96,1011.47,14.83
6,66,4835382,0,0,0,6,0,0,0,0,0,-1,-1,29.85,57.97,1011.45,14.98
6,67,4840382,0,0,0,6,0,0,0,0,0,-1,-1,29.85,57.97,1011.48,14.75
6,68,4845382,0,0,0,6,0,0,0,0,0,-1,-1,29.86,57.98,1011.47,14.83
6,69,4850382,0,0,0,6,0,0,0,0,0,-1,-1,29.86,57.97,1011.47,14.83
6,70,4855382,0,0,0,6,0,0,0,0,0,-1,-1,29.86,57.98,1011.55,14.16
6,71,4860382,0,0,0,6,0,0,0,0,0,-1,-1,29.86,57.96,1011.43,15.13
6,72,4865382,0,0,0,0,0,0,0,0,0,-1,-1,29.86,57.96,1011.49,14.68
6,73,4870382,0,0,0,24,0,0,0,0,0,-1,-1,29.86,57.97,1011.51,14.46
6,74,4875382,0,0,0,24,0,0,0,0,0,-1,-1,29.86,57.96,1011.49,14.68
6,75,4880382,0,0,0,24,0,0,0,0,0,-1,-1,29.85,57.98,1011.43,15.20
6,76,4885382,0,0,0,24,0,0,0,0,0,-1,-1,29.86,57.98,1011.50,14.61
6,77,4890382,0,0,0,6,0,0,0,0,0,-1,-1,29.87,57.98,1011.45,14.98
6,78,4895382,0,0,0,6,0,0,0,0,0,-1,-1,29.87,57.98,1011.42,15.21
6,79,4900382,0,0,0,0,0,0,0,0,0,-1,-1,29.86,57.97,1011.47,14.83
6,80,4905382,0,0,0,6,0,0,0,0,0,-1,-1,29.86,57.98,1011.46,14.91
6,81,4910382,0,0,0,6,0,0,0,0,0,-1,-1,29.87,57.98,1011.48,14.76
6,82,4915382,0,0,0,18,0,0,0,0,0,-1,-1,29.87,57.99,1011.51,14.54
6,83,4920382,0,0,0,18,0,0,0,0,0,-1,-1,29.86,57.98,1011.52,14.39
6,84,4925382,0,0,0,12,0,0,0,0,0,-1,-1,29.87,57.98,1011.42,15.21
6,85,4930382,0,0,0,12,0,0,0,0,0,-1,-1,29.87,57.98,1011.53,14.32
6,86,4935382,0,0,0,0,0,0,0,0,0,-1,-1,29.86,57.97,1011.49,14.68
6,87,4940382,0,0,0,6,0,0,0,0,0,-1,-1,29.87,57.98,1011.51,14.54
6,88,4945382,0,0,0,6,0,0,0,0,0,-1,-1,29.86,57.99,1011.47,14.83
6,89,4950382,0,0,0,24,0,0,0,0,0,-1,-1,29.86,57.98,1011.49,14.68
6,90,4955382,0,0,0,24,0,0,0,0,0,-1,-1,29.87,57.98,1011.48,14.76
6,91,4960382,0,0,0,18,0,0,0,0,0,-1,-1,29.87,57.99,1011.51,14.47
6,92,4965382,0,0,0,12,0,0,0,0,0,-1,-1,29.87,57.97,1011.51,14.47
6,93,4970382,0,0,0,0,0,0,0,0,0,-1,-1,29.87,57.97,1011.59,13.80
6,94,4975382,0,0,0,0,0,0,0,0,0,-1,-1,29.87,57.97,1011.49,14.69
6,95,4980382,0,0,0,6,0,0,0,0,0,-1,-1,29.87,57.96,1011.51,14.47
6,96,4985382,0,0,0,6,0,0,0,0,0,-1,-1,29.87,57.97,1011.51,14.47
6,97,4990382,0,0,0,6,0,0,0,0,0,-1,-1,29.87,57.97,1011.49,14.69
6,98,4995382,0,0,0,0,0,0,0,0,0,-1,-1,29.88,57.95,1011.44,15.06
6,99,5000382,0,0,0,0,0,0,0,0,0,-1,-1,29.87,57.97,1011.46,14.91
6,100,5005382,0,0,0,0,0,0,0,0,0,-1,-1,29.88,57.98,1011.48,14.77
6,101,5010382,0,0,0,0,0,0,0,0,0,-1,-1,29.88,57.97,1011.50,14.55
6,102,5015382,0,0,0,0,0,0,0,0,0,-1,-1,29.88,57.96,1011.41,15.29
6,103,5020382,0,0,0,0,0,0,0,0,0,-1,-1,29.88,57.94,1011.48,14.77
6,104,5025382,0,0,0,0,0,0,0,0,0,-1,-1,29.88,57.95,1011.41,15.29
6,105,5030382,0,0,0,0,0,0,0,0,0,-1,-1,29.88,57.96,1011.44,15.06
6,106,5035382,0,0,0,0,0,0,0,0,0,-1,-1,29.87,57.95,1011.46,14.91
6,107,5040382,0,0,0,0,0,0,0,0,0,-1,-1,29.88,57.96,1011.48,14.77
6,108,5045382,0,0,0,6,0,0,0,0,0,-1,-1,29.88,57.94,1011.47,14.84
6,109,5050382,0,0,0,6,0,0,0,0,0,-1,-1,29.87,57.97,1011.51,14.47
6,110,5055382,0,0,0,6,0,0,0,0,0,-1,-1,29.89,57.95,1011.49,14.63
6,111,5060382,0,0,0,6,0,0,0,0,0,-1,-1,29.89,57.95,1011.49,14.70
6,112,5065382,0,0,0,0,0,0,0,0,0,-1,-1,29.88,57.96,1011.42,15.22
6,113,5070382,0,0,0,0,0,0,0,0,0,-1,-1,29.88,57.97,1011.50,14.62
6,114,5075382,0,0,0,0,0,0,0,0,0,-1,-1,29.88,57.94,1011.45,14.99
6,115,5080382,0,0,0,12,0,0,0,0,0,-1,-1,29.89,57.95,1011.46,14.92
6,116,5085382,0,0,0,24,0,0,0,0,0,-1,-1,29.88,57.95,1011.39,15.51
6,117,5090382,0,0,0,30,0,0,0,0,0,-1,-1,29.89,57.95,1011.41,15.37
6,118,5095382,0,0,0,30,0,0,0,0,0,-1,-1,29.90,57.97,1011.48,14.78
6,119,5100382,0,0,0,30,0,0,0,0,0,-1,-1,29.88,57.95,1011.48,14.77
6,120,5105382,0,0,0,12,0,0,0,0,0,-1,-1,29.89,57.96,1011.43,15.15
6,121,5110382,0,0,0,12,0,0,0,0,0,-1,-1,29.88,57.96,1011.36,15.73
6,122,5115382,0,0,0,0,0,0,0,0,0,-1,-1,29.88,57.95,1011.48,14.77
6,123,5120382,0,0,0,0,0,0,0,0,0,-1,-1,29.88,57.96,1011.45,14.99
6,124,5125382,0,0,0,0,0,0,0,0,0,-1,-1,29.89,57.95,1011.47,14.85
6,125,5130382,0,0,0,0,0,0,0,0,0,-1,-1,29.89,57.96,1011.44,15.08
6,126,5135382,0,0,0,0,0,0,0,0,0,-1,-1,29.88,57.95,1011.34,15.89
6,127,5140382,0,0,0,0,0,0,0,0,0,-1,-1,29.88,57.94,1011.45,14.99
6,128,5145382,0,0,0,0,0,0,0,0,0,-1,-1,29.89,57.96,1011.41,15.30
6,129,5150382,0,0,0,0,0,0,0,0,0,-1,-1,29.90,57.97,1011.42,15.23
6,130,5155382,0,0,0,12,0,0,0,0,0,-1,-1,29.90,57.95,1011.45,15.01
6,131,5160382,0,0,0,12,0,0,0,0,0,-1,-1,29.88,57.97,1011.42,15.22
6,132,5165382,0,0,0,12,0,0,0,0,0,-1,-1,29.89,57.95,1011.44,15.08
6,133,5170382,0,0,0,12,0,0,0,0,0,-1,-1,29.90,57.95,1011.46,14.93
6,134,5175382,0,0,0,12,0,0,0,0,0,-1,-1,29.90,57.96,1011.43,15.16
6,135,5180382,0,0,0,12,0,0,0,0,0,-1,-1,29.89,57.95,1011.35,15.82
6,136,5185382,0,0,0,12,0,0,0,0,0,-1,-1,29.89,57.95,1011.46,14.92
6,137,5190382,0,0,0,0,0,0,0,0,0,-1,-1,29.88,57.95,1011.42,15.22
6,138,5195382,0,0,0,0,0,0,0,0,0,-1,-1,29.90,57.95,1011.48,14.78
6,139,5200382,0,0,0,0,0,0,0,0,0,-1,-1,29.89,57.95,1011.44,15.08
6,140,5205382,0,0,0,0,0,0,0,0,0,-1,-1,29.91,57.96,1011.44,15.08
6,141,5210382,0,0,0,12,0,0,0,0,0,-1,-1,29.89,57.95,1011.44,15.08
6,142,5215382,0,0,0,12,0,0,0,0,0,-1,-1,29.90,57.96,1011.45,15.01
6,143,5220382,0,0,0,12,0,0,0,0,0,-1,-1,29.90,57.96,1011.43,15.16
6,144,5225382,0,0,0,0,0,0,0,0,0,-1,-1,29.91,57.95,1011.41,15.31
6,145,5230382,0,0,0,0,0,0,0,0,0,-1,-1,29.89,57.96,1011.36,15.75
6,146,5235382,0,0,0,0,0,0,0,0,0,-1,-1,29.90,57.95,1011.46,14.93
6,147,5240382,0,0,0,0,0,0,0,0,0,-1,-1,29.90,57.94,1011.35,15.83
6,148,5245382,0,0,0,0,0,0,0,0,0,-1,-1,29.92,57.95,1011.45,15.01
6,149,5250382,0,0,0,0,0,0,0,0,0,-1,-1,29.90,57.95,1011.38,15.60
6,150,5255382,0,0,0,0,0,0,0,0,0,-1,-1,29.90,57.95,1011.35,15.83
6,151,5260382,0,0,0,0,0,0,0,0,0,-1,-1,29.92,57.96,1011.45,15.01
6,152,5265382,0,0,0,0,0,0,0,0,0,-1,-1,29.92,57.96,1011.39,15.46
6,153,5270382,0,0,0,0,0,0,0,0,0,-1,-1,29.92,57.95,1011.34,15.91
6,154,5275382,0,0,0,0,0,0,0,0,0,-1,-1,29.92,57.95,1011.39,15.46
6,155,5280382,0,0,0,0,0,0,0,0,0,-1,-1,29.92,57.94,1011.34,15.91
6,156,5285382,0,0,0,0,0,0,0,0,0,-1,-1,29.92,57.96,1011.40,15.39
6,157,5290382,0,0,0,0,0,0,0,0,0,-1,-1,29.93,57.96,1011.41,15.32
6,158,5295382,0,0,0,0,0,0,0,0,0,-1,-1,29.92,57.93,1011.39,15.46
6,159,5300382,0,0,0,0,0,0,0,0,0,-1,-1,29.91,57.94,1011.44,15.08
6,160,5305382,0,0,0,6,0,0,0,0,0,-1,-1,29.92,57.93,1011.42,15.24
6,161,5310382,0,0,0,6,0,0,0,0,0,-1,-1,29.92,57.93,1011.35,15.84
6,162,5315382,0,0,0,6,0,0,0,0,0,-1,-1,29.93,57.92,1011.36,15.76
6,163,5320382,0,0,0,6,0,0,0,0,0,-1,-1,29.92,57.93,1011.37,15.68
6,164,5325382,0,0,0,18,0,0,0,0,0,-1,-1,29.93,57.92,1011.39,15.47
6,165,5330382,0,0,0,18,0,0,0,0,0,-1,-1,29.92,57.91,1011.35,15.84
6,166,5335382,0,0,0,18,0,0,0,0,0,-1,-1,29.93,57.93,1011.41,15.32
6,167,5340382,0,0,0,0,0,0,0,0,0,-1,-1,29.93,57.92,1011.41,15.32
6,168,5345382,0,0,0,0,0,0,0,0,0,-1,-1,29.92,57.92,1011.46,14.94
6,169,5350382,0,0,0,0,0,0,0,0,0,-1,-1,29.93,57.92,1011.47,14.80
6,170,5355382,0,0,0,0,0,0,0,0,0,-1,-1,29.93,57.91,1011.41,15.32
6,171,5360382,0,0,0,0,0,0,0,0,0,-1,-1,29.93,57.92,1011.38,15.54
6,172,5365382,0,0,0,0,0,0,0,0,0,-1,-1,29.93,57.91,1011.44,15.09
6,173,5370382,0,0,0,0,0,0,0,0,0,-1,-1,29.94,57.91,1011.38,15.62
6,174,5375382,0,0,0,0,0,0,0,0,0,-1,-1,29.94,57.90,1011.40,15.40
6,175,5380382,0,0,0,0,0,0,0,0,0,-1,-1,29.93,57.89,1011.38,15.54
6,176,5385382,0,0,0,0,0,0,0,0,0,-1,-1,29.93,57.89,1011.41,15.32
6,177,5390382,0,0,0,0,0,0,0,0,0,-1,-1,29.94,57.91,1011.38,15.62
6,178,5395382,0,0,0,0,0,0,0,0,0,-1,-1,29.93,57.89,1011.38,15.54
6,179,5400382,0,0,0,0,0,0,0,0,0,-1,-1,29.93,57.90,1011.41,15.32
7,0,5405382,0,0,0,0,0,0,0,0,0,-1,-1,29.92,57.91,1011.32,16.06
7,1,5410382,0,0,0,0,0,0,0,0,0,-1,-1,29.93,57.89,1011.37,15.69
7,2,5415382,0,0,0,0,0,0,0,0,0,-1,-1,29.93,57.91,1011.34,15.91
7,3,5420382,0,0,0,0,0,0,0,0,0,-1,-1,29.93,57.90,1011.37,15.69
7,4,5425382,0,0,0,0,0,0,0,0,0,-1,-1,29.93,57.90,1011.37,15.69
7,5,5430382,0,0,0,0,0,0,0,0,0,-1,-1,29.93,57.89,1011.37,15.69
7,6,5435382,0,0,0,6,0,0,0,0,0,-1,-1,29.93,57.89,1011.42,15.25
7,7,5440382,0,0,0,6,0,0,0,0,0,-1,-1,29.93,57.90,1011.34,15.91
7,8,5445382,0,0,0,6,0,0,0,0,0,-1,-1,29.94,57.90,1011.43,15.17
7,9,5450382,0,0,0,6,0,0,0,0,0,-1,-1,29.94,57.90,1011.38,15.55
7,10,5455382,0,0,0,6,0,0,0,0,0,-1,-1,29.94,57.88,1011.40,15.40
7,11,5460382,0,0,0,6,0,0,0,0,0,-1,-1,29.94,57.90,1011.32,16.07
7,12,5465382,0,0,0,6,0,0,0,0,0,-1,-1,29.95,57.88,1011.37,15.70
7,13,5470382,0,0,0,0,0,0,0,0,0,-1,-1,29.94,57.89,1011.41,15.33
7,14,5475382,0,0,0,6,0,0,0,0,0,-1,-1,29.94,57.89,1011.38,15.62
7,15,5480382,0,0,0,6,0,0,0,0,0,-1,-1,29.93,57.88,1011.42,15.25
7,16,5485382,0,0,0,6,0,0,0,0,0,-1,-1,29.95,57.87,1011.37,15.70
7,17,5490382,0,0,0,6,0,0,0,0,0,-1,-1,29.94,57.88,1011.43,15.17
7,18,5495382,0,0,0,0,0,0,0,0,0,-1,-1,29.95,57.90,1011.45,15.03
7,19,5500382,0,0,0,0,0,0,0,0,0,-1,-1,29.95,57.88,1011.47,14.80
7,20,5505382,0,0,0,0,0,0,0,0,0,-1,-1,29.95,57.89,1011.45,15.03
7,21,5510382,0,0,0,0,0,0,0,0,0,-1,-1,29.95,57.89,1011.42,15.25
7,22,5515382,0,0,0,12,0,0,0,0,0,-1,-1,29.94,57.89,1011.43,15.17
7,23,5520382,0,0,0,12,0,0,0,0,0,-1,-1,29.94,57.87,1011.38,15.55
7,24,5525382,0,0,0,12,0,0,0,0,0,-1,-1,29.95,57.88,1011.37,15.70
7,25,5530382,0,0,0,0,0,0,0,0,0,-1,-1,29.96,57.88,1011.41,15.33
7,26,5535382,0,0,0,0,0,0,0,0,0,-1,-1,29.95,57.89,1011.35,15.85
7,27,5540382,0,0,0,0,0,0,0,0,0,-1,-1,29.95,57.87,1011.37,15.70
7,28,5545382,0,0,0,0,0,0,0,0,0,-1,-1,29.96,57.88,1011.41,15.33
7,29,5550382,0,0,0,0,0,0,0,0,0,-1,-1,29.95,57.88,1011.35,15.85
7,30,5555382,0,0,0,0,0,0,0,0,0,-1,-1,29.95,57.87,1011.39,15.48
7,31,5560382,0,0,0,0,0,0,0,0,0,-1,-1,29.95,57.76,1011.40,15.40
7,32,5565382,0,0,0,0,0,0,0,0,0,-1,-1,29.95,57.87,1011.42,15.25
7,33,5570382,0,0,0,0,0,0,0,0,0,-1,-1,29.95,57.86,1011.42,15.25
7,34,5575382,0,0,0,0,0,0,0,0,0,-1,-1,29.95,57.86,1011.40,15.40
7,35,5580382,0,0,0,0,0,0,0,0,0,-1,-1,29.96,57.87,1011.41,15.33
7,36,5585382,0,0,0,0,0,0,0,0,0,-1,-1,29.95,57.87,1011.40,15.40
7,37,5590382,0,0,0,0,0,0,0,0,0,-1,-1,29.95,57.86,1011.40,15.40
7,38,5595382,0,0,0,6,0,0,0,0,0,-1,-1,29.95,57.86,1011.40,15.40
7,39,5600382,0,0,0,6,0,0,0,0,0,-1,-1,29.96,57.86,1011.42,15.26
7,40,5605382,0,0,0,6,0,0,0,0,0,-1,-1,29.96,57.87,1011.41,15.33
7,41,5610382,0,0,0,6,0,0,0,0,0,-1,-1,29.96,57.86,1011.36,15.78
7,42,5615382,0,0,0,0,0,0,0,0,0,-1,-1,29.95,57.87,1011.37,15.70
7,43,5620382,0,0,0,0,0,0,0,0,0,-1,-1,29.95,57.85,1011.43,15.18
7,44,5625382,0,0,0,0,0,0,0,0,0,-1,-1,29.95,57.86,1011.35,15.85
7,45,5630382,0,0,0,0,0,0,0,0,0,-1,-1,29.96,57.85,1011.38,15.55
7,46,5635382,0,0,0,0,0,0,0,0,0,-1,-1,29.96,57.86,1011.38,15.55
7,47,5640382,0,0,0,6,0,0,0,0,0,-1,-1,29.96,57.85,1011.38,15.55
7,48,5645382,0,0,0,6,0,0,0,0,0,-1,-1,29.96,57.86,1011.38,15.55
7,49,5650382,0,0,0,6,0,0,0,0,0,-1,-1,29.95,57.83,1011.35,15.85
7,50,5655382,0,0,0,0,0,0,0,0,0,-1,-1,29.95,57.85,1011.39,15.48
7,51,5660382,0,0,0,0,0,0,0,0,0,-1,-1,29.96,57.85,1011.38,15.55
7,52,5665382,0,0,0,0,0,0,0,0,0,-1,-1,29.96,57.85,1011.42,15.26
7,53,5670382,0,0,0,0,0,0,0,0,0,-1,-1,29.96,57.85,1011.33,16.00
7,54,5675382,0,0,0,0,0,0,0,0,0,-1,-1,29.96,57.86,1011.33,16.00
7,55,5680382,0,0,0,0,0,0,0,0,0,-1,-1,29.96,57.85,1011.37,15.71
7,56,5685382,0,0,0,0,0,0,0,0,0,-1,-1,29.97,57.85,1011.40,15.41
7,57,5690382,0,0,0,6,0,0,0,0,0,-1,-1,29.96,57.87,1011.36,15.78
7,58,5695382,0,0,0,18,0,0,0,0,0,-1,-1,29.95,57.83,1011.34,15.92
7,59,5700382,0,0,0,18,0,0,0,0,0,-1,-1,29.97,57.85,1011.37,15.63
7,60,5705382,0,0,0,18,0,0,0,0,0,-1,-1,29.96,57.86,1011.34,15.93
7,61,5710382,0,0,0,12,0,0,0,0,0,-1,-1,29.96,57.83,1011.37,15.71
7,62,5715382,0,0,0,0,0,0,0,0,0,-1,-1,29.96,57.85,1011.37,15.71
7,63,5720382,0,0,0,0,0,0,0,0,0,-1,-1,29.97,57.86,1011.40,15.41
7,64,5725382,0,0,0,0,0,0,0,0,0,-1,-1,29.96,57.84,1011.38,15.55
7,65,5730382,0,0,0,0,0,0,0,0,0,-1,-1,29.97,57.85,1011.40,15.41
7,66,5735382,0,0,0,0,0,0,0,0,0,-1,-1,29.97,57.85,1011.43,15.19
7,67,5740382,0,0,0,0,0,0,0,0,0,-1,-1,29.96,57.84,1011.41,15.33
7,68,5745382,0,0,0,0,0,0,0,0,0,-1,-1,29.97,57.86,1011.43,15.19
7,69,5750382,0,0,0,0,0,0,0,0,0,-1,-1,29.97,57.86,1011.43,15.19
7,70,5755382,0,0,0,0,0,0,0,0,0,-1,-1,29.97,57.85,1011.40,15.41
7,71,5760382,0,0,0,0,0,0,0,0,0,-1,-1,29.96,57.86,1011.38,15.55
7,72,5765382,0,0,0,0,0,0,0,0,0,-1,-1,29.97,57.87,1011.45,14.96
7,73,5770382,0,0,0,0,0,0,0,0,0,-1,-1,29.97,57.86,1011.53,14.29
7,74,5775382,0,0,0,0,0,0,0,0,0,-1,-1,29.96,57.86,1011.47,14.81
7,75,5780382,0,0,0,0,0,0,0,0,0,-1,-1,29.97,57.88,1011.49,14.67
7,76,5785382,0,0,0,0,0,0,0,0,0,-1,-1,29.98,57.86,1011.50,14.60
7,77,5790382,0,0,0,0,0,0,0,0,0,-1,-1,29.96,57.86,1011.37,15.71
7,78,5795382,0,0,0,6,0,0,0,0,0,-1,-1,29.97,57.87,1011.38,15.56
7,79,5800382,0,0,0,12,0,0,0,0,0,-1,-1,29.97,57.87,1011.45,14.96
7,80,5805382,0,0,0,12,0,0,0,0,0,-1,-1,29.98,57.87,1011.39,15.49
7,81,5810382,0,0,0,6,0,0,0,0,0,-1,-1,29.97,57.88,1011.45,14.96
7,82,5815382,0,0,0,6,0,0,0,0,0,-1,-1,29.97,57.87,1011.48,14.74
7,83,5820382,0,0,0,0,0,0,0,0,0,-1,-1,29.98,57.87,1011.42,15.27
7,84,5825382,0,0,0,0,0,0,0,0,0,-1,-1,29.97,57.87,1011.48,14.74
7,85,5830382,0,0,0,0,0,0,0,0,0,-1,-1,29.97,57.87,1011.48,14.74
7,86,5835382,0,0,0,0,0,0,0,0,0,-1,-1,29.98,57.86,1011.42,15.27
7,87,5840382,0,0,0,0,0,0,0,0,0,-1,-1,29.97,57.86,1011.44,15.11
7,88,5845382,0,0,0,0,0,0,0,0,0,-1,-1,29.97,57.87,1011.41,15.34
7,89,5850382,0,0,0,0,0,0,0,0,0,-1,-1,29.98,57.85,1011.47,14.82
7,90,5855382,0,0,0,0,0,0,0,0,0,-1,-1,29.97,57.87,1011.43,15.19
7,91,5860382,0,0,0,0,0,0,0,0,0,-1,-1,29.97,57.88,1011.41,15.34
7,92,5865382,0,0,0,0,0,0,0,0,0,-1,-1,29.98,57.89,1011.44,15.04
7,93,5870382,0,0,0,0,0,0,0,0,0,-1,-1,29.97,57.88,1011.44,15.11
7,94,5875382,0,0,0,0,0,0,0,0,0,-1,-1,29.98,57.87,1011.50,14.60
7,95,5880382,0,0,0,0,0,0,0,0,0,-1,-1,29.98,57.88,1011.47,14.82
7,96,5885382,0,0,0,0,0,0,0,0,0,-1,-1,29.98,57.87,1011.34,15.94
7,97,5890382,0,0,0,0,0,0,0,0,0,-1,-1,29.98,57.87,1011.39,15.49
7,98,5895382,0,0,0,0,0,0,0,0,0,-1,-1,29.97,57.87,1011.44,15.11
7,99,5900382,0,0,0,0,0,0,0,0,0,-1,-1,29.98,57.87,1011.42,15.27
7,100,5905382,0,0,0,0,0,0,0,0,0,-1,-1,29.98,57.89,1011.44,15.04
7,101,5910382,0,0,0,0,0,0,0,0,0,-1,-1,29.98,57.88,1011.39,15.49
7,102,5915382,0,0,0,0,0,0,0,0,0,-1,-1,29.99,57.87,1011.41,15.35
7,103,5920382,0,0,0,0,0,0,0,0,0,-1,-1,29.98,57.86,1011.44,15.04
7,104,5925382,0,0,0,6,0,0,0,0,0,-1,-1,29.99,57.88,1011.46,14.90
7,105,5930382,0,0,0,6,0,0,0,0,0,-1,-1,29.98,57.86,1011.39,15.49
7,106,5935382,0,0,0,6,0,0,0,0,0,-1,-1,29.97,57.87,1011.41,15.34
7,107,5940382,0,0,0,0,0,0,0,0,0,-1,-1,29.98,57.86,1011.48,14.75
7,108,5945382,0,0,0,0,0,0,0,0,0,-1,-1,29.98,57.88,1011.39,15.49
7,109,5950382,0,0,0,6,0,0,0,0,0,-1,-1,29.97,57.86,1011.46,14.89
7,110,5955382,0,0,0,6,0,0,0,0,0,-1,-1,29.99,57.85,1011.46,14.90
7,111,5960382,0,0,0,6,0,0,0,0,0,-1,-1,29.99,57.85,1011.41,15.35
7,112,5965382,0,0,0,6,0,0,0,0,0,-1,-1,29.98,57.86,1011.43,15.19
7,113,5970382,0,0,0,0,0,0,0,0,0,-1,-1,29.98,57.86,1011.42,15.27
7,114,5975382,0,0,0,0,0,0,0,0,0,-1,-1,29.98,57.86,1011.45,14.97
7,115,5980382,0,0,0,0,0,0,0,0,0,-1,-1,29.98,57.86,1011.43,15.19
7,116,5985382,0,0,0,0,0,0,0,0,0,-1,-1,29.98,57.86,1011.39,15.49
7,117,5990382,0,0,0,6,0,0,0,0,0,-1,-1,29.98,57.87,1011.40,15.42
7,118,5995382,0,0,0,6,0,0,0,0,0,-1,-1,29.98,57.86,1011.39,15.49
7,119,6000382,0,0,0,6,0,0,0,0,0,-1,-1,29.98,57.86,1011.53,14.30
7,120,6005382,0,0,0,6,0,0,0,0,0,-1,-1,29.99,57.87,1011.41,15.35
7,121,6010382,0,0,0,6,0,0,0,0,0,-1,-1,29.98,57.87,1011.39,15.49
7,122,6015382,0,0,0,12,0,0,0,0,0,-1,-1,29.98,57.86,1011.37,15.64
7,123,6020382,0,0,0,18,0,0,0,0,0,-1,-1,29.98,57.87,1011.39,15.49
7,124,6025382,0,0,0,18,0,0,0,0,0,-1,-1,29.99,57.87,1011.41,15.35
7,125,6030382,0,0,0,30,0,0,0,0,0,-1,-1,29.99,57.85,1011.41,15.35
7,126,6035382,0,0,0,24,0,0,0,0,0,-1,-1,29.98,57.86,1011.39,15.49
7,127,6040382,0,0,0,42,0,0,0,0,0,-1,-1,29.99,57.85,1011.41,15.35
7,128,6045382,0,0,0,30,0,0,0,0,0,-1,-1,30.01,57.98,1011.34,15.96
7,129,6050382,0,0,0,24,0,0,0,0,0,-1,-1,30.01,57.87,1011.32,16.11
7,130,6055382,0,0,0,12,0,0,0,0,0,-1,-1,30.02,57.86,1011.36,15.74
7,131,6060382,0,0,0,6,0,0,0,0,0,-1,-1,30.03,57.87,1011.34,15.89
7,132,6065382,0,0,0,0,0,0,0,0,0,-1,-1,30.04,57.88,1011.31,16.20
7,133,6070382,0,0,0,0,0,0,0,0,0,-1,-1,30.04,57.89,1011.36,15.75
7,134,6075382,0,0,0,6,0,0,0,0,0,-1,-1,30.04,57.89,1011.34,15.90
7,135,6080382,0,0,0,6,0,0,0,0,0,-1,-1,30.06,57.91,1011.39,15.46
7,136,6085382,0,0,0,6,0,0,0,0,0,-1,-1,30.06,57.73,1011.31,16.13
7,137,6090382,0,0,0,6,0,0,0,0,0,-1,-1,30.06,57.92,1011.38,15.61
7,138,6095382,0,0,0,0,0,0,0,0,0,-1,-1,30.06,57.93,1011.38,15.61
7,139,6100382,0,0,0,0,0,0,0,0,0,-1,-1,30.06,57.94,1011.40,15.39
7,140,6105382,0,0,0,6,0,0,0,0,0,-1,-1,30.07,57.94,1011.36,15.77
7,141,6110382,0,0,0,18,0,0,0,0,0,-1,-1,30.07,57.95,1011.34,15.92
7,142,6115382,0,0,0,18,0,0,0,0,0,-1,-1,30.08,57.94,1011.38,15.62
7,143,6120382,0,0,0,24,0,0,0,0,0,-1,-1,30.08,57.97,1011.41,15.33
7,144,6125382,0,0,0,12,0,0,0,0,0,-1,-1,30.08,57.99,1011.33,16.00
7,145,6130382,0,0,0,12,0,0,0,0,0,-1,-1,30.08,58.00,1011.33,16.00
7,146,6135382,0,0,0,6,0,0,0,0,0,-1,-1,30.09,58.01,1011.45,15.03
7,147,6140382,0,0,0,6,0,0,0,0,0,-1,-1,30.09,58.02,1011.43,15.18
7,148,6145382,0,0,0,0,0,0,0,0,0,-1,-1,30.09,58.06,1011.37,15.70
7,149,6150382,0,0,0,0,0,0,0,0,0,-1,-1,30.09,58.15,1011.35,15.85
7,150,6155382,0,0,0,6,0,0,0,0,0,-1,-1,30.10,58.07,1011.33,16.01
7,151,6160382,0,0,0,6,0,0,0,0,0,-1,-1,30.11,58.08,1011.43,15.19
7,152,6165382,0,0,0,6,0,0,0,0,0,-1,-1,30.09,58.08,1011.37,15.70
7,153,6170382,0,0,0,0,0,0,0,0,0,-1,-1,30.09,58.10,1011.34,15.92
7,154,6175382,0,0,0,0,0,0,0,0,0,-1,-1,30.10,58.11,1011.41,15.34
7,155,6180382,0,0,0,0,0,0,0,0,0,-1,-1,30.10,58.10,1011.38,15.56
7,156,6185382,0,0,0,0,0,0,0,0,0,-1,-1,30.11,58.12,1011.40,15.42
7,157,6190382,0,0,0,0,0,0,0,0,0,-1,-1,30.10,58.16,1011.41,15.34
7,158,6195382,0,0,0,12,0,0,0,0,0,-1,-1,30.10,58.19,1011.36,15.71
7,159,6200382,0,0,0,12,0,0,0,0,0,-1,-1,30.09,58.19,1011.32,16.08
7,160,6205382,0,0,0,12,0,0,0,0,0,-1,-1,30.10,58.19,1011.41,15.34
7,161,6210382,0,0,0,12,0,0,0,0,0,-1,-1,30.10,58.18,1011.39,15.49
7,162,6215382,0,0,0,0,0,0,0,0,0,-1,-1,30.09,58.20,1011.35,15.85
7,163,6220382,0,0,0,0,0,0,0,0,0,-1,-1,30.10,58.22,1011.36,15.71
7,164,6225382,0,0,0,6,0,0,0,0,0,-1,-1,30.11,58.21,1011.35,15.86
7,165,6230382,0,0,0,6,0,0,0,0,0,-1,-1,30.11,58.21,1011.37,15.64
7,166,6235382,0,0,0,6,0,0,0,0,0,-1,-1,30.10,58.26,1011.36,15.71
7,167,6240382,0,0,0,6,0,0,0,0,0,-1,-1,30.10,58.26,1011.36,15.78
7,168,6245382,0,0,0,0,0,0,0,0,0,-1,-1,30.10,58.27,1011.39,15.49
7,169,6250382,0,0,0,6,0,0,0,0,0,-1,-1,30.10,58.28,1011.42,15.26
7,170,6255382,0,0,0,6,0,0,0,0,0,-1,-1,30.11,58.30,1011.41,15.34
7,171,6260382,0,0,0,6,0,0,0,0,0,-1,-1,30.10,58.31,1011.33,16.01
7,172,6265382,0,0,0,0,0,0,0,0,0,-1,-1,30.11,58.31,1011.44,15.12
7,173,6270382,0,0,0,0,0,0,0,0,0,-1,-1,30.10,58.32,1011.36,15.71
7,174,6275382,0,0,0,0,0,0,0,0,0,-1,-1,30.11,58.32,1011.44,15.12
7,175,6280382,0,0,0,0,0,0,0,0,0,-1,-1,30.11,58.35,1011.37,15.64
7,176,6285382,0,0,0,0,0,0,0,0,0,-1,-1,30.11,58.36,1011.35,15.79
7,177,6290382,0,0,0,0,0,0,0,0,0,-1,-1,30.11,58.38,1011.40,15.42
7,178,6295382,0,0,0,0,0,0,0,0,0,-1,-1,30.11,58.37,1011.37,15.64
7,179,6300382,0,0,0,24,0,0,0,0,0,-1,-1,30.11,58.38,1011.38,15.57
8,0,6305382,0,0,0,24,0,0,0,0,0,-1,-1,30.11,58.38,1011.32,16.09
8,1,6310382,0,0,0,24,0,0,0,0,0,-1,-1,30.12,58.38,1011.39,15.50
8,2,6315382,0,0,0,12,0,0,0,0,0,-1,-1,30.11,58.39,1011.40,15.42
8,3,6320382,0,0,0,12,0,0,0,0,0,-1,-1,30.12,58.40,1011.44,15.05
8,4,6325382,0,0,0,12,0,0,0,0,0,-1,-1,30.11,58.48,1011.38,15.57
8,5,6330382,0,0,0,12,0,0,0,0,0,-1,-1,30.11,58.41,1011.43,15.19
8,6,6335382,0,0,0,12,0,0,0,0,0,-1,-1,30.11,58.41,1011.40,15.42
8,7,6340382,0,0,0,0,0,0,0,0,0,-1,-1,30.12,58.42,1011.36,15.72
8,8,6345382,0,0,0,12,0,0,0,0,0,-1,-1,30.12,58.42,1011.39,15.50
8,9,6350382,0,0,0,12,0,0,0,0,0,-1,-1,30.12,58.44,1011.36,15.72
8,10,6355382,0,0,0,12,0,0,0,0,0,-1,-1,30.12,58.44,1011.42,15.27
8,11,6360382,0,0,0,0,0,0,0,0,0,-1,-1,30.11,58.45,1011.38,15.57
8,12,6365382,0,0,0,6,0,0,0,0,0,-1,-1,30.12,58.46,1011.37,15.65
8,13,6370382,0,0,0,6,0,0,0,0,0,-1,-1,30.12,58.45,1011.34,15.95
8,14,6375382,0,0,0,6,0,0,0,0,0,-1,-1,30.12,58.48,1011.40,15.43
8,15,6380382,0,0,0,12,0,0,0,0,0,-1,-1,30.11,58.47,1011.35,15.79
8,16,6385382,0,0,0,6,0,0,0,0,0,-1,-1,30.12,58.47,1011.34,15.95
8,17,6390382,0,0,0,6,0,0,0,0,0,-1,-1,30.12,58.48,1011.36,15.72
8,18,6395382,0,0,0,6,0,0,0,0,0,-1,-1,30.13,58.51,1011.41,15.35
8,19,6400382,0,0,0,0,0,0,0,0,0,-1,-1,30.12,58.49,1011.42,15.27
8,20,6405382,0,0,0,0,0,0,0,0,0,-1,-1,30.12,58.53,1011.42,15.27
8,21,6410382,0,0,0,0,0,0,0,0,0,-1,-1,30.12,58.52,1011.36,15.72
8,22,6415382,0,0,0,0,0,0,0,0,0,-1,-1,30.12,58.64,1011.39,15.50
8,23,6420382,0,0,0,0,0,0,0,0,0,-1,-1,30.12,58.53,1011.34,15.87
8,24,6425382,0,0,0,0,0,0,0,0,0,-1,-1,30.12,58.54,1011.29,16.32
8,25,6430382,0,0,0,0,0,0,0,0,0,-1,-1,30.13,58.54,1011.35,15.80
8,26,6435382,0,0,0,0,0,0,0,0,0,-1,-1,30.13,58.55,1011.35,15.80
8,27,6440382,0,0,0,0,0,0,0,0,0,-1,-1,30.13,58.58,1011.35,15.80
8,28,6445382,0,0,0,0,0,0,0,0,0,-1,-1,30.12,58.59,1011.36,15.72
8,29,6450382,0,0,0,0,0,0,0,0,0,-1,-1,30.12,58.59,1011.37,15.65
8,30,6455382,0,0,0,6,0,0,0,0,0,-1,-1,30.11,58.60,1011.33,16.01
8,31,6460382,0,0,0,6,0,0,0,0,0,-1,-1,30.12,58.64,1011.36,15.72
8,32,6465382,0,0,0,6,0,0,0,0,0,-1,-1,30.13,58.66,1011.35,15.80
8,33,6470382,0,0,0,6,0,0,0,0,0,-1,-1,30.12,58.66,1011.34,15.87
8,34,6475382,0,0,0,0,0,0,0,0,0,-1,-1,30.12,58.64,1011.36,15.72
8,35,6480382,0,0,0,0,0,0,0,0,0,-1,-1,30.12,58.65,1011.32,16.10
8,36,6485382,0,0,0,18,0,0,0,0,0,-1,-1,30.12,58.68,1011.37,15.65
8,37,6490382,0,0,0,36,0,0,0,0,0,-1,-1,30.13,58.66,1011.42,15.28
8,38,6495382,0,0,0,36,0,0,0,0,0,-1,-1,30.12,58.70,1011.32,16.10
8,39,6500382,0,0,0,36,0,0,0,0,0,-1,-1,30.13,58.68,1011.41,15.35
8,40,6505382,0,0,0,0,0,0,0,0,0,-1,-1,30.13,58.70,1011.35,15.80
8,41,6510382,0,0,0,0,0,0,0,0,0,-1,-1,30.12,58.72,1011.29,16.32
8,42,6515382,0,0,0,0,0,0,0,0,0,-1,-1,30.13,58.70,1011.38,15.58
8,43,6520382,0,0,0,0,0,0,0,0,0,-1,-1,30.13,58.70,1011.35,15.80
8,44,6525382,0,0,0,0,0,0,0,0,0,-1,-1,30.12,58.71,1011.36,15.72
8,45,6530382,0,0,0,0,0,0,0,0,0,-1,-1,30.12,58.73,1011.26,16.54
8,46,6535382,0,0,0,0,0,0,0,0,0,-1,-1,30.13,58.75,1011.33,16.03
8,47,6540382,0,0,0,0,0,0,0,0,0,-1,-1,30.13,58.73,1011.38,15.58
8,48,6545382,0,0,0,0,0,0,0,0,0,-1,-1,30.13,58.74,1011.41,15.35
8,49,6550382,0,0,0,0,0,0,0,0,0,-1,-1,30.13,58.74,1011.35,15.80
8,50,6555382,0,0,0,6,0,0,0,0,0,-1,-1,30.13,58.76,1011.35,15.80
8,51,6560382,0,0,0,6,0,0,0,0,0,-1,-1,30.12,58.76,1011.26,16.54
8,52,6565382,0,0,0,6,0,0,0,0,0,-1,-1,30.13,58.76,1011.30,16.25
8,53,6570382,0,0,0,6,0,0,0,0,0,-1,-1,30.13,58.76,1011.38,15.58
8,54,6575382,0,0,0,0,0,0,0,0,0,-1,-1,30.13,58.77,1011.28,16.40
8,55,6580382,0,0,0,6,0,0,0,0,0,-1,-1,30.13,58.79,1011.38,15.58
8,56,6585382,0,0,0,6,0,0,0,0,0,-1,-1,30.13,58.77,1011.35,15.80
8,57,6590382,0,0,0,6,0,0,0,0,0,-1,-1,30.12,58.79,1011.34,15.95
8,58,6595382,0,0,0,6,0,0,0,0,0,-1,-1,30.13,58.81,1011.33,16.03
8,59,6600382,0,0,0,0,0,0,0,0,0,-1,-1,30.13,58.82,1011.39,15.51
8,60,6605382,0,0,0,6,0,0,0,0,0,-1,-1,30.12,58.82,1011.34,15.87
8,61,6610382,0,0,0,6,0,0,0,0,0,-1,-1,30.13,58.84,1011.33,16.03
8,62,6615382,0,0,0,6,0,0,0,0,0,-1,-1,30.12,58.82,1011.36,15.72
8,63,6620382,0,0,0,0,0,0,0,0,0,-1,-1,30.13,58.85,1011.30,16.25
8,64,6625382,0,0,0,0,0,0,0,0,0,-1,-1,30.13,58.87,1011.31,16.18
8,65,6630382,0,0,0,12,0,0,0,0,0,-1,-1,30.14,58.89,1011.37,15.66
8,66,6635382,0,0,0,12,0,0,0,0,0,-1,-1,30.12,58.87,1011.34,15.87
8,67,6640382,0,0,0,12,0,0,0,0,0,-1,-1,30.13,58.87,1011.31,16.18
8,68,6645382,0,0,0,6,0,0,0,0,0,-1,-1,30.12,58.88,1011.31,16.17
8,69,6650382,0,0,0,0,0,0,0,0,0,-1,-1,30.13,58.92,1011.38,15.58
8,70,6655382,0,0,0,0,0,0,0,0,0,-1,-1,30.12,58.93,1011.37,15.65
8,71,6660382,0,0,0,0,0,0,0,0,0,-1,-1,30.13,58.95,1011.33,16.03
8,72,6665382,0,0,0,0,0,0,0,0,0,-1,-1,30.13,58.95,1011.30,16.25
8,73,6670382,0,0,0,0,0,0,0,0,0,-1,-1,30.12,58.97,1011.31,16.17
8,74,6675382,0,0,0,0,0,0,0,0,0,-1,-1,30.13,58.96,1011.38,15.58
8,75,6680382,0,0,0,0,0,0,0,0,0,-1,-1,30.13,58.95,1011.30,16.25
8,76,6685382,0,0,0,6,0,0,0,0,0,-1,-1,30.12,58.97,1011.34,15.87
8,77,6690382,0,0,0,6,0,0,0,0,0,-1,-1,30.13,59.00,1011.39,15.51
8,78,6695382,0,0,0,18,0,0,0,0,0,-1,-1,30.12,59.00,1011.39,15.50
8,79,6700382,0,0,0,24,0,0,0,0,0,-1,-1,30.12,58.99,1011.43,15.20
8,80,6705382,0,0,0,18,0,0,0,0,0,-1,-1,30.13,59.00,1011.35,15.80
8,81,6710382,0,0,0,18,0,0,0,0,0,-1,-1,30.13,59.00,1011.33,16.03
8,82,6715382,0,0,0,0,0,0,0,0,0,-1,-1,30.12,59.02,1011.40,15.43
8,83,6720382,0,0,0,0,0,0,0,0,0,-1,-1,30.12,59.02,1011.34,15.95
8,84,6725382,0,0,0,0,0,0,0,0,0,-1,-1,30.13,59.02,1011.27,16.47
8,85,6730382,0,0,0,0,0,0,0,0,0,-1,-1,30.12,59.04,1011.37,15.65
8,86,6735382,0,0,0,0,0,0,0,0,0,-1,-1,30.13,59.06,1011.39,15.51
8,87,6740382,0,0,0,0,0,0,0,0,0,-1,-1,30.13,59.05,1011.38,15.58
8,88,6745382,0,0,0,0,0,0,0,0,0,-1,-1,30.12,59.05,1011.37,15.65
8,89,6750382,0,0,0,0,0,0,0,0,0,-1,-1,30.12,59.05,1011.34,15.87
8,90,6755382,0,0,0,0,0,0,0,0,0,-1,-1,30.12,59.07,1011.36,15.72
8,91,6760382,0,0,0,0,0,0,0,0,0,-1,-1,30.12,59.10,1011.28,16.39
8,92,6765382,0,0,0,0,0,0,0,0,0,-1,-1,30.12,59.13,1011.34,15.95
8,93,6770382,0,0,0,0,0,0,0,0,0,-1,-1,30.12,59.12,1011.36,15.72
8,94,6775382,0,0,0,0,0,0,0,0,0,-1,-1,30.12,59.10,1011.28,16.39
8,95,6780382,0,0,0,0,0,0,0,0,0,-1,-1,30.11,59.10,1011.32,16.09
8,96,6785382,0,0,0,0,0,0,0,0,0,-1,-1,30.12,59.11,1011.34,15.87
8,97,6790382,0,0,0,0,0,0,0,0,0,-1,-1,30.12,59.12,1011.31,16.17
8,98,6795382,0,0,0,0,0,0,0,0,0,-1,-1,30.12,59.12,1011.34,15.95
8,99,6800382,0,0,0,0,0,0,0,0,0,-1,-1,30.12,59.14,1011.31,16.17
8,100,6805382,0,0,0,0,0,0,0,0,0,-1,-1,30.12,59.15,1011.34,15.95
8,101,6810382,0,0,0,0,0,0,0,0,0,-1,-1,30.12,59.15,1011.34,15.95
8,102,6815382,0,0,0,6,0,0,0,0,0,-1,-1,30.12,59.15,1011.36,15.72
8,103,6820382,0,0,0,6,0,0,0,0,0,-1,-1,30.12,59.19,1011.36,15.72
8,104,6825382,0,0,0,6,0,0,0,0,0,-1,-1,30.12,59.17,1011.32,16.10
8,105,6830382,0,0,0,6,0,0,0,0,0,-1,-1,30.12,59.20,1011.42,15.27
8,106,6835382,0,0,0,0,0,0,0,0,0,-1,-1,30.11,59.22,1011.35,15.79
8,107,6840382,0,0,0,0,0,0,0,0,0,-1,-1,30.12,59.21,1011.36,15.72
8,108,6845382,0,0,0,0,0,0,0,0,0,-1,-1,30.11,59.22,1011.33,16.01
8,109,6850382,0,0,0,0,0,0,0,0,0,-1,-1,30.11,59.21,1011.35,15.79
8,110,6855382,0,0,0,0,0,0,0,0,0,-1,-1,30.11,59.08,1011.38,15.57
8,111,6860382,0,0,0,0,0,0,0,0,0,-1,-1,30.11,59.24,1011.38,15.57
8,112,6865382,0,0,0,0,0,0,0,0,0,-1,-1,30.11,59.25,1011.33,16.01
8,113,6870382,0,0,0,0,0,0,0,0,0,-1,-1,30.12,59.25,1011.34,15.95
8,114,6875382,0,0,0,0,0,0,0,0,0,-1,-1,30.10,59.25,1011.39,15.49
8,115,6880382,0,0,0,0,0,0,0,0,0,-1,-1,30.11,59.26,1011.37,15.64
8,116,6885382,0,0,0,0,0,0,0,0,0,-1,-1,30.11,59.24,1011.32,16.09
8,117,6890382,0,0,0,6,0,0,0,0,0,-1,-1,30.11,59.29,1011.35,15.86
8,118,6895382,0,0,0,6,0,0,0,0,0,-1,-1,30.11,59.29,1011.29,16.31
8,119,6900382,0,0,0,6,0,0,0,0,0,-1,-1,30.10,59.30,1011.36,15.71
8,120,6905382,0,0,0,0,0,0,0,0,0,-1,-1,30.11,59.29,1011.32,16.09
8,121,6910382,0,0,0,0,0,0,0,0,0,-1,-1,30.10,59.29,1011.36,15.71
8,122,6915382,0,0,0,0,0,0,0,0,0,-1,-1,30.11,59.31,1011.35,15.86
8,123,6920382,0,0,0,0,0,0,0,0,0,-1,-1,30.11,59.31,1011.35,15.86
8,124,6925382,0,0,0,0,0,0,0,0,0,-1,-1,30.11,59.32,1011.35,15.86
8,125,6930382,0,0,0,0,0,0,0,0,0,-1,-1,30.10,59.32,1011.36,15.71
8,126,6935382,0,0,0,12,0,0,0,0,0,-1,-1,30.10,59.34,1011.28,16.38
8,127,6940382,0,0,0,12,0,0,0,0,0,-1,-1,30.11,59.32,1011.35,15.86
8,128,6945382,0,0,0,18,0,0,0,0,0,-1,-1,30.10,59.33,1011.36,15.78
8,129,6950382,0,0,0,12,0,0,0,0,0,-1,-1,30.10,59.35,1011.30,16.23
8,130,6955382,0,0,0,6,0,0,0,0,0,-1,-1,30.10,59.34,1011.31,16.16
8,131,6960382,0,0,0,0,0,0,0,0,0,-1,-1,30.10,59.36,1011.36,15.78
8,132,6965382,0,0,0,0,0,0,0,0,0,-1,-1,30.10,59.40,1011.33,16.01
8,133,6970382,0,0,0,18,0,0,0,0,0,-1,-1,30.10,59.41,1011.33,16.01
8,134,6975382,0,0,0,18,0,0,0,0,0,-1,-1,30.10,59.42,1011.33,16.01
8,135,6980382,0,0,0,18,0,0,0,0,0,-1,-1,30.10,59.42,1011.39,15.49
8,136,6985382,0,0,0,0,0,0,0,0,0,-1,-1,30.10,59.42,1011.38,15.56
8,137,6990382,0,0,0,0,0,0,0,0,0,-1,-1,30.10,59.42,1011.42,15.26
8,138,6995382,0,0,0,0,0,0,0,0,0,-1,-1,30.10,59.43,1011.34,15.93
8,139,7000382,0,0,0,0,0,0,0,0,0,-1,-1,30.09,59.44,1011.32,16.08
8,140,7005382,0,0,0,0,0,0,0,0,0,-1,-1,30.09,59.44,1011.37,15.70
8,141,7010382,0,0,0,0,0,0,0,0,0,-1,-1,30.09,59.44,1011.37,15.63
8,142,7015382,0,0,0,0,0,0,0,0,0,-1,-1,30.10,59.45,1011.38,15.56
8,143,7020382,0,0,0,0,0,0,0,0,0,-1,-1,30.08,59.46,1011.36,15.77
8,144,7025382,0,0,0,6,0,0,0,0,0,-1,-1,30.10,59.45,1011.38,15.56
8,145,7030382,0,0,0,6,0,0,0,0,0,-1,-1,30.09,59.47,1011.42,15.25
8,146,7035382,0,0,0,6,0,0,0,0,0,-1,-1,30.08,59.47,1011.44,15.10
8,147,7040382,0,0,0,0,0,0,0,0,0,-1,-1,30.09,59.47,1011.47,14.81
8,148,7045382,0,0,0,0,0,0,0,0,0,-1,-1,30.09,59.47,1011.45,15.03
8,149,7050382,0,0,0,0,0,0,0,0,0,-1,-1,30.09,59.48,1011.37,15.70
8,150,7055382,0,0,0,0,0,0,0,0,0,-1,-1,30.08,59.48,1011.41,15.33
8,151,7060382,0,0,0,0,0,0,0,0,0,-1,-1,30.08,59.49,1011.35,15.85
8,152,7065382,0,0,0,0,0,0,0,0,0,-1,-1,30.08,59.49,1011.40,15.40
8,153,7070382,0,0,0,0,0,0,0,0,0,-1,-1,30.08,59.52,1011.40,15.40
8,154,7075382,0,0,0,0,0,0,0,0,0,-1,-1,30.08,59.50,1011.40,15.40
8,155,7080382,0,0,0,0,0,0,0,0,0,-1,-1,30.07,59.55,1011.34,15.92
8,156,7085382,0,0,0,0,0,0,0,0,0,-1,-1,30.08,59.56,1011.38,15.62
8,157,7090382,0,0,0,0,0,0,0,0,0,-1,-1,30.07,59.56,1011.42,15.25
8,158,7095382,0,0,0,18,0,0,0,0,0,-1,-1,30.07,59.57,1011.45,15.02
8,159,7100382,0,0,0,18,0,0,0,0,0,-1,-1,30.07,59.60,1011.42,15.25
8,160,7105382,0,0,0,18,0,0,0,0,0,-1,-1,30.07,59.58,1011.42,15.25
8,161,7110382,0,0,0,0,0,0,0,0,0,-1,-1,30.08,59.62,1011.46,14.95
8,162,7115382,0,0,0,0,0,0,0,0,0,-1,-1,30.07,59.62,1011.52,14.42
8,163,7120382,0,0,0,0,0,0,0,0,0,-1,-1,30.08,59.64,1011.54,14.28
8,164,7125382,0,0,0,0,0,0,0,0,0,-1,-1,30.07,59.64,1011.55,14.20
8,165,7130382,0,0,0,0,0,0,0,0,0,-1,-1,30.07,59.66,1011.53,14.35
8,166,7135382,0,0,0,0,0,0,0,0,0,-1,-1,30.07,59.68,1011.55,14.20
8,167,7140382,0,0,0,0,0,0,0,0,0,-1,-1,30.07,59.71,1011.41,15.32
8,168,7145382,0,0,0,0,0,0,0,0,0,-1,-1,30.07,59.72,1011.45,15.02
8,169,7150382,0,0,0,0,0,0,0,0,0,-1,-1,30.06,59.73,1011.40,15.39
8,170,7155382,0,0,0,0,0,0,0,0,0,-1,-1,30.07,59.73,1011.38,15.54
8,171,7160382,0,0,0,6,0,0,0,0,0,-1,-1,30.06,59.75,1011.38,15.61
8,172,7165382,0,0,0,6,0,0,0,0,0,-1,-1,30.07,59.74,1011.33,15.99
8,173,7170382,0,0,0,36,0,0,0,0,0,-1,-1,30.06,59.75,1011.38,15.61
8,174,7175382,0,0,0,36,0,0,0,0,0,-1,-1,30.05,59.75,1011.33,15.98
8,175,7180382,0,0,0,42,0,0,0,0,0,-1,-1,30.06,59.78,1011.32,16.06
8,176,7185382,0,0,0,42,0,0,0,0,0,-1,-1,30.06,59.78,1011.40,15.39
8,177,7190382,0,0,0,6,0,0,0,0,0,-1,-1,30.05,59.77,1011.31,16.21
8,178,7195382,0,0,0,6,0,0,0,0,0,-1,-1,30.06,59.74,1011.31,16.13
8,179,7200382,0,0,0,6,0,0,0,0,0,-1,-1,30.06,59.76,1011.35,15.84
9,0,7205382,0,0,0,6,0,0,0,0,0,-1,-1,30.06,59.78,1011.34,15.91
9,1,7210382,0,0,0,18,0,0,0,0,0,-1,-1,30.06,59.80,1011.39,15.46
9,2,7215382,0,0,0,12,0,0,0,0,0,-1,-1,30.06,59.79,1011.31,16.13
9,3,7220382,0,0,0,12,0,0,0,0,0,-1,-1,30.06,59.79,1011.37,15.68
9,4,7225382,0,0,0,12,0,0,0,0,0,-1,-1,30.06,59.79,1011.31,16.13
9,5,7230382,0,0,0,6,0,0,0,0,0,-1,-1,30.05,59.79,1011.35,15.83
9,6,7235382,0,0,0,6,0,0,0,0,0,-1,-1,30.05,59.79,1011.36,15.76
9,7,7240382,0,0,0,6,0,0,0,0,0,-1,-1,30.05,59.81,1011.36,15.76
9,8,7245382,0,0,0,6,0,0,0,0,0,-1,-1,30.06,59.85,1011.31,16.13
9,9,7250382,0,0,0,0,0,0,0,0,0,-1,-1,30.06,59.87,1011.37,15.68
9,10,7255382,0,0,0,0,0,0,0,0,0,-1,-1,30.05,59.89,1011.33,15.98
9,11,7260382,0,0,0,6,0,0,0,0,0,-1,-1,30.05,59.86,1011.30,16.28
9,12,7265382,0,0,0,12,0,0,0,0,0,-1,-1,30.05,59.86,1011.41,15.31
9,13,7270382,0,0,0,12,0,0,0,0,0,-1,-1,30.05,59.86,1011.27,16.50
9,14,7275382,0,0,0,6,0,0,0,0,0,-1,-1,30.05,59.84,1011.35,15.83
9,15,7280382,0,0,0,0,0,0,0,0,0,-1,-1,30.05,59.89,1011.43,15.16
9,16,7285382,0,0,0,6,0,0,0,0,0,-1,-1,30.04,59.89,1011.40,15.45
9,17,7290382,0,0,0,6,0,0,0,0,0,-1,-1,30.05,59.88,1011.41,15.31
9,18,7295382,0,0,0,12,0,0,0,0,0,-1,-1,30.04,59.88,1011.37,15.68
9,19,7300382,0,0,0,24,0,0,0,0,0,-1,-1,30.04,59.88,1011.48,14.78
9,20,7305382,0,0,0,30,0,0,0,0,0,-1,-1,30.04,59.92,1011.45,15.01
9,21,7310382,0,0,0,30,0,0,0,0,0,-1,-1,30.04,59.92,1011.48,14.78
9,22,7315382,0,0,0,12,0,0,0,0,0,-1,-1,30.04,59.96,1011.40,15.45
9,23,7320382,0,0,0,12,0,0,0,0,0,-1,-1,30.03,59.97,1011.38,15.60
9,24,7325382,0,0,0,0,0,0,0,0,0,-1,-1,30.03,59.96,1011.46,14.93
9,25,7330382,0,0,0,0,0,0,0,0,0,-1,-1,30.04,59.98,1011.45,15.01
9,26,7335382,0,0,0,0,0,0,0,0,0,-1,-1,30.04,59.99,1011.47,14.85
9,27,7340382,0,0,0,0,0,0,0,0,0,-1,-1,30.03,59.99,1011.49,14.70
9,28,7345382,0,0,0,0,0,0,0,0,0,-1,-1,30.03,59.99,1011.46,14.93
9,29,7350382,0,0,0,0,0,0,0,0,0,-1,-1,30.03,60.02,1011.46,14.93
9,30,7355382,0,0,0,0,0,0,0,0,0,-1,-1,30.03,60.02,1011.40,15.44
9,31,7360382,0,0,0,6,0,0,0,0,0,-1,-1,30.03,60.05,1011.48,14.78
9,32,7365382,0,0,0,6,0,0,0,0,0,-1,-1,30.04,60.06,1011.47,14.85
9,33,7370382,0,0,0,6,0,0,0,0,0,-1,-1,30.03,60.01,1011.49,14.70
9,34,7375382,0,0,0,0,0,0,0,0,0,-1,-1,30.03,59.98,1011.43,15.15
9,35,7380382,0,0,0,0,0,0,0,0,0,-1,-1,30.02,59.96,1011.33,15.96
9,36,7385382,0,0,0,6,0,0,0,0,0,-1,-1,30.03,59.97,1011.46,14.93
9,37,7390382,0,0,0,6,0,0,0,0,0,-1,-1,30.02,59.98,1011.49,14.69
9,38,7395382,0,0,0,6,0,0,0,0,0,-1,-1,30.03,59.98,1011.50,14.55
9,39,7400382,0,0,0,18,0,0,0,0,0,-1,-1,30.02,59.97,1011.47,14.85
9,40,7405382,0,0,0,18,0,0,0,0,0,-1,-1,30.02,60.00,1011.49,14.69
9,41,7410382,0,0,0,30,0,0,0,0,0,-1,-1,30.03,59.99,1011.53,14.33
9,42,7415382,0,0,0,18,0,0,0,0,0,-1,-1,30.03,59.99,1011.50,14.55
9,43,7420382,0,0,0,18,0,0,0,0,0,-1,-1,30.02,60.00,1011.49,14.62
9,44,7425382,0,0,0,12,0,0,0,0,0,-1,-1,30.02,59.99,1011.46,14.92
9,45,7430382,0,0,0,0,0,0,0,0,0,-1,-1,30.02,59.98,1011.49,14.62
9,46,7435382,0,0,0,0,0,0,0,0,0,-1,-1,30.01,60.01,1011.50,14.54
9,47,7440382,0,0,0,0,0,0,0,0,0,-1,-1,30.02,60.03,1011.35,15.81
9,48,7445382,0,0,0,0,0,0,0,0,0,-1,-1,30.03,60.02,1011.48,14.78
9,49,7450382,0,0,0,6,0,0,0,0,0,-1,-1,30.01,60.00,1011.40,15.44
9,50,7455382,0,0,0,6,0,0,0,0,0,-1,-1,30.01,60.00,1011.40,15.44
9,51,7460382,0,0,0,6,0,0,0,0,0,-1,-1,30.02,60.02,1011.46,14.92
9,52,7465382,0,0,0,0,0,0,0,0,0,-1,-1,30.01,60.03,1011.45,14.99
9,53,7470382,0,0,0,0,0,0,0,0,0,-1,-1,30.01,60.07,1011.50,14.54
9,54,7475382,0,0,0,0,0,0,0,0,0,-1,-1,30.01,60.05,1011.50,14.61
9,55,7480382,0,0,0,0,0,0,0,0,0,-1,-1,30.01,60.06,1011.47,14.84
9,56,7485382,0,0,0,0,0,0,0,0,0,-1,-1,30.01,60.06,1011.39,15.51
9,57,7490382,0,0,0,0,0,0,0,0,0,-1,-1,30.01,60.08,1011.47,14.84
9,58,7495382,0,0,0,6,0,0,0,0,0,-1,-1,30.01,60.10,1011.44,15.06
9,59,7500382,0,0,0,18,0,0,0,0,0,-1,-1,30.00,60.10,1011.43,15.20
9,60,7505382,0,0,0,18,0,0,0,0,0,-1,-1,30.00,60.11,1011.45,14.98
9,61,7510382,0,0,0,12,0,0,0,0,0,-1,-1,30.00,60.12,1011.43,15.20
9,62,7515382,0,0,0,6,0,0,0,0,0,-1,-1,30.00,60.11,1011.40,15.43
9,63,7520382,0,0,0,6,0,0,0,0,0,-1,-1,30.00,60.11,1011.43,15.20
9,64,7525382,0,0,0,6,0,0,0,0,0,-1,-1,30.00,60.12,1011.43,15.20
9,65,7530382,0,0,0,12,0,0,0,0,0,-1,-1,29.99,60.13,1011.47,14.83
9,66,7535382,0,0,0,12,0,0,0,0,0,-1,-1,30.00,60.15,1011.45,14.98
9,67,7540382,0,0,0,12,0,0,0,0,0,-1,-1,30.00,60.14,1011.37,15.65
9,68,7545382,0,0,0,0,0,0,0,0,0,-1,-1,29.99,60.14,1011.36,15.72
9,69,7550382,0,0,0,6,0,0,0,0,0,-1,-1,29.99,60.13,1011.42,15.27
9,70,7555382,0,0,0,6,0,0,0,0,0,-1,-1,30.00,60.15,1011.45,14.98
9,71,7560382,0,0,0,6,0,0,0,0,0,-1,-1,29.99,60.14,1011.44,15.05
9,72,7565382,0,0,0,6,0,0,0,0,0,-1,-1,29.99,60.13,1011.41,15.35
9,73,7570382,0,0,0,0,0,0,0,0,0,-1,-1,29.99,60.13,1011.42,15.27
9,74,7575382,0,0,0,12,0,0,0,0,0,-1,-1,29.99,60.14,1011.41,15.35
9,75,7580382,0,0,0,12,0,0,0,0,0,-1,-1,29.99,60.16,1011.44,15.05
9,76,7585382,0,0,0,12,0,0,0,0,0,-1,-1,29.99,60.17,1011.47,14.83
9,77,7590382,0,0,0,18,0,0,0,0,0,-1,-1,29.99,60.20,1011.46,14.90
9,78,7595382,0,0,0,6,0,0,0,0,0,-1,-1,29.99,60.20,1011.47,14.83
9,79,7600382,0,0,0,6,0,0,0,0,0,-1,-1,29.99,60.22,1011.39,15.50
9,80,7605382,0,0,0,6,0,0,0,0,0,-1,-1,29.98,60.22,1011.40,15.42
9,81,7610382,0,0,0,0,0,0,0,0,0,-1,-1,29.98,60.20,1011.40,15.42
9,82,7615382,0,0,0,0,0,0,0,0,0,-1,-1,29.98,60.18,1011.42,15.27
9,83,7620382,0,0,0,0,0,0,0,0,0,-1,-1,29.98,60.22,1011.39,15.49
9,84,7625382,0,0,0,0,0,0,0,0,0,-1,-1,29.98,60.23,1011.39,15.49
9,85,7630382,0,0,0,0,0,0,0,0,0,-1,-1,29.98,60.25,1011.37,15.64
9,86,7635382,0,0,0,0,0,0,0,0,0,-1,-1,29.99,60.26,1011.43,15.12
9,87,7640382,0,0,0,6,0,0,0,0,0,-1,-1,29.98,60.25,1011.50,14.60
9,88,7645382,0,0,0,6,0,0,0,0,0,-1,-1,29.98,60.25,1011.47,14.82
9,89,7650382,0,0,0,12,0,0,0,0,0,-1,-1,29.98,60.26,1011.50,14.60
9,90,7655382,0,0,0,12,0,0,0,0,0,-1,-1,29.97,60.24,1011.46,14.89
9,91,7660382,0,0,0,18,0,0,0,0,0,-1,-1,29.98,60.26,1011.47,14.82
9,92,7665382,0,0,0,18,0,0,0,0,0,-1,-1,29.98,60.25,1011.50,14.60
9,93,7670382,0,0,0,12,0,0,0,0,0,-1,-1,29.96,60.27,1011.45,15.03
9,94,7675382,0,0,0,0,0,0,0,0,0,-1,-1,29.96,60.27,1011.42,15.26
9,95,7680382,0,0,0,0,0,0,0,0,0,-1,-1,29.96,60.26,1011.39,15.48
9,96,7685382,0,0,0,0,0,0,0,0,0,-1,-1,29.97,60.26,1011.45,14.96
9,97,7690382,0,0,0,0,0,0,0,0,0,-1,-1,29.96,60.26,1011.39,15.48
9,98,7695382,0,0,0,0,0,0,0,0,0,-1,-1,29.98,60.33,1011.42,15.27
9,99,7700382,0,0,0,0,0,0,0,0,0,-1,-1,29.97,60.32,1011.43,15.19
9,100,7705382,0,0,0,0,0,0,0,0,0,-1,-1,29.97,60.33,1011.43,15.19
9,101,7710382,0,0,0,0,0,0,0,0,0,-1,-1,29.97,60.31,1011.40,15.41
9,102,7715382,0,0,0,0,0,0,0,0,0,-1,-1,29.97,60.31,1011.38,15.56
9,103,7720382,0,0,0,0,0,0,0,0,0,-1,-1,29.96,60.31,1011.45,15.03
9,104,7725382,0,0,0,0,0,0,0,0,0,-1,-1,29.96,60.32,1011.41,15.33
9,105,7730382,0,0,0,6,0,0,0,0,0,-1,-1,29.94,60.30,1011.44,15.10
9,106,7735382,0,0,0,12,0,0,0,0,0,-1,-1,29.95,60.27,1011.40,15.40
9,107,7740382,0,0,0,12,0,0,0,0,0,-1,-1,29.95,60.30,1011.34,15.92
9,108,7745382,0,0,0,6,0,0,0,0,0,-1,-1,29.96,60.28,1011.44,15.11
9,109,7750382,0,0,0,6,0,0,0,0,0,-1,-1,29.95,60.29,1011.37,15.63
9,110,7755382,0,0,0,0,0,0,0,0,0,-1,-1,29.95,60.30,1011.39,15.48
9,111,7760382,0,0,0,0,0,0,0,0,0,-1,-1,29.95,60.30,1011.42,15.25
9,112,7765382,0,0,0,18,0,0,0,0,0,-1,-1,29.95,60.37,1011.35,15.85
9,113,7770382,0,0,0,30,0,0,0,0,0,-1,-1,29.95,60.37,1011.40,15.40
9,114,7775382,0,0,0,30,0,0,0,0,0,-1,-1,29.94,60.37,1011.33,16.00
9,115,7780382,0,0,0,30,0,0,0,0,0,-1,-1,29.95,60.39,1011.32,16.07
9,116,7785382,0,0,0,12,0,0,0,0,0,-1,-1,29.95,60.41,1011.40,15.40
9,117,7790382,0,0,0,0,0,0,0,0,0,-1,-1,29.96,60.42,1011.45,15.03
9,118,7795382,0,0,0,0,0,0,0,0,0,-1,-1,29.95,60.40,1011.37,15.70
9,119,7800382,0,0,0,6,0,0,0,0,0,-1,-1,29.96,60.38,1011.41,15.33
9,120,7805382,0,0,0,6,0,0,0,0,0,-1,-1,29.94,60.39,1011.38,15.55
9,121,7810382,0,0,0,6,0,0,0,0,0,-1,-1,29.95,60.38,1011.39,15.48
9,122,7815382,0,0,0,0,0,0,0,0,0,-1,-1,29.95,60.40,1011.45,14.96
9,123,7820382,0,0,0,0,0,0,0,0,0,-1,-1,29.95,60.41,1011.39,15.48
9,124,7825382,0,0,0,0,0,0,0,0,0,-1,-1,29.95,60.45,1011.42,15.25
9,125,7830382,0,0,0,0,0,0,0,0,0,-1,-1,29.95,60.46,1011.40,15.40
9,126,7835382,0,0,0,12,0,0,0,0,0,-1,-1,29.94,60.45,1011.40,15.40
9,127,7840382,0,0,0,12,0,0,0,0,0,-1,-1,29.93,60.42,1011.39,15.47
9,128,7845382,0,0,0,12,0,0,0,0,0,-1,-1,29.86,60.53,1011.44,15.06
9,129,7850382,0,0,0,6,0,0,0,0,0,-1,-1,29.82,60.64,1011.40,15.41
9,130,7855382,0,0,0,0,0,0,0,0,0,-1,-1,29.79,60.77,1011.43,15.17
9,131,7860382,0,0,0,0,0,0,0,0,0,-1,-1,29.78,60.88,1011.48,14.71
9,132,7865382,0,0,0,0,0,0,0,0,0,-1,-1,29.76,61.00,1011.35,15.82
9,133,7870382,0,0,0,0,0,0,0,0,0,-1,-1,29.74,61.12,1011.40,15.44
9,134,7875382,0,0,0,0,0,0,0,0,0,-1,-1,29.73,61.23,1011.37,15.65
9,135,7880382,0,0,0,0,0,0,0,0,0,-1,-1,29.71,61.33,1011.43,15.20
9,136,7885382,0,0,0,0,0,0,0,0,0,-1,-1,29.71,61.45,1011.40,15.42
9,137,7890382,0,0,0,0,0,0,0,0,0,-1,-1,29.70,61.55,1011.45,14.96
9,138,7895382,0,0,0,0,0,0,0,0,0,-1,-1,29.69,61.65,1011.45,15.04
9,139,7900382,0,0,0,0,0,0,0,0,0,-1,-1,29.69,61.75,1011.38,15.56
9,140,7905382,0,0,0,0,0,0,0,0,0,-1,-1,29.68,61.84,1011.47,14.80
9,141,7910382,0,0,0,0,0,0,0,0,0,-1,-1,29.68,61.93,1011.42,15.25
9,142,7915382,0,0,0,0,0,0,0,0,0,-1,-1,29.67,62.01,1011.41,15.32
9,143,7920382,0,0,0,0,0,0,0,0,0,-1,-1,29.68,62.13,1011.45,15.03
9,144,7925382,0,0,0,0,0,0,0,0,0,-1,-1,29.66,62.23,1011.50,14.57
9,145,7930382,0,0,0,0,0,0,0,0,0,-1,-1,29.67,62.31,1011.43,15.17
9,146,7935382,0,0,0,0,0,0,0,0,0,-1,-1,29.66,62.38,1011.42,15.24
9,147,7940382,0,0,0,0,0,0,0,0,0,-1,-1,29.66,62.46,1011.37,15.69
9,148,7945382,0,0,0,18,0,0,0,0,0,-1,-1,29.66,62.54,1011.39,15.47
9,149,7950382,0,0,0,18,0,0,0,0,0,-1,-1,29.66,62.61,1011.39,15.47
9,150,7955382,0,0,0,18,0,0,0,0,0,-1,-1,29.66,62.73,1011.39,15.47
9,151,7960382,0,0,0,0,0,0,0,0,0,-1,-1,29.66,62.57,1011.42,15.24
9,152,7965382,0,0,0,0,0,0,0,0,0,-1,-1,29.65,62.87,1011.46,14.94
9,153,7970382,0,0,0,0,0,0,0,0,0,-1,-1,29.66,62.96,1011.44,15.09
9,154,7975382,0,0,0,6,0,0,0,0,0,-1,-1,29.66,63.04,1011.47,14.87
9,155,7980382,0,0,0,6,0,0,0,0,0,-1,-1,29.66,63.12,1011.45,15.02
9,156,7985382,0,0,0,6,0,0,0,0,0,-1,-1,29.65,63.21,1011.40,15.38
9,157,7990382,0,0,0,0,0,0,0,0,0,-1,-1,29.65,63.28,1011.43,15.16
9,158,7995382,0,0,0,0,0,0,0,0,0,-1,-1,29.66,63.33,1011.52,14.42
9,159,8000382,0,0,0,0,0,0,0,0,0,-1,-1,29.67,63.41,1011.46,14.95
9,160,8005382,0,0,0,0,0,0,0,0,0,-1,-1,29.65,63.52,1011.48,14.71
9,161,8010382,0,0,0,0,0,0,0,0,0,-1,-1,29.67,63.59,1011.51,14.50
9,162,8015382,0,0,0,0,0,0,0,0,0,-1,-1,29.66,63.66,1011.50,14.57
9,163,8020382,0,0,0,6,0,0,0,0,0,-1,-1,29.66,63.72,1011.42,15.24
9,164,8025382,0,0,0,6,0,0,0,0,0,-1,-1,29.66,63.80,1011.45,15.02
9,165,8030382,0,0,0,6,0,0,0,0,0,-1,-1,29.66,63.87,1011.42,15.24
9,166,8035382,0,0,0,0,0,0,0,0,0,-1,-1,29.66,63.96,1011.42,15.24
9,167,8040382,0,0,0,6,0,0,0,0,0,-1,-1,29.67,64.01,1011.40,15.39
9,168,8045382,0,0,0,12,0,0,0,0,0,-1,-1,29.66,64.11,1011.45,15.02
9,169,8050382,0,0,0,12,0,0,0,0,0,-1,-1,29.66,64.18,1011.45,15.02
9,170,8055382,0,0,0,24,0,0,0,0,0,-1,-1,29.66,64.26,1011.47,14.80
9,171,8060382,0,0,0,18,0,0,0,0,0,-1,-1,29.66,64.33,1011.39,15.47
9,172,8065382,0,0,0,12,0,0,0,0,0,-1,-1,29.66,64.39,1011.45,15.02
9,173,8070382,0,0,0,24,0,0,0,0,0,-1,-1,29.67,64.50,1011.46,14.88
9,174,8075382,0,0,0,12,0,0,0,0,0,-1,-1,29.67,64.57,1011.43,15.17
9,175,8080382,0,0,0,12,0,0,0,0,0,-1,-1,29.67,64.66,1011.44,15.10
9,176,8085382,0,0,0,6,0,0,0,0,0,-1,-1,29.68,64.74,1011.43,15.18
9,177,8090382,0,0,0,0,0,0,0,0,0,-1,-1,29.67,64.82,1011.46,14.88
9,178,8095382,0,0,0,0,0,0,0,0,0,-1,-1,29.67,64.90,1011.44,15.10
9,179,8100382,0,0,0,0,0,0,0,0,0,-1,-1,29.68,65.01,1011.45,15.03
10,0,8105382,0,0,0,0,0,0,0,0,0,-1,-1,29.67,65.06,1011.49,14.65
10,1,8110382,0,0,0,12,0,0,0,0,0,-1,-1,29.68,65.15,1011.51,14.51
10,2,8115382,0,0,0,12,0,0,0,0,0,-1,-1,29.68,65.25,1011.45,15.03
10,3,8120382,0,0,0,12,0,0,0,0,0,-1,-1,29.68,65.34,1011.43,15.18
10,4,8125382,0,0,0,12,0,0,0,0,0,-1,-1,29.68,65.43,1011.45,14.96
10,5,8130382,0,0,0,6,0,0,0,0,0,-1,-1,29.69,65.50,1011.50,14.59
10,6,8135382,0,0,0,12,0,0,0,0,0,-1,-1,29.69,65.59,1011.41,15.33
10,7,8140382,0,0,0,18,0,0,0,0,0,-1,-1,29.70,65.70,1011.45,14.96
10,8,8145382,0,0,0,18,0,0,0,0,0,-1,-1,29.69,65.80,1011.41,15.33
10,9,8150382,0,0,0,12,0,0,0,0,0,-1,-1,29.70,65.86,1011.48,14.74
10,10,8155382,0,0,0,0,0,0,0,0,0,-1,-1,29.70,65.98,1011.44,15.12
10,11,8160382,0,0,0,0,0,0,0,0,0,-1,-1,29.71,66.07,1011.44,15.05
10,12,8165382,0,0,0,0,0,0,0,0,0,-1,-1,29.71,66.17,1011.47,14.82
10,13,8170382,0,0,0,0,0,0,0,0,0,-1,-1,29.71,66.24,1011.44,15.05
10,14,8175382,0,0,0,0,0,0,0,0,0,-1,-1,29.71,66.38,1011.45,14.97
10,15,8180382,0,0,0,0,0,0,0,0,0,-1,-1,29.72,66.50,1011.43,15.12
10,16,8185382,0,0,0,0,0,0,0,0,0,-1,-1,29.72,66.57,1011.44,15.05
10,17,8190382,0,0,0,0,0,0,0,0,0,-1,-1,29.72,66.70,1011.50,14.61
10,18,8195382,0,0,0,0,0,0,0,0,0,-1,-1,29.72,66.79,1011.46,14.90
10,19,8200382,0,0,0,0,0,0,0,0,0,-1,-1,29.72,66.90,1011.47,14.83
10,20,8205382,0,0,0,0,0,0,0,0,0,-1,-1,29.73,67.01,1011.43,15.20
10,21,8210382,0,0,0,6,0,0,0,0,0,-1,-1,29.73,67.12,1011.45,14.98
10,22,8215382,0,0,0,6,0,0,0,0,0,-1,-1,29.73,67.25,1011.49,14.69
10,23,8220382,0,0,0,6,0,0,0,0,0,-1,-1,29.73,67.35,1011.51,14.46
10,24,8225382,0,0,0,6,0,0,0,0,0,-1,-1,29.73,67.45,1011.54,14.24
10,25,8230382,0,0,0,0,0,0,0,0,0,-1,-1,29.74,67.58,1011.53,14.32
10,26,8235382,0,0,0,0,0,0,0,0,0,-1,-1,29.73,67.70,1011.51,14.46
10,27,8240382,0,0,0,6,0,0,0,0,0,-1,-1,29.74,67.81,1011.55,14.17
10,28,8245382,0,0,0,12,0,0,0,0,0,-1,-1,29.74,67.95,1011.50,14.54
10,29,8250382,0,0,0,18,0,0,0,0,0,-1,-1,29.74,68.07,1011.48,14.77
10,30,8255382,0,0,0,18,0,0,0,0,0,-1,-1,29.74,68.19,1011.42,15.21
10,31,8260382,0,0,0,6,0,0,0,0,0,-1,-1,29.76,68.33,1011.50,14.55
10,32,8265382,0,0,0,0,0,0,0,0,0,-1,-1,29.75,68.46,1011.43,15.14
10,33,8270382,0,0,0,0,0,0,0,0,0,-1,-1,29.75,68.58,1011.46,14.92
10,34,8275382,0,0,0,6,0,0,0,0,0,-1,-1,29.76,68.70,1011.42,15.22
10,35,8280382,0,0,0,12,0,0,0,0,0,-1,-1,29.77,68.85,1011.41,15.30
10,36,8285382,0,0,0,12,0,0,0,0,0,-1,-1,29.77,68.98,1011.47,14.86
10,37,8290382,0,0,0,12,0,0,0,0,0,-1,-1,29.78,69.14,1011.48,14.71
10,38,8295382,0,0,0,0,0,0,0,0,0,-1,-1,29.78,69.29,1011.43,15.16
10,39,8300382,0,0,0,0,0,0,0,0,0,-1,-1,29.77,69.43,1011.48,14.78
10,40,8305382,0,0,0,18,0,0,0,0,0,-1,-1,29.77,69.56,1011.42,15.23
10,41,8310382,0,0,0,24,0,0,0,0,0,-1,-1,29.79,69.72,1011.47,14.79
10,42,8315382,0,0,0,24,0,0,0,0,0,-1,-1,29.79,69.88,1011.45,15.02
10,43,8320382,0,0,0,6,0,0,0,0,0,-1,-1,29.79,70.01,1011.40,15.39
10,44,8325382,0,0,0,0,0,0,0,0,0,-1,-1,29.80,70.19,1011.41,15.32
10,45,8330382,0,0,0,0,0,0,0,0,0,-1,-1,29.79,70.33,1011.48,14.72
10,46,8335382,0,0,0,0,0,0,0,0,0,-1,-1,29.81,70.50,1011.54,14.28
10,47,8340382,0,0,0,0,0,0,0,0,0,-1,-1,29.80,70.62,1011.49,14.65
10,48,8345382,0,0,0,0,0,0,0,0,0,-1,-1,29.82,70.83,1011.58,13.91
10,49,8350382,0,0,0,0,0,0,0,0,0,-1,-1,29.82,71.03,1011.40,15.41
10,50,8355382,0,0,0,0,0,0,0,0,0,-1,-1,29.83,71.24,1011.41,15.34
10,51,8360382,0,0,0,0,0,0,0,0,0,-1,-1,29.83,71.35,1011.49,14.66
10,52,8365382,0,0,0,0,0,0,0,0,0,-1,-1,29.83,71.54,1011.44,15.11
10,53,8370382,0,0,0,0,0,0,0,0,0,-1,-1,29.83,71.70,1011.47,14.82
10,54,8375382,0,0,0,0,0,0,0,0,0,-1,-1,29.84,71.92,1011.43,15.19
10,55,8380382,0,0,0,6,0,0,0,0,0,-1,-1,29.85,72.10,1011.39,15.50
10,56,8385382,0,0,0,6,0,0,0,0,0,-1,-1,29.85,72.27,1011.35,15.87
10,57,8390382,0,0,0,6,0,0,0,0,0,-1,-1,29.85,72.45,1011.43,15.20
10,58,8395382,0,0,0,0,0,0,0,0,0,-1,-1,29.87,72.65,1011.51,14.47
10,59,8400382,0,0,0,0,0,0,0,0,0,-1,-1,29.86,72.84,1011.50,14.61
10,60,8405382,0,0,0,0,0,0,0,0,0,-1,-1,29.87,73.05,1011.46,14.91
10,61,8410382,0,0,0,0,0,0,0,0,0,-1,-1,29.87,73.24,1011.37,15.66
10,62,8415382,0,0,0,0,0,0,0,0,0,-1,-1,29.88,73.43,1011.45,14.99
10,63,8420382,0,0,0,0,0,0,0,0,0,-1,-1,29.88,73.66,1011.45,14.99
10,64,8425382,0,0,0,6,0,0,0,0,0,-1,-1,29.89,73.85,1011.41,15.37
10,65,8430382,0,0,0,6,0,0,0,0,0,-1,-1,29.90,74.05,1011.48,14.78
10,66,8435382,0,0,0,6,0,0,0,0,0,-1,-1,29.91,74.27,1011.44,15.08
10,67,8440382,0,0,0,6,0,0,0,0,0,-1,-1,29.90,74.50,1011.43,15.16
10,68,8445382,0,0,0,6,0,0,0,0,0,-1,-1,29.91,74.69,1011.47,14.86
10,69,8450382,0,0,0,6,0,0,0,0,0,-1,-1,29.92,74.89,1011.48,14.72
10,70,8455382,0,0,0,6,0,0,0,0,0,-1,-1,29.92,75.11,1011.45,15.01
10,71,8460382,0,0,0,0,0,0,0,0,0,-1,-1,29.93,75.35,1011.47,14.87
10,72,8465382,0,0,0,12,0,0,0,0,0,-1,-1,29.94,75.58,1011.46,14.95
10,73,8470382,0,0,0,12,0,0,0,0,0,-1,-1,29.95,75.82,1011.42,15.25
10,74,8475382,0,0,0,12,0,0,0,0,0,-1,-1,29.94,76.04,1011.46,14.88
10,75,8480382,0,0,0,12,0,0,0,0,0,-1,-1,29.96,76.26,1011.53,14.36
10,76,8485382,0,0,0,0,0,0,0,0,0,-1,-1,29.96,76.51,1011.42,15.26
10,77,8490382,0,0,0,6,0,0,0,0,0,-1,-1,29.97,76.75,1011.40,15.41
10,78,8495382,0,0,0,18,0,0,0,0,0,-1,-1,29.97,76.99,1011.41,15.34
10,79,8500382,0,0,0,18,0,0,0,0,0,-1,-1,29.99,77.26,1011.44,15.05
10,80,8505382,0,0,0,18,0,0,0,0,0,-1,-1,30.00,77.52,1011.49,14.69
10,81,8510382,0,0,0,30,0,0,0,0,0,-1,-1,30.01,77.77,1011.50,14.61
10,82,8515382,0,0,0,18,0,0,0,0,0,-1,-1,30.00,78.05,1011.46,14.91
10,83,8520382,0,0,0,18,0,0,0,0,0,-1,-1,30.03,78.36,1011.48,14.78
10,84,8525382,0,0,0,0,0,0,0,0,0,-1,-1,30.03,78.63,1011.45,15.00
10,85,8530382,0,0,0,0,0,0,0,0,0,-1,-1,30.04,78.90,1011.50,14.56
10,86,8535382,0,0,0,18,0,0,0,0,0,-1,-1,30.06,79.19,1011.54,14.27
10,87,8540382,0,0,0,24,0,0,0,0,0,-1,-1,30.05,79.61,1011.44,15.09
10,88,8545382,0,0,0,30,0,0,0,0,0,-1,-1,30.06,79.75,1011.50,14.57
10,89,8550382,0,0,0,12,0,0,0,0,0,-1,-1,30.06,80.08,1011.43,15.17
10,90,8555382,0,0,0,6,0,0,0,0,0,-1,-1,30.06,80.34,1011.45,15.02
10,91,8560382,0,0,0,0,0,0,0,0,0,-1,-1,30.07,80.64,1011.39,15.47
10,92,8565382,0,0,0,6,0,0,0,0,0,-1,-1,30.07,80.95,1011.42,15.25
10,93,8570382,0,0,0,6,0,0,0,0,0,-1,-1,30.08,81.22,1011.38,15.55
10,94,8575382,0,0,0,6,0,0,0,0,0,-1,-1,30.09,81.52,1011.35,15.85
10,95,8580382,0,0,0,6,0,0,0,0,0,-1,-1,30.10,81.82,1011.44,15.11
10,96,8585382,0,0,0,0,0,0,0,0,0,-1,-1,30.11,82.12,1011.45,14.97
10,97,8590382,0,0,0,12,0,0,0,0,0,-1,-1,30.12,82.42,1011.47,14.83
10,98,8595382,0,0,0,12,0,0,0,0,0,-1,-1,30.12,82.68,1011.45,14.98
10,99,8600382,0,0,0,18,0,0,0,0,0,-1,-1,30.13,82.88,1011.46,14.91
10,100,8605382,0,0,0,18,0,0,0,0,0,-1,-1,30.12,83.09,1011.43,15.20
10,101,8610382,0,0,0,6,0,0,0,0,0,-1,-1,30.13,83.24,1011.52,14.39
10,102,8615382,0,0,0,6,0,0,0,0,0,-1,-1,30.14,83.39,1011.45,14.99
10,103,8620382,0,0,0,0,0,0,0,0,0,-1,-1,30.13,83.54,1011.42,15.28
10,104,8625382,0,0,0,0,0,0,0,0,0,-1,-1,30.13,83.58,1011.43,15.13
10,105,8630382,0,0,0,0,0,0,0,0,0,-1,-1,30.13,83.71,1011.42,15.28
10,106,8635382,0,0,0,0,0,0,0,0,0,-1,-1,30.14,83.81,1011.40,15.43
10,107,8640382,0,0,0,0,0,0,0,0,0,-1,-1,30.13,83.89,1011.41,15.35
10,108,8645382,0,0,0,0,0,0,0,0,0,-1,-1,30.13,83.95,1011.44,15.06
10,109,8650382,0,0,0,0,0,0,0,0,0,-1,-1,30.14,84.01,1011.45,14.99
10,110,8655382,0,0,0,0,0,0,0,0,0,-1,-1,30.15,84.07,1011.48,14.77
10,111,8660382,0,0,0,6,0,0,0,0,0,-1,-1,30.15,84.13,1011.52,14.40
10,112,8665382,0,0,0,36,0,0,0,0,0,-1,-1,30.14,84.19,1011.48,14.77
10,113,8670382,0,0,0,36,0,0,0,0,0,-1,-1,30.15,84.21,1011.47,14.84
10,114,8675382,0,0,0,36,0,0,0,0,0,-1,-1,30.14,84.25,1011.49,14.69
10,115,8680382,0,0,0,18,0,0,0,0,0,-1,-1,30.15,84.09,1011.52,14.40
10,116,8685382,0,0,0,0,0,0,0,0,0,-1,-1,30.14,84.32,1011.49,14.69
10,117,8690382,0,0,0,0,0,0,0,0,0,-1,-1,30.14,84.33,1011.40,15.43
10,118,8695382,0,0,0,0,0,0,0,0,0,-1,-1,30.15,84.36,1011.44,15.07
10,119,8700382,0,0,0,0,0,0,0,0,0,-1,-1,30.15,84.38,1011.41,15.29
10,120,8705382,0,0,0,0,0,0,0,0,0,-1,-1,30.15,84.40,1011.48,14.77
10,121,8710382,0,0,0,0,0,0,0,0,0,-1,-1,30.15,84.37,1011.47,14.84
10,122,8715382,0,0,0,0,0,0,0,0,0,-1,-1,30.14,84.36,1011.48,14.77
10,123,8720382,0,0,0,0,0,0,0,0,0,-1,-1,30.15,84.36,1011.44,15.07
10,124,8725382,0,0,0,0,0,0,0,0,0,-1,-1,30.15,84.36,1011.47,14.84
10,125,8730382,0,0,0,0,0,0,0,0,0,-1,-1,30.15,84.38,1011.52,14.40
10,126,8735382,0,0,0,0,0,0,0,0,0,-1,-1,30.15,84.37,1011.45,14.99
10,127,8740382,0,0,0,0,0,0,0,0,0,-1,-1,30.14,84.36,1011.43,15.14
10,128,8745382,0,0,0,0,0,0,0,0,0,-1,-1,30.15,84.36,1011.42,15.22
10,129,8750382,0,0,0,6,0,0,0,0,0,-1,-1,30.15,84.33,1011.48,14.77
10,130,8755382,0,0,0,6,0,0,0,0,0,-1,-1,30.14,84.29,1011.43,15.14
10,131,8760382,0,0,0,6,0,0,0,0,0,-1,-1,30.15,84.29,1011.47,14.84
10,132,8765382,0,0,0,18,0,0,0,0,0,-1,-1,30.16,84.26,1011.43,15.15
10,133,8770382,0,0,0,18,0,0,0,0,0,-1,-1,30.15,84.25,1011.41,15.29
10,134,8775382,0,0,0,18,0,0,0,0,0,-1,-1,30.15,84.21,1011.53,14.33
10,135,8780382,0,0,0,18,0,0,0,0,0,-1,-1,30.15,84.20,1011.50,14.55
10,136,8785382,0,0,0,0,0,0,0,0,0,-1,-1,30.15,84.18,1011.47,14.84
10,137,8790382,0,0,0,0,0,0,0,0,0,-1,-1,30.15,84.15,1011.50,14.62
10,138,8795382,0,0,0,0,0,0,0,0,0,-1,-1,30.15,84.14,1011.55,14.17
10,139,8800382,0,0,0,0,0,0,0,0,0,-1,-1,30.15,84.10,1011.50,14.62
10,140,8805382,0,0,0,0,0,0,0,0,0,-1,-1,30.15,84.07,1011.50,14.62
10,141,8810382,0,0,0,6,0,0,0,0,0,-1,-1,30.15,84.04,1011.52,14.40
10,142,8815382,0,0,0,6,0,0,0,0,0,-1,-1,30.15,83.99,1011.44,15.07
10,143,8820382,0,0,0,6,0,0,0,0,0,-1,-1,30.14,83.98,1011.45,14.99
10,144,8825382,0,0,0,6,0,0,0,0,0,-1,-1,30.15,83.94,1011.48,14.77
10,145,8830382,0,0,0,6,0,0,0,0,0,-1,-1,30.15,83.92,1011.47,14.84
10,146,8835382,0,0,0,6,0,0,0,0,0,-1,-1,30.16,83.90,1011.49,14.70
10,147,8840382,0,0,0,0,0,0,0,0,0,-1,-1,30.15,83.85,1011.41,15.29
10,148,8845382,0,0,0,0,0,0,0,0,0,-1,-1,30.15,83.80,1011.48,14.77
10,149,8850382,0,0,0,0,0,0,0,0,0,-1,-1,30.16,83.76,1011.51,14.48
10,150,8855382,0,0,0,0,0,0,0,0,0,-1,-1,30.15,83.72,1011.42,15.22
10,151,8860382,0,0,0,0,0,0,0,0,0,-1,-1,30.15,83.67,1011.45,14.99
10,152,8865382,0,0,0,0,0,0,0,0,0,-1,-1,30.15,83.64,1011.45,14.99
10,153,8870382,0,0,0,0,0,0,0,0,0,-1,-1,30.15,83.58,1011.47,14.84
10,154,8875382,0,0,0,6,0,0,0,0,0,-1,-1,30.15,83.55,1011.48,14.77
10,155,8880382,0,0,0,6,0,0,0,0,0,-1,-1,30.15,83.48,1011.44,15.07
10,156,8885382,0,0,0,6,0,0,0,0,0,-1,-1,30.15,83.46,1011.50,14.55
10,157,8890382,0,0,0,0,0,0,0,0,0,-1,-1,30.15,83.42,1011.47,14.84
10,158,8895382,0,0,0,0,0,0,0,0,0,-1,-1,30.16,83.34,1011.49,14.70
10,159,8900382,0,0,0,0,0,0,0,0,0,-1,-1,30.15,83.33,1011.48,14.77
10,160,8905382,0,0,0,0,0,0,0,0,0,-1,-1,30.15,83.27,1011.50,14.55
10,161,8910382,0,0,0,0,0,0,0,0,0,-1,-1,30.16,83.22,1011.44,15.08
10,162,8915382,0,0,0,0,0,0,0,0,0,-1,-1,30.16,83.16,1011.47,14.85
10,163,8920382,0,0,0,0,0,0,0,0,0,-1,-1,30.14,83.10,1011.49,14.69
10,164,8925382,0,0,0,0,0,0,0,0,0,-1,-1,30.15,83.06,1011.50,14.55
10,165,8930382,0,0,0,0,0,0,0,0,0,-1,-1,30.15,83.02,1011.53,14.33
10,166,8935382,0,0,0,0,0,0,0,0,0,-1,-1,30.15,82.95,1011.50,14.62
10,167,8940382,0,0,0,0,0,0,0,0,0,-1,-1,30.16,82.91,1011.51,14.48
10,168,8945382,0,0,0,12,0,0,0,0,0,-1,-1,30.16,82.87,1011.43,15.15
10,169,8950382,0,0,0,12,0,0,0,0,0,-1,-1,30.15,82.79,1011.47,14.84
10,170,8955382,0,0,0,12,0,0,0,0,0,-1,-1,30.15,82.74,1011.42,15.22
10,171,8960382,0,0,0,0,0,0,0,0,0,-1,-1,30.15,82.68,1011.42,15.22
10,172,8965382,0,0,0,0,0,0,0,0,0,-1,-1,30.16,82.64,1011.46,14.92
10,173,8970382,0,0,0,0,0,0,0,0,0,-1,-1,30.15,82.57,1011.44,15.07
10,174,8975382,0,0,0,0,0,0,0,0,0,-1,-1,30.15,82.51,1011.50,14.55
10,175,8980382,0,0,0,0,0,0,0,0,0,-1,-1,30.15,82.45,1011.56,14.10
10,176,8985382,0,0,0,0,0,0,0,0,0,-1,-1,30.15,82.40,1011.47,14.84
10,177,8990382,0,0,0,0,0,0,0,0,0,-1,-1,30.15,82.33,1011.48,14.77
10,178,8995382,0,0,0,0,0,0,0,0,0,-1,-1,30.16,82.31,1011.49,14.70
10,179,9000382,0,0,0,0,0,0,0,0,0,-1,-1,30.15,82.24,1011.48,14.77
11,0,9005382,0,0,0,0,0,0,0,0,0,-1,-1,30.15,82.20,1011.50,14.62
11,1,9010382,0,0,0,6,0,0,0,0,0,-1,-1,30.14,82.13,1011.46,14.92
11,2,9015382,0,0,0,6,0,0,0,0,0,-1,-1,30.16,82.08,1011.49,14.70
11,3,9020382,0,0,0,6,0,0,0,0,0,-1,-1,30.15,82.05,1011.53,14.33
11,4,9025382,0,0,0,6,0,0,0,0,0,-1,-1,30.16,81.98,1011.51,14.48
11,5,9030382,0,0,0,0,0,0,0,0,0,-1,-1,30.14,81.94,1011.49,14.69
11,6,9035382,0,0,0,0,0,0,0,0,0,-1,-1,30.15,81.88,1011.50,14.55
11,7,9040382,0,0,0,0,0,0,0,0,0,-1,-1,30.15,81.85,1011.50,14.62
11,8,9045382,0,0,0,0,0,0,0,0,0,-1,-1,30.15,81.75,1011.55,14.17
11,9,9050382,0,0,0,0,0,0,0,0,0,-1,-1,30.15,81.73,1011.47,14.84
11,10,9055382,0,0,0,0,0,0,0,0,0,-1,-1,30.15,81.67,1011.56,14.10
11,11,9060382,0,0,0,0,0,0,0,0,0,-1,-1,30.14,81.67,1011.54,14.24
11,12,9065382,0,0,0,0,0,0,0,0,0,-1,-1,30.14,81.56,1011.51,14.47
11,13,9070382,0,0,0,0,0,0,0,0,0,-1,-1,30.14,81.51,1011.54,14.24
11,14,9075382,0,0,0,0,0,0,0,0,0,-1,-1,30.14,81.45,1011.49,14.69
11,15,9080382,0,0,0,18,0,0,0,0,0,-1,-1,30.15,81.41,1011.56,14.10
11,16,9085382,0,0,0,18,0,0,0,0,0,-1,-1,30.15,81.35,1011.50,14.62
11,17,9090382,0,0,0,18,0,0,0,0,0,-1,-1,30.16,81.30,1011.51,14.48
11,18,9095382,0,0,0,12,0,0,0,0,0,-1,-1,30.15,81.26,1011.47,14.84
11,19,9100382,0,0,0,12,0,0,0,0,0,-1,-1,30.14,81.19,1011.50,14.54
11,20,9105382,0,0,0,18,0,0,0,0,0,-1,-1,30.15,81.14,1011.58,13.95
11,21,9110382,0,0,0,6,0,0,0,0,0,-1,-1,30.14,81.11,1011.51,14.47
11,22,9115382,0,0,0,6,0,0,0,0,0,-1,-1,30.14,80.93,1011.51,14.47
11,23,9120382,0,0,0,6,0,0,0,0,0,-1,-1,30.15,81.02,1011.50,14.62
11,24,9125382,0,0,0,6,0,0,0,0,0,-1,-1,30.15,80.96,1011.55,14.17
11,25,9130382,0,0,0,6,0,0,0,0,0,-1,-1,30.14,80.91,1011.54,14.24
11,26,9135382,0,0,0,6,0,0,0,0,0,-1,-1,30.15,80.88,1011.47,14.84
11,27,9140382,0,0,0,6,0,0,0,0,0,-1,-1,30.14,80.80,1011.45,14.99
11,28,9145382,0,0,0,0,0,0,0,0,0,-1,-1,30.14,80.76,1011.51,14.47
11,29,9150382,0,0,0,0,0,0,0,0,0,-1,-1,30.14,80.73,1011.46,14.92
11,30,9155382,0,0,0,0,0,0,0,0,0,-1,-1,30.14,80.66,1011.48,14.77
11,31,9160382,0,0,0,6,0,0,0,0,0,-1,-1,30.14,80.63,1011.45,14.99
11,32,9165382,0,0,0,6,0,0,0,0,0,-1,-1,30.13,80.56,1011.52,14.39
11,33,9170382,0,0,0,6,0,0,0,0,0,-1,-1,30.15,80.53,1011.50,14.55
11,34,9175382,0,0,0,6,0,0,0,0,0,-1,-1,30.15,80.48,1011.52,14.40
11,35,9180382,0,0,0,0,0,0,0,0,0,-1,-1,30.14,80.45,1011.42,15.21
11,36,9185382,0,0,0,18,0,0,0,0,0,-1,-1,30.14,80.42,1011.56,14.09
11,37,9190382,0,0,0,18,0,0,0,0,0,-1,-1,30.14,80.35,1011.56,14.09
11,38,9195382,0,0,0,18,0,0,0,0,0,-1,-1,30.14,80.29,1011.48,14.77
11,39,9200382,0,0,0,18,0,0,0,0,0,-1,-1,30.13,80.23,1011.44,15.06
11,40,9205382,0,0,0,0,0,0,0,0,0,-1,-1,30.14,80.18,1011.42,15.21
11,41,9210382,0,0,0,0,0,0,0,0,0,-1,-1,30.13,80.14,1011.49,14.68
11,42,9215382,0,0,0,0,0,0,0,0,0,-1,-1,30.13,80.07,1011.46,14.91
11,43,9220382,0,0,0,6,0,0,0,0,0,-1,-1,30.12,80.00,1011.45,14.98
11,44,9225382,0,0,0,6,0,0,0,0,0,-1,-1,30.13,79.96,1011.43,15.13
11,45,9230382,0,0,0,18,0,0,0,0,0,-1,-1,30.13,79.90,1011.43,15.13
11,46,9235382,0,0,0,18,0,0,0,0,0,-1,-1,30.13,79.86,1011.46,14.91
11,47,9240382,0,0,0,12,0,0,0,0,0,-1,-1,30.13,79.83,1011.47,14.84
11,48,9245382,0,0,0,12,0,0,0,0,0,-1,-1,30.12,79.77,1011.43,15.20
11,49,9250382,0,0,0,0,0,0,0,0,0,-1,-1,30.13,79.74,1011.47,14.84
11,50,9255382,0,0,0,0,0,0,0,0,0,-1,-1,30.13,79.69,1011.47,14.84
11,51,9260382,0,0,0,6,0,0,0,0,0,-1,-1,30.13,79.65,1011.50,14.61
11,52,9265382,0,0,0,6,0,0,0,0,0,-1,-1,30.14,79.61,1011.46,14.92
11,53,9270382,0,0,0,6,0,0,0,0,0,-1,-1,30.13,79.55,1011.43,15.13
11,54,9275382,0,0,0,0,0,0,0,0,0,-1,-1,30.12,79.53,1011.43,15.20
11,55,9280382,0,0,0,0,0,0,0,0,0,-1,-1,30.13,79.49,1011.51,14.46
11,56,9285382,0,0,0,0,0,0,0,0,0,-1,-1,30.12,79.45,1011.45,14.98
11,57,9290382,0,0,0,0,0,0,0,0,0,-1,-1,30.13,79.32,1011.46,14.91
11,58,9295382,0,0,0,6,0,0,0,0,0,-1,-1,30.12,79.36,1011.45,14.98
11,59,9300382,0,0,0,6,0,0,0,0,0,-1,-1,30.13,79.33,1011.51,14.46
11,60,9305382,0,0,0,6,0,0,0,0,0,-1,-1,30.13,79.29,1011.51,14.46
11,61,9310382,0,0,0,0,0,0,0,0,0,-1,-1,30.12,79.25,1011.50,14.60
11,62,9315382,0,0,0,6,0,0,0,0,0,-1,-1,30.13,79.19,1011.54,14.24
11,63,9320382,0,0,0,6,0,0,0,0,0,-1,-1,30.13,79.18,1011.51,14.46
11,64,9325382,0,0,0,6,0,0,0,0,0,-1,-1,30.12,79.14,1011.48,14.76
11,65,9330382,0,0,0,0,0,0,0,0,0,-1,-1,30.13,79.09,1011.54,14.24
11,66,9335382,0,0,0,0,0,0,0,0,0,-1,-1,30.12,79.05,1011.53,14.31
11,67,9340382,0,0,0,0,0,0,0,0,0,-1,-1,30.12,79.03,1011.50,14.60
11,68,9345382,0,0,0,0,0,0,0,0,0,-1,-1,30.12,78.98,1011.51,14.53
11,69,9350382,0,0,0,0,0,0,0,0,0,-1,-1,30.12,78.97,1011.51,14.53
11,70,9355382,0,0,0,0,0,0,0,0,0,-1,-1,30.12,78.91,1011.44,15.05
11,71,9360382,0,0,0,0,0,0,0,0,0,-1,-1,30.12,78.90,1011.47,14.83
11,72,9365382,0,0,0,0,0,0,0,0,0,-1,-1,30.12,78.84,1011.50,14.60
11,73,9370382,0,0,0,0,0,0,0,0,0,-1,-1,30.12,78.80,1011.42,15.27
11,74,9375382,0,0,0,0,0,0,0,0,0,-1,-1,30.11,78.77,1011.44,15.12
11,75,9380382,0,0,0,0,0,0,0,0,0,-1,-1,30.10,78.75,1011.42,15.26
11,76,9385382,0,0,0,0,0,0,0,0,0,-1,-1,30.12,78.69,1011.44,15.05
11,77,9390382,0,0,0,6,0,0,0,0,0,-1,-1,30.11,78.66,1011.46,14.90
11,78,9395382,0,0,0,6,0,0,0,0,0,-1,-1,30.11,78.65,1011.44,15.12
11,79,9400382,0,0,0,6,0,0,0,0,0,-1,-1,30.12,78.60,1011.44,15.05
11,80,9405382,0,0,0,0,0,0,0,0,0,-1,-1,30.11,78.55,1011.44,15.12
11,81,9410382,0,0,0,0,0,0,0,0,0,-1,-1,30.10,78.54,1011.47,14.82
11,82,9415382,0,0,0,12,0,0,0,0,0,-1,-1,30.10,78.51,1011.44,15.04
11,83,9420382,0,0,0,12,0,0,0,0,0,-1,-1,30.11,78.46,1011.51,14.52
11,84,9425382,0,0,0,12,0,0,0,0,0,-1,-1,30.10,78.45,1011.44,15.04
11,85,9430382,0,0,0,12,0,0,0,0,0,-1,-1,30.10,78.45,1011.44,15.04
11,86,9435382,0,0,0,0,0,0,0,0,0,-1,-1,30.10,78.41,1011.47,14.82
11,87,9440382,0,0,0,0,0,0,0,0,0,-1,-1,30.10,78.39,1011.44,15.11
11,88,9445382,0,0,0,6,0,0,0,0,0,-1,-1,30.10,78.37,1011.54,14.22
11,89,9450382,0,0,0,6,0,0,0,0,0,-1,-1,30.10,78.37,1011.49,14.66
11,90,9455382,0,0,0,6,0,0,0,0,0,-1,-1,30.10,78.32,1011.46,14.89
11,91,9460382,0,0,0,18,0,0,0,0,0,-1,-1,30.10,78.30,1011.49,14.66
11,92,9465382,0,0,0,12,0,0,0,0,0,-1,-1,30.09,78.26,1011.48,14.74
11,93,9470382,0,0,0,18,0,0,0,0,0,-1,-1,30.10,78.21,1011.60,13.77
11,94,9475382,0,0,0,12,0,0,0,0,0,-1,-1,30.08,78.19,1011.54,14.21
11,95,9480382,0,0,0,12,0,0,0,0,0,-1,-1,30.08,78.13,1011.57,13.99
11,96,9485382,0,0,0,30,0,0,0,0,0,-1,-1,30.10,78.11,1011.49,14.66
11,97,9490382,0,0,0,24,0,0,0,0,0,-1,-1,30.09,78.07,1011.58,13.91
11,98,9495382,0,0,0,18,0,0,0,0,0,-1,-1,30.08,78.04,1011.46,14.88
11,99,9500382,0,0,0,0,0,0,0,0,0,-1,-1,30.08,78.03,1011.56,14.06
11,100,9505382,0,0,0,0,0,0,0,0,0,-1,-1,30.09,77.99,1011.55,14.14
11,101,9510382,0,0,0,0,0,0,0,0,0,-1,-1,30.09,77.94,1011.53,14.36
11,102,9515382,0,0,0,0,0,0,0,0,0,-1,-1,30.08,77.91,1011.52,14.43
11,103,9520382,0,0,0,0,0,0,0,0,0,-1,-1,30.08,77.86,1011.44,15.10
11,104,9525382,0,0,0,0,0,0,0,0,0,-1,-1,30.09,77.85,1011.53,14.36
11,105,9530382,0,0,0,0,0,0,0,0,0,-1,-1,30.08,77.84,1011.52,14.43
11,106,9535382,0,0,0,0,0,0,0,0,0,-1,-1,30.08,77.83,1011.44,15.10
11,107,9540382,0,0,0,0,0,0,0,0,0,-1,-1,30.08,77.77,1011.41,15.33
11,108,9545382,0,0,0,6,0,0,0,0,0,-1,-1,30.07,77.75,1011.63,13.46
11,109,9550382,0,0,0,6,0,0,0,0,0,-1,-1,30.08,77.74,1011.51,14.51
11,110,9555382,0,0,0,6,0,0,0,0,0,-1,-1,30.08,77.71,1011.43,15.17
11,111,9560382,0,0,0,12,0,0,0,0,0,-1,-1,30.07,77.70,1011.50,14.57
11,112,9565382,0,0,0,6,0,0,0,0,0,-1,-1,30.08,77.65,1011.51,14.51
11,113,9570382,0,0,0,12,0,0,0,0,0,-1,-1,30.07,77.65,1011.52,14.42
11,114,9575382,0,0,0,12,0,0,0,0,0,-1,-1,30.07,77.61,1011.41,15.32
11,115,9580382,0,0,0,12,0,0,0,0,0,-1,-1,30.08,77.60,1011.46,14.95
11,116,9585382,0,0,0,12,0,0,0,0,0,-1,-1,30.06,77.57,1011.39,15.46
11,117,9590382,0,0,0,0,0,0,0,0,0,-1,-1,30.06,77.52,1011.48,14.72
11,118,9595382,0,0,0,0,0,0,0,0,0,-1,-1,30.06,77.49,1011.46,14.94
11,119,9600382,0,0,0,0,0,0,0,0,0,-1,-1,30.07,77.48,1011.41,15.32
11,120,9605382,0,0,0,6,0,0,0,0,0,-1,-1,30.06,77.46,1011.38,15.61
11,121,9610382,0,0,0,6,0,0,0,0,0,-1,-1,30.06,77.44,1011.54,14.27
11,122,9615382,0,0,0,6,0,0,0,0,0,-1,-1,30.06,77.42,1011.54,14.27
11,123,9620382,0,0,0,6,0,0,0,0,0,-1,-1,30.07,77.41,1011.49,14.65
11,124,9625382,0,0,0,0,0,0,0,0,0,-1,-1,30.06,77.37,1011.48,14.72
11,125,9630382,0,0,0,0,0,0,0,0,0,-1,-1,30.06,77.36,1011.39,15.46
11,126,9635382,0,0,0,0,0,0,0,0,0,-1,-1,30.05,77.34,1011.49,14.64
11,127,9640382,0,0,0,6,0,0,0,0,0,-1,-1,30.06,77.27,1011.46,14.94
11,128,9645382,0,0,0,24,0,0,0,0,0,-1,-1,30.02,77.19,1011.46,14.92
11,129,9650382,0,0,0,24,0,0,0,0,0,-1,-1,29.97,77.12,1011.54,14.22
11,130,9655382,0,0,0,24,0,0,0,0,0,-1,-1,29.94,77.11,1011.38,15.55
11,131,9660382,0,0,0,18,0,0,0,0,0,-1,-1,29.92,77.09,1011.45,15.01
11,132,9665382,0,0,0,0,0,0,0,0,0,-1,-1,29.88,77.06,1011.50,14.55
11,133,9670382,0,0,0,0,0,0,0,0,0,-1,-1,29.86,77.07,1011.47,14.83
11,134,9675382,0,0,0,0,0,0,0,0,0,-1,-1,29.87,77.07,1011.45,14.98
11,135,9680382,0,0,0,0,0,0,0,0,0,-1,-1,29.89,77.05,1011.43,15.15
11,136,9685382,0,0,0,0,0,0,0,0,0,-1,-1,29.92,77.05,1011.45,15.01
11,137,9690382,0,0,0,0,0,0,0,0,0,-1,-1,29.92,77.03,1011.43,15.16
11,138,9695382,0,0,0,0,0,0,0,0,0,-1,-1,29.93,77.00,1011.39,15.47
11,139,9700382,0,0,0,0,0,0,0,0,0,-1,-1,29.92,76.94,1011.40,15.39
11,140,9705382,0,0,0,0,0,0,0,0,0,-1,-1,29.88,76.96,1011.40,15.44
11,141,9710382,0,0,0,0,0,0,0,0,0,-1,-1,29.86,76.98,1011.41,15.35
11,142,9715382,0,0,0,0,0,0,0,0,0,-1,-1,29.84,76.99,1011.48,14.75
11,143,9720382,0,0,0,6,0,0,0,0,0,-1,-1,29.83,77.00,1011.52,14.44
11,144,9725382,0,0,0,6,0,0,0,0,0,-1,-1,29.82,77.00,1011.47,14.81
11,145,9730382,0,0,0,6,0,0,0,0,0,-1,-1,29.81,77.02,1011.49,14.66
11,146,9735382,0,0,0,6,0,0,0,0,0,-1,-1,29.81,77.02,1011.48,14.73
11,147,9740382,0,0,0,0,0,0,0,0,0,-1,-1,29.79,77.03,1011.43,15.17
11,148,9745382,0,0,0,0,0,0,0,0,0,-1,-1,29.80,77.05,1011.42,15.25
11,149,9750382,0,0,0,6,0,0,0,0,0,-1,-1,29.79,77.05,1011.43,15.17
11,150,9755382,0,0,0,18,0,0,0,0,0,-1,-1,29.79,77.06,1011.43,15.17
11,151,9760382,0,0,0,18,0,0,0,0,0,-1,-1,29.78,77.11,1011.41,15.31
11,152,9765382,0,0,0,30,0,0,0,0,0,-1,-1,29.79,77.10,1011.50,14.57
11,153,9770382,0,0,0,12,0,0,0,0,0,-1,-1,29.79,77.12,1011.42,15.24
11,154,9775382,0,0,0,12,0,0,0,0,0,-1,-1,29.78,77.12,1011.44,15.09
11,155,9780382,0,0,0,0,0,0,0,0,0,-1,-1,29.79,77.14,1011.47,14.79
11,156,9785382,0,0,0,18,0,0,0,0,0,-1,-1,29.78,77.15,1011.46,14.94
11,157,9790382,0,0,0,18,0,0,0,0,0,-1,-1,29.78,77.17,1011.41,15.31
11,158,9795382,0,0,0,24,0,0,0,0,0,-1,-1,29.77,77.17,1011.42,15.23
11,159,9800382,0,0,0,6,0,0,0,0,0,-1,-1,29.78,77.34,1011.41,15.31
11,160,9805382,0,0,0,6,0,0,0,0,0,-1,-1,29.78,77.22,1011.41,15.31
11,161,9810382,0,0,0,18,0,0,0,0,0,-1,-1,29.78,77.23,1011.40,15.38
11,162,9815382,0,0,0,12,0,0,0,0,0,-1,-1,29.78,77.24,1011.39,15.53
11,163,9820382,0,0,0,12,0,0,0,0,0,-1,-1,29.78,77.27,1011.43,15.16
11,164,9825382,0,0,0,12,0,0,0,0,0,-1,-1,29.78,77.28,1011.40,15.38
11,165,9830382,0,0,0,0,0,0,0,0,0,-1,-1,29.78,77.29,1011.44,15.09
11,166,9835382,0,0,0,0,0,0,0,0,0,-1,-1,29.78,77.33,1011.40,15.38
11,167,9840382,0,0,0,6,0,0,0,0,0,-1,-1,29.79,77.35,1011.45,15.02
11,168,9845382,0,0,0,6,0,0,0,0,0,-1,-1,29.79,77.37,1011.43,15.17
11,169,9850382,0,0,0,6,0,0,0,0,0,-1,-1,29.80,77.44,1011.38,15.54
11,170,9855382,0,0,0,0,0,0,0,0,0,-1,-1,29.80,77.48,1011.45,15.02
11,171,9860382,0,0,0,6,0,0,0,0,0,-1,-1,29.81,77.50,1011.43,15.17
11,172,9865382,0,0,0,6,0,0,0,0,0,-1,-1,29.80,77.53,1011.46,14.87
11,173,9870382,0,0,0,18,0,0,0,0,0,-1,-1,29.81,77.58,1011.43,15.17
11,174,9875382,0,0,0,18,0,0,0,0,0,-1,-1,29.81,77.63,1011.46,14.88
11,175,9880382,0,0,0,18,0,0,0,0,0,-1,-1,29.80,77.67,1011.34,15.92
11,176,9885382,0,0,0,6,0,0,0,0,0,-1,-1,29.82,77.69,1011.43,15.19
11,177,9890382,0,0,0,6,0,0,0,0,0,-1,-1,29.82,77.81,1011.42,15.26
11,178,9895382,0,0,0,0,0,0,0,0,0,-1,-1,29.83,77.87,1011.50,14.59
11,179,9900382,0,0,0,0,0,0,0,0,0,-1,-1,29.83,77.94,1011.50,14.59
12,0,9905382,0,0,0,6,0,0,0,0,0,-1,-1,29.83,78.02,1011.47,14.82
12,1,9910382,0,0,0,6,0,0,0,0,0,-1,-1,29.84,78.11,1011.49,14.67
12,2,9915382,0,0,0,6,0,0,0,0,0,-1,-1,29.85,78.20,1011.50,14.60
12,3,9920382,0,0,0,0,0,0,0,0,0,-1,-1,29.85,78.28,1011.50,14.60
12,4,9925382,0,0,0,0,0,0,0,0,0,-1,-1,29.85,78.37,1011.44,15.05
12,5,9930382,0,0,0,0,0,0,0,0,0,-1,-1,29.86,78.47,1011.47,14.83
12,6,9935382,0,0,0,6,0,0,0,0,0,-1,-1,29.85,78.59,1011.45,14.98
12,7,9940382,0,0,0,6,0,0,0,0,0,-1,-1,29.87,78.72,1011.49,14.69
12,8,9945382,0,0,0,6,0,0,0,0,0,-1,-1,29.87,78.83,1011.51,14.54
12,9,9950382,0,0,0,0,0,0,0,0,0,-1,-1,29.87,78.92,1011.51,14.47
12,10,9955382,0,0,0,0,0,0,0,0,0,-1,-1,29.88,79.06,1011.44,15.06
12,11,9960382,0,0,0,0,0,0,0,0,0,-1,-1,29.89,79.18,1011.49,14.63
12,12,9965382,0,0,0,0,0,0,0,0,0,-1,-1,29.89,79.31,1011.43,15.15
12,13,9970382,0,0,0,0,0,0,0,0,0,-1,-1,29.90,79.45,1011.48,14.78
12,14,9975382,0,0,0,0,0,0,0,0,0,-1,-1,29.92,79.61,1011.53,14.34
12,15,9980382,0,0,0,0,0,0,0,0,0,-1,-1,29.92,79.75,1011.45,15.01
12,16,9985382,0,0,0,6,0,0,0,0,0,-1,-1,29.93,79.89,1011.52,14.42
12,17,9990382,0,0,0,6,0,0,0,0,0,-1,-1,29.94,80.05,1011.54,14.28
12,18,9995382,0,0,0,6,0,0,0,0,0,-1,-1,29.94,80.20,1011.54,14.28
12,19,10000382,0,0,0,6,0,0,0,0,0,-1,-1,29.94,80.36,1011.59,13.83
12,20,10005382,0,0,0,18,0,0,0,0,0,-1,-1,29.95,80.53,1011.58,13.91
12,21,10010382,0,0,0,18,0,0,0,0,0,-1,-1,29.95,80.71,1011.58,13.91
12,22,10015382,0,0,0,18,0,0,0,0,0,-1,-1,29.95,80.90,1011.50,14.58
12,23,10020382,0,0,0,24,0,0,0,0,0,-1,-1,29.97,81.11,1011.45,14.96
12,24,10025382,0,0,0,6,0,0,0,0,0,-1,-1,29.97,81.29,1011.53,14.29
12,25,10030382,0,0,0,6,0,0,0,0,0,-1,-1,29.98,81.50,1011.52,14.37
12,26,10035382,0,0,0,12,0,0,0,0,0,-1,-1,29.98,81.72,1011.53,14.30
12,27,10040382,0,0,0,6,0,0,0,0,0,-1,-1,29.99,81.81,1011.50,14.60
12,28,10045382,0,0,0,24,0,0,0,0,0,-1,-1,30.00,82.16,1011.59,13.86
12,29,10050382,0,0,0,18,0,0,0,0,0,-1,-1,30.00,82.37,1011.56,14.09
12,30,10055382,0,0,0,18,0,0,0,0,0,-1,-1,30.01,82.59,1011.50,14.61
12,31,10060382,0,0,0,18,0,0,0,0,0,-1,-1,30.02,82.83,1011.55,14.18
12,32,10065382,0,0,0,0,0,0,0,0,0,-1,-1,30.03,83.06,1011.53,14.33
12,33,10070382,0,0,0,0,0,0,0,0,0,-1,-1,30.03,83.27,1011.57,14.03
12,34,10075382,0,0,0,0,0,0,0,0,0,-1,-1,30.04,83.55,1011.57,13.96
12,35,10080382,0,0,0,0,0,0,0,0,0,-1,-1,30.04,83.76,1011.64,13.44
12,36,10085382,0,0,0,0,0,0,0,0,0,-1,-1,30.05,84.02,1011.52,14.42
12,37,10090382,0,0,0,0,0,0,0,0,0,-1,-1,30.06,84.26,1011.50,14.57
12,38,10095382,0,0,0,0,0,0,0,0,0,-1,-1,30.07,84.51,1011.55,14.20
12,39,10100382,0,0,0,0,0,0,0,0,0,-1,-1,30.08,84.75,1011.56,14.06
12,40,10105382,0,0,0,0,0,0,0,0,0,-1,-1,30.08,85.02,1011.62,13.61
12,41,10110382,0,0,0,0,0,0,0,0,0,-1,-1,30.09,85.29,1011.55,14.14
12,42,10115382,0,0,0,0,0,0,0,0,0,-1,-1,30.10,85.55,1011.61,13.70
12,43,10120382,0,0,0,0,0,0,0,0,0,-1,-1,30.11,85.85,1011.46,14.90
12,44,10125382,0,0,0,0,0,0,0,0,0,-1,-1,30.13,86.14,1011.54,14.24
12,45,10130382,0,0,0,0,0,0,0,0,0,-1,-1,30.13,86.39,1011.55,14.17
12,46,10135382,0,0,0,0,0,0,0,0,0,-1,-1,30.14,86.70,1011.65,13.35
12,47,10140382,0,0,0,0,0,0,0,0,0,-1,-1,30.15,86.95,1011.53,14.33
12,48,10145382,0,0,0,0,0,0,0,0,0,-1,-1,30.16,87.22,1011.55,14.18
12,49,10150382,0,0,0,0,0,0,0,0,0,-1,-1,30.17,87.44,1011.50,14.56
12,50,10155382,0,0,0,6,2,2,0,0,0,-1,-1,30.17,87.62,1011.53,14.33
12,51,10160382,0,0,0,6,2,2,0,0,0,-1,-1,30.17,87.80,1011.53,14.33
12,52,10165382,0,0,0,0,0,0,0,0,0,-1,-1,30.16,87.95,1011.55,14.18
12,53,10170382,0,0,0,0,0,0,0,0,0,-1,-1,30.16,88.07,1011.55,14.18
12,54,10175382,0,0,0,0,0,0,0,0,0,-1,-1,30.16,88.20,1011.47,14.85
12,55,10180382,0,0,0,6,2,2,0,0,0,-1,-1,30.16,88.29,1011.47,14.85
12,56,10185382,0,0,0,6,2,2,0,0,0,-1,-1,30.17,88.39,1011.51,14.48
12,57,10190382,0,0,0,6,2,2,0,0,0,-1,-1,30.16,88.45,1011.57,13.96
12,58,10195382,0,0,0,6,2,2,0,0,0,-1,-1,30.17,88.55,1011.48,14.78
12,59,10200382,0,0,0,0,0,0,0,0,0,-1,-1,30.16,88.57,1011.49,14.70
12,60,10205382,0,0,0,0,0,0,0,0,0,-1,-1,30.14,88.61,1011.49,14.69
12,61,10210382,0,11,11,543,181,181,0,0,0,-1,-1,30.15,88.67,1011.53,14.33
12,62,10215382,0,13,13,597,199,199,0,0,0,-1,-1,30.17,88.74,1011.50,14.56
12,63,10220382,0,2,2,159,53,53,0,0,0,-1,-1,30.16,88.82,1011.55,14.18
12,64,10225382,0,26,26,1137,379,379,0,0,0,-1,-1,30.17,88.87,1011.53,14.33
12,65,10230382,0,27,27,1221,407,407,0,0,0,-1,-1,30.16,88.93,1011.55,14.18
12,66,10235382,0,14,14,636,212,212,0,0,0,-1,-1,30.17,88.96,1011.56,14.11
12,67,10240382,0,0,0,60,20,20,0,0,0,-1,-1,30.17,88.97,1011.64,13.44
12,68,10245382,0,0,0,0,0,0,0,0,0,-1,-1,30.16,89.03,1011.52,14.41
12,69,10250382,0,0,0,0,0,0,0,0,0,-1,-1,30.16,89.04,1011.59,13.81
12,70,10255382,0,0,0,0,0,0,0,0,0,-1,-1,30.15,89.04,1011.63,13.50
12,71,10260382,0,5,5,273,91,91,0,0,0,-1,-1,30.15,89.04,1011.64,13.43
12,72,10265382,0,43,43,1914,638,638,0,0,0,-1,-1,30.15,89.02,1011.58,13.95
12,73,10270382,0,63,75,3462,1154,1154,0,0,0,-1,-1,30.15,89.05,1011.56,14.10
12,74,10275382,0,63,74,3603,1201,1201,0,0,0,-1,-1,30.16,89.05,1011.54,14.26
12,75,10280382,0,63,74,3747,1249,1249,0,0,0,-1,-1,30.16,89.08,1011.51,14.48
12,76,10285382,0,62,75,3831,1277,1277,0,0,0,-1,-1,30.16,89.07,1011.55,14.18
12,77,10290382,0,64,77,3903,1301,1301,2,0,0,-1,-1,30.17,89.08,1011.56,14.11
12,78,10295382,0,64,76,3858,1286,1286,2,0,0,-1,-1,30.17,89.08,1011.50,14.56
12,79,10300382,0,66,80,4032,1344,1344,2,0,0,-1,-1,30.17,89.09,1011.46,14.93
12,80,10305382,0,71,87,4341,1447,1447,0,0,0,-1,-1,30.17,89.12,1011.48,14.71
12,81,10310382,0,73,87,4446,1482,1482,0,0,0,-1,-1,30.17,89.12,1011.50,14.56
12,82,10315382,0,70,85,4344,1448,1448,0,0,0,-1,-1,30.17,89.12,1011.50,14.56
12,83,10320382,0,68,83,4272,1424,1424,0,0,0,-1,-1,30.17,89.14,1011.53,14.33
12,84,10325382,0,69,84,4278,1426,1426,2,0,0,-1,-1,30.17,89.15,1011.53,14.33
12,85,10330382,0,69,85,4260,1420,1420,2,0,0,-1,-1,30.17,89.15,1011.48,14.78
12,86,10335382,0,69,84,4203,1401,1401,2,0,0,-1,-1,30.17,89.15,1011.58,13.89
12,87,10340382,0,69,83,4140,1380,1380,2,0,0,-1,-1,30.17,89.13,1011.56,14.11
12,88,10345382,0,67,80,4029,1343,1343,0,0,0,-1,-1,30.17,89.11,1011.51,14.48
12,89,10350382,0,68,82,4008,1336,1336,0,0,0,-1,-1,30.17,89.13,1011.53,14.33
12,90,10355382,0,68,81,4029,1343,1343,0,0,0,-1,-1,30.16,89.11,1011.49,14.70
12,91,10360382,0,68,82,4053,1351,1351,0,0,0,-1,-1,30.17,89.08,1011.50,14.56
12,92,10365382,0,68,81,4059,1353,1353,2,0,0,-1,-1,30.16,89.08,1011.47,14.85
12,93,10370382,0,68,83,4086,1362,1362,2,0,0,-1,-1,30.17,89.03,1011.53,14.33
12,94,10375382,0,68,83,4194,1398,1398,2,0,0,-1,-1,30.16,89.00,1011.52,14.41
12,95,10380382,0,69,84,4173,1391,1391,0,0,0,-1,-1,30.16,88.95,1011.49,14.70
12,96,10385382,0,70,85,4431,1477,1477,0,0,0,-1,-1,30.16,88.92,1011.47,14.85
12,97,10390382,0,77,93,4734,1578,1578,2,2,0,-1,-1,30.17,88.87,1011.50,14.56
12,98,10395382,0,81,96,5004,1668,1668,2,2,0,-1,-1,30.15,88.85,1011.53,14.33
12,99,10400382,0,73,88,4536,1512,1512,0,0,0,-1,-1,30.16,88.79,1011.52,14.41
12,100,10405382,0,71,86,3927,1309,1309,2,0,0,-1,-1,30.16,88.78,1011.47,14.85
12,101,10410382,0,68,82,3804,1268,1268,4,0,0,-1,-1,30.16,88.76,1011.52,14.41
12,102,10415382,0,71,86,4230,1410,1410,2,0,0,-1,-1,30.17,88.74,1011.56,14.11
12,103,10420382,0,78,94,4788,1596,1596,2,0,0,-1,-1,30.18,88.72,1011.55,14.19
12,104,10425382,0,75,91,4584,1528,1528,4,0,0,-1,-1,30.16,88.72,1011.44,15.08
12,105,10430382,0,65,77,3525,1175,1175,2,0,0,-1,-1,30.17,88.67,1011.51,14.48
12,106,10435382,0,57,66,2898,966,966,0,0,0,-1,-1,30.18,88.66,1011.49,14.64
12,107,10440382,0,60,70,3240,1080,1080,0,0,0,-1,-1,30.17,88.63,1011.45,15.01
12,108,10445382,0,64,75,3315,1105,1105,2,0,0,-1,-1,30.16,88.61,1011.55,14.18
12,109,10450382,0,65,78,3426,1142,1142,4,2,2,-1,-1,30.17,88.57,1011.48,14.71
12,110,10455382,0,64,78,3582,1194,1194,4,2,2,-1,-1,30.16,88.55,1011.41,15.30
12,111,10460382,0,73,89,4320,1440,1440,4,2,2,-1,-1,30.17,88.52,1011.48,14.71
12,112,10465382,0,68,82,3912,1304,1304,2,0,0,-1,-1,30.17,88.46,1011.48,14.78
12,113,10470382,0,46,51,2076,692,692,2,0,0,-1,-1,30.17,88.44,1011.48,14.78
12,114,10475382,0,27,27,1158,386,386,2,0,0,-1,-1,30.16,88.39,1011.49,14.70
12,115,10480382,0,41,41,1668,556,556,2,0,0,-1,-1,30.17,88.39,1011.53,14.33
12,116,10485382,0,46,48,1965,655,655,2,0,0,-1,-1,30.17,88.32,1011.50,14.56
12,117,10490382,0,7,7,321,107,107,0,0,0,-1,-1,30.17,88.30,1011.50,14.56
12,118,10495382,0,0,0,12,4,4,0,0,0,-1,-1,30.17,88.25,1011.46,14.93
12,119,10500382,0,0,0,6,2,2,0,0,0,-1,-1,30.17,88.16,1011.45,15.01
12,120,10505382,0,0,0,0,0,0,0,0,0,-1,-1,30.17,88.13,1011.48,14.78
12,121,10510382,0,0,0,0,0,0,0,0,0,-1,-1,30.18,88.08,1011.47,14.86
12,122,10515382,0,9,9,444,148,148,0,0,0,-1,-1,30.17,88.04,1011.51,14.48
12,123,10520382,0,7,7,327,109,109,0,0,0,-1,-1,30.17,88.02,1011.48,14.71
12,124,10525382,0,0,0,0,0,0,0,0,0,-1,-1,30.17,87.98,1011.45,15.01
12,125,10530382,0,0,0,0,0,0,0,0,0,-1,-1,30.18,87.93,1011.47,14.86
12,126,10535382,0,0,0,0,0,0,0,0,0,-1,-1,30.17,87.89,1011.38,15.60
12,127,10540382,0,0,0,0,0,0,0,0,0,-1,-1,30.17,87.81,1011.45,15.01
12,128,10545382,0,0,0,0,0,0,0,0,0,-1,-1,30.17,87.72,1011.42,15.23
12,129,10550382,0,0,0,0,0,0,0,0,0,-1,-1,30.18,87.67,1011.47,14.86
12,130,10555382,0,0,0,0,0,0,0,0,0,-1,-1,30.17,87.63,1011.42,15.23
12,131,10560382,0,0,0,0,0,0,0,0,0,-1,-1,30.17,87.55,1011.43,15.16
12,132,10565382,0,18,18,846,282,282,0,0,0,-1,-1,30.17,87.53,1011.46,14.93
12,133,10570382,0,18,18,846,282,282,0,0,0,-1,-1,30.17,87.46,1011.40,15.45
12,134,10575382,0,0,0,0,0,0,0,0,0,-1,-1,30.17,87.41,1011.43,15.16
12,135,10580382,0,0,0,0,0,0,0,0,0,-1,-1,30.17,87.34,1011.46,14.93
12,136,10585382,0,0,0,0,0,0,0,0,0,-1,-1,30.17,87.28,1011.40,15.38
12,137,10590382,0,0,0,0,0,0,0,0,0,-1,-1,30.18,87.24,1011.44,15.08
12,138,10595382,0,0,0,0,0,0,0,0,0,-1,-1,30.17,87.20,1011.51,14.48
12,139,10600382,0,0,0,0,0,0,0,0,0,-1,-1,30.17,87.13,1011.43,15.16
12,140,10605382,0,0,0,0,0,0,0,0,0,-1,-1,30.18,87.07,1011.47,14.86
12,141,10610382,0,0,0,0,0,0,0,0,0,-1,-1,30.18,87.02,1011.47,14.79
12,142,10615382,0,0,0,0,0,0,0,0,0,-1,-1,30.18,87.00,1011.47,14.86
12,143,10620382,0,0,0,0,0,0,0,0,0,-1,-1,30.18,86.97,1011.45,15.01
12,144,10625382,0,6,6,321,107,107,0,0,0,-1,-1,30.18,86.94,1011.53,14.34
12,145,10630382,0,54,61,2457,819,819,2,0,0,-1,-1,30.18,86.89,1011.47,14.79
12,146,10635382,0,65,78,3552,1184,1184,2,0,0,-1,-1,30.18,86.87,1011.50,14.57
12,147,10640382,0,62,73,3399,1133,1133,0,0,0,-1,-1,30.17,86.81,1011.51,14.48
12,148,10645382,0,55,64,2703,901,901,0,0,0,-1,-1,30.18,86.78,1011.55,14.19
12,149,10650382,0,26,26,1080,360,360,0,0,0,-1,-1,30.18,86.72,1011.47,14.86
12,150,10655382,0,6,6,339,113,113,0,0,0,-1,-1,30.17,86.68,1011.46,14.93
12,151,10660382,0,37,37,1632,544,544,0,0,0,-1,-1,30.17,86.60,1011.48,14.78
12,152,10665382,0,47,50,2187,729,729,0,0,0,-1,-1,30.18,86.54,1011.44,15.08
12,153,10670382,0,26,26,1227,409,409,0,0,0,-1,-1,30.18,86.48,1011.41,15.31
12,154,10675382,0,42,42,1758,586,586,2,0,0,-1,-1,30.18,86.42,1011.41,15.31
12,155,10680382,0,63,75,3225,1075,1075,2,0,0,-1,-1,30.18,86.38,1011.47,14.86
12,156,10685382,0,56,65,2781,927,927,0,0,0,-1,-1,30.17,86.37,1011.48,14.71
12,157,10690382,0,14,14,615,205,205,0,0,0,-1,-1,30.18,86.30,1011.52,14.41
12,158,10695382,0,0,0,0,0,0,0,0,0,-1,-1,30.18,86.25,1011.41,15.31
12,159,10700382,0,2,2,174,58,58,0,0,0,-1,-1,30.17,86.20,1011.40,15.38
12,160,10705382,0,2,2,180,60,60,0,0,0,-1,-1,30.17,86.17,1011.42,15.23
12,161,10710382,0,0,0,6,2,2,0,0,0,-1,-1,30.17,86.14,1011.48,14.71
12,162,10715382,0,0,0,6,2,2,0,0,0,-1,-1,30.17,86.08,1011.56,14.04
12,163,10720382,0,0,0,0,0,0,0,0,0,-1,-1,30.17,86.03,1011.48,14.78
12,164,10725382,0,0,0,0,0,0,0,0,0,-1,-1,30.17,85.98,1011.51,14.48
12,165,10730382,0,35,35,1464,488,488,0,0,0,-1,-1,30.17,85.95,1011.42,15.23
12,166,10735382,0,58,68,2904,968,968,0,0,0,-1,-1,30.17,85.90,1011.51,14.48
12,167,10740382,0,43,44,1824,608,608,0,0,0,-1,-1,30.17,85.87,1011.48,14.71
12,168,10745382,0,26,26,1116,372,372,0,0,0,-1,-1,30.17,85.83,1011.51,14.48
12,169,10750382,0,0,0,36,12,12,0,0,0,-1,-1,30.17,85.80,1011.50,14.56
12,170,10755382,0,0,0,0,0,0,0,0,0,-1,-1,30.17,85.74,1011.48,14.78
12,171,10760382,0,0,0,12,4,4,0,0,0,-1,-1,30.17,85.70,1011.50,14.56
12,172,10765382,0,8,8,426,142,142,0,0,0,-1,-1,30.17,85.66,1011.45,15.01
12,173,10770382,0,8,8,414,138,138,0,0,0,-1,-1,30.17,85.63,1011.53,14.33
12,174,10775382,0,0,0,48,6,0,0,0,0,-1,-1,30.17,85.57,1011.53,14.33
12,175,10780382,0,0,0,48,6,0,0,0,0,-1,-1,30.16,85.56,1011.55,14.18
12,176,10785382,0,1,1,126,32,26,0,0,0,-1,-1,30.16,85.53,1011.49,14.63
12,177,10790382,0,1,1,138,32,26,0,0,0,-1,-1,30.16,85.49,1011.60,13.73
12,178,10795382,0,1,1,90,26,26,0,0,0,-1,-1,30.16,85.46,1011.55,14.18
12,179,10800382,0,0,0,12,0,0,0,0,0,-1,-1,30.15,85.43,1011.48,14.77
13,0,10805382,0,13,13,603,201,201,2,0,0,-1,-1,30.15,85.40,1011.48,14.77
13,1,10810382,0,14,14,603,201,201,2,0,0,-1,-1,30.15,85.35,1011.50,14.55
13,2,10815382,0,0,0,0,0,0,0,0,0,-1,-1,30.16,85.31,1011.57,14.03
13,3,10820382,0,0,0,0,0,0,0,0,0,-1,-1,30.15,85.28,1011.50,14.55
13,4,10825382,0,0,0,0,0,0,0,0,0,-1,-1,30.15,85.24,1011.47,14.84
13,5,10830382,0,0,0,0,0,0,0,0,0,-1,-1,30.16,85.20,1011.51,14.48
13,6,10835382,0,0,0,0,0,0,0,0,0,-1,-1,30.15,85.16,1011.58,13.88
13,7,10840382,0,0,0,0,0,0,0,0,0,-1,-1,30.15,85.12,1011.55,14.17
13,8,10845382,0,0,0,6,2,2,2,0,0,-1,-1,30.16,85.10,1011.49,14.70
13,9,10850382,0,0,0,6,2,2,2,0,0,-1,-1,30.15,85.06,1011.44,15.07
13,10,10855382,0,0,0,12,2,2,2,0,0,-1,-1,30.14,85.05,1011.48,14.77
13,11,10860382,0,0,0,12,2,2,2,0,0,-1,-1,30.14,84.99,1011.50,14.54
13,12,10865382,0,0,0,6,0,0,0,0,0,-1,-1,30.14,84.92,1011.42,15.21
13,13,10870382,0,0,0,0,0,0,0,0,0,-1,-1,30.13,84.86,1011.38,15.58
13,14,10875382,0,0,0,0,0,0,0,0,0,-1,-1,30.09,84.78,1011.48,14.74
13,15,10880382,0,0,0,0,0,0,0,0,0,-1,-1,30.06,84.77,1011.50,14.57
13,16,10885382,0,0,0,0,0,0,0,0,0,-1,-1,30.03,84.74,1011.46,14.93
13,17,10890382,0,0,0,42,14,14,0,0,0,-1,-1,30.01,84.70,1011.44,15.06
13,18,10895382,0,11,11,549,183,183,0,0,0,-1,-1,29.98,84.66,1011.48,14.75
13,19,10900382,0,23,23,978,326,326,0,0,0,-1,-1,29.98,84.64,1011.42,15.27
13,20,10905382,0,11,11,513,171,171,0,0,0,-1,-1,29.97,84.60,1011.53,14.29
13,21,10910382,0,12,12,591,197,197,0,0,0,-1,-1,29.96,84.59,1011.52,14.43
13,22,10915382,0,14,14,615,205,205,2,0,0,-1,-1,29.95,84.56,1011.53,14.36
13,23,10920382,0,30,30,1212,404,404,2,0,0,-1,-1,29.94,84.54,1011.52,14.43
13,24,10925382,0,44,46,1965,655,655,0,0,0,-1,-1,29.94,84.50,1011.54,14.28
13,25,10930382,0,56,65,2976,992,992,0,0,0,-1,-1,29.93,84.48,1011.55,14.13
13,26,10935382,0,62,75,3660,1220,1220,0,0,0,-1,-1,29.92,84.46,1011.56,14.12
13,27,10940382,0,64,76,3726,1242,1242,0,0,0,-1,-1,29.92,84.44,1011.56,14.12
13,28,10945382,0,65,77,3756,1252,1252,0,0,0,-1,-1,29.90,84.43,1011.43,15.16
13,29,10950382,0,65,79,3801,1267,1267,0,0,0,-1,-1,29.90,84.41,1011.54,14.26
13,30,10955382,0,66,78,3882,1294,1294,0,0,0,-1,-1,29.89,84.39,1011.57,13.96
13,31,10960382,0,67,80,3945,1315,1315,0,0,0,-1,-1,29.89,84.38,1011.51,14.48
13,32,10965382,0,60,71,3276,1092,1092,0,0,0,-1,-1,29.90,84.34,1011.58,13.89
13,33,10970382,0,54,61,2586,862,862,0,0,0,-1,-1,29.89,84.33,1011.59,13.81
13,34,10975382,0,34,34,1494,498,498,0,0,0,-1,-1,29.90,84.30,1011.58,13.89
13,35,10980382,0,19,19,906,302,302,0,0,0,-1,-1,29.89,84.28,1011.49,14.70
13,36,10985382,0,4,4,216,72,72,0,0,0,-1,-1,29.90,84.28,1011.53,14.33
13,37,10990382,0,34,34,1509,503,503,0,0,0,-1,-1,29.89,84.25,1011.57,14.03
13,38,10995382,0,51,59,2568,856,856,0,0,0,-1,-1,29.89,84.24,1011.51,14.48
13,39,11000382,0,56,64,2910,970,970,0,0,0,-1,-1,29.90,84.23,1011.58,13.89
13,40,11005382,0,48,53,2322,774,774,0,0,0,-1,-1,29.90,84.26,1011.62,13.59
13,41,11010382,0,10,10,483,161,161,0,0,0,-1,-1,29.92,84.24,1011.56,14.12
13,42,11015382,0,0,0,0,0,0,0,0,0,-1,-1,29.92,84.25,1011.59,13.82
13,43,11020382,0,0,0,6,2,2,0,0,0,-1,-1,29.93,84.25,1011.55,14.20
13,44,11025382,0,13,13,645,215,215,0,0,0,-1,-1,29.92,84.25,1011.54,14.27
13,45,11030382,0,46,47,2031,677,677,2,0,0,-1,-1,29.93,84.27,1011.65,13.31
13,46,11035382,0,28,28,1242,414,414,2,0,0,-1,-1,29.94,84.29,1011.56,14.05
13,47,11040382,0,18,18,828,276,276,2,0,0,-1,-1,29.93,84.29,1011.50,14.57
13,48,11045382,0,20,20,858,286,286,2,0,0,-1,-1,29.94,84.32,1011.57,13.98
13,49,11050382,0,23,23,987,329,329,0,0,0,-1,-1,29.95,84.38,1011.61,13.69
13,50,11055382,0,21,21,954,318,318,0,0,0,-1,-1,29.95,84.41,1011.61,13.69
13,51,11060382,0,26,26,1173,391,391,0,0,0,-1,-1,29.96,84.47,1011.57,13.99
13,52,11065382,0,42,44,1932,644,644,0,0,0,-1,-1,29.97,84.49,1011.53,14.29
13,53,11070382,0,60,70,3192,1064,1064,0,0,0,-1,-1,29.97,84.55,1011.61,13.62
13,54,11075382,0,47,50,2175,725,725,0,0,0,-1,-1,29.97,84.62,1011.57,14.00
13,55,11080382,0,27,27,1248,414,414,0,0,0,-1,-1,29.99,84.67,1011.57,14.01
13,56,11085382,0,5,5,297,97,97,0,0,0,-1,-1,29.99,84.76,1011.58,13.94
13,57,11090382,0,0,0,18,4,4,0,0,0,-1,-1,30.00,84.84,1011.56,14.09
13,58,11095382,0,0,0,18,4,4,0,0,0,-1,-1,29.99,84.93,1011.55,14.16
13,59,11100382,0,0,0,12,4,4,0,0,0,-1,-1,30.01,85.01,1011.52,14.39
13,60,11105382,0,9,11,453,151,151,2,0,0,-1,-1,30.01,85.12,1011.56,14.10
13,61,11110382,0,30,31,1341,447,447,2,0,0,-1,-1,30.01,85.24,1011.50,14.54
13,62,11115382,0,51,58,2523,841,841,0,0,0,-1,-1,30.03,85.39,1011.56,14.10
13,63,11120382,0,61,70,3360,1120,1120,0,0,0,-1,-1,30.03,85.48,1011.59,13.81
13,64,11125382,0,58,68,3258,1086,1086,0,0,0,-1,-1,30.04,85.59,1011.56,14.11
13,65,11130382,0,54,62,2679,893,893,0,0,0,-1,-1,30.05,85.73,1011.62,13.59
13,66,11135382,0,31,31,1386,462,462,2,0,0,-1,-1,30.05,85.87,1011.59,13.82
13,67,11140382,0,16,16,786,262,262,2,0,0,-1,-1,30.06,86.02,1011.53,14.34
13,68,11145382,0,8,8,360,120,120,4,0,0,-1,-1,30.08,86.18,1011.62,13.61
13,69,11150382,0,8,8,312,104,104,6,0,0,-1,-1,30.06,86.31,1011.62,13.60
13,70,11155382,0,11,11,492,164,164,4,0,0,-1,-1,30.07,86.48,1011.58,13.91
13,71,11160382,0,31,31,1314,438,438,0,0,0,-1,-1,30.08,86.65,1011.57,13.99
13,72,11165382,0,55,64,2748,916,916,0,0,0,-1,-1,30.08,86.83,1011.52,14.43
13,73,11170382,0,58,67,2967,989,989,0,0,0,-1,-1,30.10,87.00,1011.60,13.77
13,74,11175382,0,43,44,1932,644,644,0,0,0,-1,-1,30.10,87.18,1011.66,13.25
13,75,11180382,0,17,17,726,242,242,0,0,0,-1,-1,30.12,87.36,1011.61,13.64
13,76,11185382,0,0,0,24,8,8,0,0,0,-1,-1,30.12,87.55,1011.60,13.71
13,77,11190382,0,5,5,273,91,91,2,0,0,-1,-1,30.13,87.73,1011.54,14.24
13,78,11195382,0,37,37,1488,496,496,4,0,0,-1,-1,30.14,87.96,1011.50,14.54
13,79,11200382,0,60,70,2937,979,979,2,0,0,-1,-1,30.15,88.17,1011.52,14.40
13,80,11205382,0,63,75,3495,1165,1165,0,0,0,-1,-1,30.15,88.36,1011.56,14.10
13,81,11210382,0,63,75,3636,1212,1212,0,0,0,-1,-1,30.16,88.59,1011.55,14.18
13,82,11215382,0,56,64,2817,939,939,0,0,0,-1,-1,30.18,88.82,1011.56,14.12
13,83,11220382,0,29,29,1260,420,420,0,0,0,-1,-1,30.19,89.03,1011.54,14.27
13,84,11225382,0,13,13,645,215,215,2,0,0,-1,-1,30.20,89.27,1011.54,14.28
13,85,11230382,0,51,58,2463,821,821,4,0,0,-1,-1,30.21,89.51,1011.50,14.58
13,86,11235382,0,66,78,3624,1208,1208,4,0,0,-1,-1,30.23,89.74,1011.56,14.08
13,87,11240382,0,62,73,3504,1168,1168,4,0,0,-1,-1,30.23,89.97,1011.51,14.52
13,88,11245382,0,35,35,1524,508,508,2,0,0,-1,-1,30.25,90.22,1011.53,14.31
13,89,11250382,0,35,35,1491,497,497,0,0,0,-1,-1,30.24,90.42,1011.50,14.60
13,90,11255382,0,50,57,2553,851,851,0,0,0,-1,-1,30.24,90.64,1011.52,14.38
13,91,11260382,0,59,69,3273,1091,1091,0,0,0,-1,-1,30.26,90.79,1011.58,13.94
13,92,11265382,0,60,71,3489,1163,1163,0,0,0,-1,-1,30.24,90.92,1011.52,14.38
13,93,11270382,0,62,73,3672,1224,1224,0,0,0,-1,-1,30.25,91.05,1011.53,14.31
13,94,11275382,0,63,75,3819,1273,1273,0,0,0,-1,-1,30.24,91.14,1011.52,14.38
13,95,11280382,0,63,75,3738,1246,1246,0,0,0,-1,-1,30.24,91.24,1011.52,14.45
13,96,11285382,0,62,75,3786,1262,1262,0,0,0,-1,-1,30.24,91.34,1011.52,14.45
13,97,11290382,0,64,77,3852,1284,1284,0,0,0,-1,-1,30.23,91.42,1011.51,14.52
13,98,11295382,0,64,76,3906,1302,1302,0,0,0,-1,-1,30.23,91.48,1011.56,14.08
13,99,11300382,0,64,77,3918,1306,1306,0,0,0,-1,-1,30.22,91.52,1011.51,14.51
13,100,11305382,0,64,77,3876,1292,1292,2,2,0,-1,-1,30.23,91.56,1011.44,15.04
13,101,11310382,0,64,76,3828,1276,1276,2,2,0,-1,-1,30.22,91.59,1011.45,14.96
13,102,11315382,0,63,76,3816,1272,1272,2,2,0,-1,-1,30.21,91.65,1011.47,14.81
13,103,11320382,0,64,77,3816,1272,1272,2,0,0,-1,-1,30.22,91.67,1011.51,14.51
13,104,11325382,0,64,76,3783,1261,1261,2,0,0,-1,-1,30.21,91.68,1011.49,14.65
13,105,11330382,0,64,76,3789,1263,1263,2,0,0,-1,-1,30.21,91.73,1011.52,14.43
13,106,11335382,0,64,76,3819,1273,1273,2,0,0,-1,-1,30.20,91.72,1011.51,14.50
13,107,11340382,0,66,78,3888,1296,1296,0,0,0,-1,-1,30.19,91.71,1011.47,14.87
13,108,11345382,0,65,78,3993,1331,1331,0,0,0,-1,-1,30.19,91.71,1011.47,14.87
13,109,11350382,0,66,79,3951,1317,1317,0,0,0,-1,-1,30.19,91.70,1011.52,14.42
13,110,11355382,0,65,77,3876,1292,1292,0,0,0,-1,-1,30.19,91.71,1011.48,14.72
13,111,11360382,0,65,78,3903,1301,1301,0,0,0,-1,-1,30.19,91.71,1011.54,14.27
13,112,11365382,0,64,76,3924,1308,1308,0,0,0,-1,-1,30.19,91.71,1011.52,14.42
13,113,11370382,0,65,78,3918,1306,1306,0,0,0,-1,-1,30.20,91.71,1011.50,14.57
13,114,11375382,0,67,79,3963,1321,1321,2,0,0,-1,-1,30.19,91.71,1011.51,14.49
13,115,11380382,0,65,79,3831,1277,1277,2,0,0,-1,-1,30.21,91.74,1011.49,14.65
13,116,11385382,0,71,85,4176,1392,1392,0,0,0,-1,-1,30.20,91.73,1011.51,14.50
13,117,11390382,0,73,88,4458,1486,1486,2,2,0,-1,-1,30.20,91.72,1011.50,14.57
13,118,11395382,0,70,85,4359,1453,1453,2,2,0,-1,-1,30.20,91.73,1011.45,15.02
13,119,11400382,0,67,81,4104,1368,1368,4,2,0,-1,-1,30.20,91.73,1011.47,14.80
13,120,11405382,0,65,77,3939,1313,1313,2,0,0,-1,-1,30.19,91.73,1011.44,15.09
13,121,11410382,0,63,75,3714,1238,1238,4,0,0,-1,-1,30.19,91.70,1011.44,15.09
13,122,11415382,0,61,74,3699,1233,1233,6,0,0,-1,-1,30.19,91.70,1011.55,14.20
13,123,11420382,0,63,74,3699,1233,1233,4,0,0,-1,-1,30.19,91.69,1011.49,14.65
13,124,11425382,0,62,73,3723,1241,1241,4,0,0,-1,-1,30.19,91.68,1011.52,14.42
13,125,11430382,0,63,74,3762,1254,1254,0,0,0,-1,-1,30.20,91.67,1011.47,14.80
13,126,11435382,0,62,73,3762,1254,1254,0,0,0,-1,-1,30.19,91.64,1011.48,14.72
13,127,11440382,0,53,62,2808,936,936,0,0,0,-1,-1,30.19,91.61,1011.46,14.94
13,128,11445382,0,21,21,936,312,312,0,0,0,-1,-1,30.19,91.57,1011.40,15.39
13,129,11450382,0,0,0,18,6,6,0,0,0,-1,-1,30.19,91.56,1011.54,14.27
13,130,11455382,0,0,0,12,4,4,0,0,0,-1,-1,30.20,91.54,1011.50,14.57
13,131,11460382,0,0,0,0,0,0,0,0,0,-1,-1,30.19,91.52,1011.48,14.72
13,132,11465382,0,0,0,0,0,0,0,0,0,-1,-1,30.19,91.51,1011.48,14.72
13,133,11470382,0,0,0,0,0,0,0,0,0,-1,-1,30.19,91.48,1011.48,14.72
13,134,11475382,0,0,0,0,0,0,0,0,0,-1,-1,30.19,91.47,1011.48,14.72
13,135,11480382,0,4,4,234,78,78,0,0,0,-1,-1,30.20,91.45,1011.54,14.28
13,136,11485382,0,14,14,618,206,206,0,0,0,-1,-1,30.20,91.45,1011.53,14.35
13,137,11490382,0,8,8,384,128,128,0,0,0,-1,-1,30.19,91.46,1011.47,14.87
13,138,11495382,0,0,0,54,18,18,0,0,0,-1,-1,30.21,91.44,1011.54,14.21
13,139,11500382,0,41,41,1860,620,620,0,0,0,-1,-1,30.19,91.45,1011.52,14.42
13,140,11505382,0,55,64,2802,934,934,0,0,0,-1,-1,30.20,91.45,1011.54,14.28
13,141,11510382,0,49,54,2367,789,789,0,0,0,-1,-1,30.20,91.40,1011.48,14.73
13,142,11515382,0,50,56,2505,835,835,0,0,0,-1,-1,30.20,91.40,1011.47,14.80
13,143,11520382,0,50,56,2433,811,811,2,0,0,-1,-1,30.18,91.35,1011.53,14.34
13,144,11525382,0,33,33,1437,479,479,0,0,0,-1,-1,30.18,91.30,1011.47,14.79
13,145,11530382,0,8,8,381,127,127,0,0,0,-1,-1,30.18,91.24,1011.52,14.41
13,146,11535382,0,2,2,171,57,57,0,0,0,-1,-1,30.18,91.20,1011.52,14.41
13,147,11540382,0,5,5,282,94,94,0,0,0,-1,-1,30.17,91.18,1011.48,14.71
13,148,11545382,0,18,18,819,273,273,2,0,0,-1,-1,30.17,91.12,1011.46,14.93
13,149,11550382,0,54,62,2514,838,838,2,0,0,-1,-1,30.17,91.10,1011.48,14.71
13,150,11555382,0,65,78,3720,1240,1240,2,0,0,-1,-1,30.17,91.08,1011.48,14.71
13,151,11560382,0,70,84,4239,1413,1413,0,0,0,-1,-1,30.18,91.04,1011.49,14.64
13,152,11565382,0,70,83,4158,1386,1386,2,0,0,-1,-1,30.18,90.99,1011.49,14.64
13,153,11570382,0,67,79,4113,1371,1371,2,0,0,-1,-1,30.17,90.95,1011.50,14.56
13,154,11575382,0,64,76,3951,1317,1317,2,0,0,-1,-1,30.17,90.88,1011.48,14.78
13,155,11580382,0,64,76,3903,1301,1301,4,0,0,-1,-1,30.17,90.87,1011.54,14.26
13,156,11585382,0,64,76,3855,1285,1285,2,0,0,-1,-1,30.17,90.83,1011.45,15.01
13,157,11590382,0,62,75,3744,1248,1248,2,0,0,-1,-1,30.17,90.79,1011.56,14.11
13,158,11595382,0,62,73,3663,1221,1221,2,0,0,-1,-1,30.17,90.78,1011.45,15.01
13,159,11600382,0,61,72,3597,1199,1199,0,0,0,-1,-1,30.17,90.77,1011.48,14.78
13,160,11605382,0,61,72,3615,1205,1205,0,0,0,-1,-1,30.18,90.61,1011.49,14.64
13,161,11610382,0,60,69,3420,1140,1140,0,0,0,-1,-1,30.18,90.70,1011.49,14.64
13,162,11615382,0,54,63,2778,926,926,0,0,0,-1,-1,30.18,90.67,1011.55,14.19
13,163,11620382,0,53,60,2652,884,884,0,0,0,-1,-1,30.16,90.65,1011.49,14.63
13,164,11625382,0,53,61,2853,951,951,0,0,0,-1,-1,30.16,90.64,1011.44,15.08
13,165,11630382,0,60,70,3435,1145,1145,0,0,0,-1,-1,30.16,90.59,1011.44,15.08
13,166,11635382,0,61,71,3288,1096,1096,2,2,0,-1,-1,30.16,90.55,1011.47,14.85
13,167,11640382,0,51,58,2523,841,841,2,2,0,-1,-1,30.16,90.50,1011.49,14.70
13,168,11645382,0,42,42,1920,640,640,0,0,0,-1,-1,30.16,90.51,1011.57,14.03
13,169,11650382,0,47,51,2250,750,750,2,0,0,-1,-1,30.17,90.42,1011.50,14.56
13,170,11655382,0,47,51,2253,751,751,2,0,0,-1,-1,30.16,90.36,1011.51,14.48
13,171,11660382,0,31,31,1482,490,490,0,0,0,-1,-1,30.15,90.34,1011.48,14.77
13,172,11665382,0,27,27,1209,399,399,2,0,0,-1,-1,30.16,90.30,1011.57,14.03
13,173,11670382,0,60,70,2976,992,992,4,0,0,-1,-1,30.15,90.24,1011.53,14.33
13,174,11675382,0,55,64,2739,913,913,2,0,0,-1,-1,30.16,90.20,1011.49,14.70
13,175,11680382,0,37,37,1620,540,540,0,0,0,-1,-1,30.15,90.15,1011.47,14.84
13,176,11685382,0,47,50,2223,741,741,0,0,0,-1,-1,30.14,90.07,1011.50,14.54
13,177,11690382,0,61,71,3348,1116,1116,2,0,0,-1,-1,30.15,90.03,1011.47,14.84
13,178,11695382,0,62,71,3390,1130,1130,2,0,0,-1,-1,30.15,90.01,1011.55,14.17
13,179,11700382,0,61,72,3618,1206,1206,2,0,0,-1,-1,30.16,89.94,1011.51,14.48
14,0,11705382,0,57,67,3105,1035,1035,0,0,0,-1,-1,30.15,89.91,1011.52,14.40
14,1,11710382,0,58,66,2907,969,969,0,0,0,-1,-1,30.14,89.85,1011.48,14.77
14,2,11715382,0,61,72,3516,1172,1172,0,0,0,-1,-1,30.15,89.82,1011.55,14.17
14,3,11720382,0,61,72,3678,1226,1226,0,0,0,-1,-1,30.15,89.77,1011.47,14.84
14,4,11725382,0,63,75,3849,1283,1283,0,0,0,-1,-1,30.15,89.72,1011.58,13.95
14,5,11730382,0,64,76,3903,1301,1301,0,0,0,-1,-1,30.14,89.67,1011.57,14.02
14,6,11735382,0,63,75,3813,1271,1271,0,0,0,-1,-1,30.14,89.57,1011.61,13.65
14,7,11740382,0,61,72,3714,1238,1238,0,0,0,-1,-1,30.13,89.55,1011.51,14.46
14,8,11745382,0,62,73,3696,1232,1232,0,0,0,-1,-1,30.10,89.52,1011.55,14.15
14,9,11750382,0,61,72,3696,1232,1232,0,0,0,-1,-1,30.08,89.50,1011.54,14.28
14,10,11755382,0,63,74,3762,1254,1254,0,0,0,-1,-1,30.08,89.51,1011.59,13.83
14,11,11760382,0,62,73,3762,1254,1254,0,0,0,-1,-1,30.07,89.53,1011.55,14.13
14,12,11765382,0,63,75,3837,1279,1279,0,0,0,-1,-1,30.06,89.53,1011.55,14.12
14,13,11770382,0,63,75,3807,1269,1269,0,0,0,-1,-1,30.06,89.54,1011.48,14.72
14,14,11775382,0,63,74,3759,1253,1253,0,0,0,-1,-1,30.06,89.56,1011.53,14.34
14,15,11780382,0,61,72,3708,1236,1236,0,0,0,-1,-1,30.05,89.58,1011.57,13.97
14,16,11785382,0,63,75,3801,1267,1267,0,0,0,-1,-1,30.04,89.61,1011.56,14.11
14,17,11790382,0,64,76,3891,1297,1297,0,0,0,-1,-1,30.04,89.64,1011.55,14.18
14,18,11795382,0,64,76,3885,1295,1295,0,0,0,-1,-1,30.03,89.65,1011.59,13.81
14,19,11800382,0,64,76,3903,1301,1301,0,0,0,-1,-1,30.04,89.67,1011.57,13.96
14,20,11805382,0,64,76,3921,1307,1307,0,0,0,-1,-1,30.03,89.65,1011.59,13.81
14,21,11810382,0,63,75,3798,1266,1266,2,0,0,-1,-1,30.02,89.68,1011.62,13.58
14,22,11815382,0,63,75,3771,1257,1257,2,0,0,-1,-1,30.02,89.69,1011.57,14.03
14,23,11820382,0,63,75,3747,1249,1249,2,0,0,-1,-1,30.01,89.68,1011.60,13.72
14,24,11825382,0,62,75,3753,1251,1251,0,0,0,-1,-1,30.01,89.69,1011.61,13.65
14,25,11830382,0,63,75,3780,1260,1260,0,0,0,-1,-1,30.00,89.68,1011.65,13.35
14,26,11835382,0,63,74,3720,1240,1240,0,0,0,-1,-1,29.99,89.68,1011.58,13.94
14,27,11840382,0,63,75,3750,1250,1250,0,0,0,-1,-1,30.00,89.66,1011.67,13.19
14,28,11845382,0,62,75,3843,1281,1281,0,0,0,-1,-1,30.00,89.63,1011.61,13.64
14,29,11850382,0,64,76,3945,1315,1315,0,0,0,-1,-1,29.99,89.61,1011.60,13.71
14,30,11855382,0,62,75,3837,1279,1279,0,0,0,-1,-1,29.99,89.59,1011.63,13.49
14,31,11860382,0,63,75,3831,1277,1277,0,0,0,-1,-1,29.99,89.57,1011.60,13.78
14,32,11865382,0,63,76,3789,1263,1263,0,0,0,-1,-1,29.98,89.51,1011.61,13.63
14,33,11870382,0,63,75,3777,1259,1259,0,0,0,-1,-1,29.99,89.50,1011.62,13.56
14,34,11875382,0,62,75,3783,1261,1261,0,0,0,-1,-1,29.97,89.45,1011.57,14.00
14,35,11880382,0,63,75,3831,1277,1277,0,0,0,-1,-1,29.98,89.38,1011.63,13.48
14,36,11885382,0,62,73,3699,1233,1233,0,0,0,-1,-1,29.97,89.34,1011.62,13.55
14,37,11890382,0,61,72,3699,1233,1233,0,0,0,-1,-1,29.97,89.29,1011.65,13.33
14,38,11895382,0,62,73,3708,1236,1236,0,0,0,-1,-1,29.97,89.23,1011.62,13.55
14,39,11900382,0,61,72,3558,1186,1186,0,0,0,-1,-1,29.96,89.14,1011.58,13.92
14,40,11905382,0,60,70,3129,1043,1043,0,0,0,-1,-1,29.96,89.07,1011.60,13.77
14,41,11910382,0,59,69,3105,1035,1035,0,0,0,-1,-1,29.95,89.01,1011.64,13.39
14,42,11915382,0,59,68,3276,1092,1092,0,0,0,-1,-1,29.96,88.93,1011.58,13.92
14,43,11920382,0,61,72,3576,1192,1192,2,0,0,-1,-1,29.95,88.85,1011.59,13.84
14,44,11925382,0,63,74,3708,1236,1236,2,0,0,-1,-1,29.95,88.76,1011.58,13.91
14,45,11930382,0,63,75,3777,1259,1259,4,0,0,-1,-1,29.95,88.67,1011.67,13.17
14,46,11935382,0,63,75,3777,1259,1259,2,0,0,-1,-1,29.94,88.57,1011.60,13.76
14,47,11940382,0,62,75,3714,1238,1238,4,0,0,-1,-1,29.95,88.49,1011.55,14.14
14,48,11945382,0,64,76,3771,1257,1257,4,0,0,-1,-1,29.95,88.40,1011.58,13.91
14,49,11950382,0,65,78,3825,1275,1275,4,0,0,-1,-1,29.94,88.28,1011.56,14.05
14,50,11955382,0,66,78,3744,1248,1248,4,0,0,-1,-1,29.94,88.16,1011.59,13.83
14,51,11960382,0,66,78,3762,1254,1254,2,0,0,-1,-1,29.94,88.04,1011.59,13.83
14,52,11965382,0,64,76,3771,1257,1257,2,0,0,-1,-1,29.94,87.93,1011.59,13.83
14,53,11970382,0,64,76,3783,1261,1261,0,0,0,-1,-1,29.93,87.81,1011.66,13.23
14,54,11975382,0,64,76,3822,1274,1274,0,0,0,-1,-1,29.94,87.68,1011.63,13.54
14,55,11980382,0,63,75,3774,1258,1258,0,0,0,-1,-1,29.93,87.57,1011.60,13.75
14,56,11985382,0,63,75,3813,1271,1271,0,0,0,-1,-1,29.93,87.42,1011.55,14.20
14,57,11990382,0,64,77,3879,1293,1293,0,0,0,-1,-1,29.93,87.31,1011.52,14.42
14,58,11995382,0,63,76,3861,1287,1287,0,0,0,-1,-1,29.92,87.14,1011.56,14.05
14,59,12000382,0,63,75,3795,1265,1265,0,0,0,-1,-1,29.93,87.00,1011.60,13.75
14,60,12005382,0,62,75,3732,1244,1244,2,2,0,-1,-1,29.92,86.88,1011.59,13.82
14,61,12010382,0,63,76,3726,1242,1242,4,2,0,-1,-1,29.93,86.73,1011.60,13.75
14,62,12015382,0,63,75,3792,1264,1264,4,2,0,-1,-1,29.92,86.59,1011.62,13.60
14,63,12020382,0,63,75,3762,1254,1254,4,0,0,-1,-1,29.92,86.43,1011.59,13.82
14,64,12025382,0,63,75,3744,1248,1248,4,0,0,-1,-1,29.92,86.28,1011.56,14.12
14,65,12030382,0,63,74,3717,1239,1239,2,0,0,-1,-1,29.92,86.13,1011.61,13.67
14,66,12035382,0,63,74,3696,1232,1232,2,0,0,-1,-1,29.91,85.96,1011.57,13.97
14,67,12040382,0,62,73,3690,1230,1230,0,0,0,-1,-1,29.92,85.81,1011.64,13.38
14,68,12045382,0,62,73,3642,1214,1214,0,0,0,-1,-1,29.92,85.64,1011.61,13.67
14,69,12050382,0,62,73,3657,1219,1219,0,0,0,-1,-1,29.92,85.48,1011.58,13.90
14,70,12055382,0,61,72,3594,1198,1198,0,0,0,-1,-1,29.92,85.32,1011.58,13.90
14,71,12060382,0,62,73,3624,1208,1208,0,0,0,-1,-1,29.92,85.15,1011.62,13.60
14,72,12065382,0,61,72,3594,1198,1198,0,0,0,-1,-1,29.90,84.98,1011.61,13.66
14,73,12070382,0,62,73,3645,1215,1215,0,0,0,-1,-1,29.90,84.81,1011.56,14.11
14,74,12075382,0,61,72,3576,1192,1192,0,0,0,-1,-1,29.90,84.63,1011.54,14.26
14,75,12080382,0,60,70,3261,1087,1087,0,0,0,-1,-1,29.91,84.48,1011.55,14.19
14,76,12085382,0,59,67,3042,1014,1014,0,0,0,-1,-1,29.90,84.32,1011.54,14.26
14,77,12090382,0,56,66,3180,1060,1060,0,0,0,-1,-1,29.90,84.15,1011.53,14.33
14,78,12095382,0,60,69,3345,1115,1115,0,0,0,-1,-1,29.90,83.96,1011.56,14.11
14,79,12100382,0,60,71,3570,1190,1190,0,0,0,-1,-1,29.91,83.77,1011.60,13.74
14,80,12105382,0,62,73,3666,1222,1222,0,0,0,-1,-1,29.90,83.62,1011.65,13.37
14,81,12110382,0,63,75,3834,1278,1278,0,0,0,-1,-1,29.89,83.41,1011.52,14.41
14,82,12115382,0,69,83,4155,1385,1385,0,0,0,-1,-1,29.90,83.27,1011.56,14.04
14,83,12120382,0,70,83,4212,1404,1404,0,0,0,-1,-1,29.89,83.07,1011.60,13.74
14,84,12125382,0,67,79,4044,1348,1348,0,0,0,-1,-1,29.88,82.88,1011.56,14.10
14,85,12130382,0,64,76,3954,1318,1318,0,0,0,-1,-1,29.89,82.72,1011.54,14.26
14,86,12135382,0,63,75,3780,1260,1260,0,0,0,-1,-1,29.90,82.54,1011.61,13.66
14,87,12140382,0,61,72,3639,1213,1213,2,0,0,-1,-1,29.90,82.37,1011.66,13.22
14,88,12145382,0,62,73,3633,1211,1211,2,0,0,-1,-1,29.89,82.19,1011.62,13.58
14,89,12150382,0,62,73,3606,1202,1202,2,0,0,-1,-1,29.90,81.99,1011.58,13.89
14,90,12155382,0,62,73,3612,1204,1204,2,0,0,-1,-1,29.90,81.82,1011.67,13.15
14,91,12160382,0,61,72,3597,1199,1199,0,0,0,-1,-1,29.89,81.64,1011.63,13.51
14,92,12165382,0,62,73,3591,1197,1197,0,0,0,-1,-1,29.88,81.45,1011.58,13.88
14,93,12170382,0,59,70,3567,1189,1189,0,0,0,-1,-1,29.90,81.26,1011.58,13.89
14,94,12175382,0,60,71,3579,1193,1193,0,0,0,-1,-1,29.90,81.08,1011.64,13.44
14,95,12180382,0,61,72,3648,1216,1216,0,0,0,-1,-1,29.90,80.91,1011.64,13.44
14,96,12185382,0,63,76,3729,1243,1243,2,2,2,-1,-1,29.90,80.71,1011.61,13.66
14,97,12190382,0,61,75,3699,1233,1233,2,2,2,-1,-1,29.88,80.56,1011.66,13.21
14,98,12195382,0,62,74,3651,1217,1217,2,2,2,-1,-1,29.90,80.36,1011.73,12.70
14,99,12200382,0,61,74,3684,1228,1228,2,2,2,-1,-1,29.89,80.19,1011.65,13.29
14,100,12205382,0,62,73,3642,1214,1214,0,0,0,-1,-1,29.89,80.02,1011.63,13.51
14,101,12210382,0,61,72,3612,1204,1204,0,0,0,-1,-1,29.88,79.83,1011.66,13.21
14,102,12215382,0,62,73,3597,1199,1199,0,0,0,-1,-1,29.89,79.65,1011.68,13.07
14,103,12220382,0,60,71,3495,1165,1165,2,0,0,-1,-1,29.89,79.58,1011.65,13.29
14,104,12225382,0,60,71,3480,1160,1160,2,0,0,-1,-1,29.87,79.32,1011.62,13.57
14,105,12230382,0,60,71,3456,1152,1152,2,0,0,-1,-1,29.90,79.14,1011.65,13.37
14,106,12235382,0,62,73,3582,1194,1194,0,0,0,-1,-1,29.90,78.95,1011.69,12.99
14,107,12240382,0,62,75,3717,1239,1239,0,0,0,-1,-1,29.89,78.79,1011.65,13.36
14,108,12245382,0,64,77,3783,1261,1261,0,0,0,-1,-1,29.88,78.62,1011.60,13.72
14,109,12250382,0,64,76,3825,1275,1275,0,0,0,-1,-1,29.89,78.47,1011.59,13.81
14,110,12255382,0,63,75,3825,1275,1275,0,0,0,-1,-1,29.88,78.30,1011.64,13.43
14,111,12260382,0,63,75,3720,1240,1240,0,0,0,-1,-1,29.88,78.14,1011.60,13.72
14,112,12265382,0,63,75,3684,1228,1228,0,0,0,-1,-1,29.87,77.96,1011.51,14.47
14,113,12270382,0,62,75,3672,1224,1224,0,0,0,-1,-1,29.87,77.82,1011.54,14.24
14,114,12275382,0,63,74,3630,1210,1210,0,0,0,-1,-1,29.89,77.64,1011.65,13.36
14,115,12280382,0,61,72,3627,1209,1209,0,0,0,-1,-1,29.88,77.50,1011.58,13.88
14,116,12285382,0,62,73,3582,1194,1194,0,0,0,-1,-1,29.88,77.33,1011.58,13.88
14,117,12290382,0,61,72,3564,1188,1188,0,0,0,-1,-1,29.89,77.18,1011.62,13.58
14,118,12295382,0,62,73,3612,1204,1204,0,0,0,-1,-1,29.88,77.05,1011.72,12.76
14,119,12300382,0,61,72,3618,1206,1206,0,0,0,-1,-1,29.88,76.89,1011.56,14.10
14,120,12305382,0,62,73,3711,1237,1237,0,0,0,-1,-1,29.88,76.73,1011.63,13.50
14,121,12310382,0,63,74,3711,1237,1237,0,0,0,-1,-1,29.88,76.56,1011.66,13.21
14,122,12315382,0,62,73,3684,1228,1228,0,0,0,-1,-1,29.88,76.42,1011.63,13.50
14,123,12320382,0,61,72,3615,1205,1205,0,0,0,-1,-1,29.88,76.26,1011.64,13.43
14,124,12325382,0,60,71,3498,1166,1166,0,0,0,-1,-1,29.87,76.10,1011.67,13.13
14,125,12330382,0,60,71,3537,1179,1179,0,0,0,-1,-1,29.88,75.97,1011.63,13.50
14,126,12335382,0,60,71,3561,1187,1187,2,0,0,-1,-1,29.88,75.85,1011.61,13.66
14,127,12340382,0,62,73,3591,1197,1197,4,0,0,-1,-1,29.88,75.71,1011.60,13.72
14,128,12345382,0,63,74,3672,1224,1224,4,0,0,-1,-1,29.87,75.55,1011.57,14.02
14,129,12350382,0,60,71,3555,1185,1185,2,0,0,-1,-1,29.87,75.44,1011.57,14.02
14,130,12355382,0,61,72,3603,1201,1201,2,0,0,-1,-1,29.88,75.27,1011.64,13.43
14,131,12360382,0,60,71,3549,1183,1183,0,0,0,-1,-1,29.88,75.15,1011.60,13.72
14,132,12365382,0,62,73,3594,1198,1198,0,0,0,-1,-1,29.87,75.03,1011.65,13.35
14,133,12370382,0,63,74,3648,1216,1216,8,0,0,-1,-1,29.88,74.89,1011.60,13.72
14,134,12375382,0,62,73,3603,1201,1201,8,0,0,-1,-1,29.88,74.74,1011.58,13.95
14,135,12380382,0,61,72,3615,1205,1205,8,0,0,-1,-1,29.88,74.64,1011.58,13.88
14,136,12385382,0,60,71,3573,1191,1191,0,0,0,-1,-1,29.88,74.53,1011.60,13.72
14,137,12390382,0,60,71,3579,1193,1193,0,0,0,-1,-1,29.88,74.49,1011.60,13.72
14,138,12395382,0,60,71,3588,1196,1196,0,0,0,-1,-1,29.90,74.42,1011.64,13.44
14,139,12400382,0,60,71,3546,1182,1182,0,0,0,-1,-1,29.90,74.31,1011.59,13.82
14,140,12405382,0,61,72,3588,1196,1196,0,0,0,-1,-1,29.90,74.34,1011.59,13.82
14,141,12410382,0,62,73,3552,1184,1184,0,0,0,-1,-1,29.90,74.27,1011.62,13.59
14,142,12415382,0,62,73,3582,1194,1194,2,0,0,-1,-1,29.92,74.25,1011.56,14.12
14,143,12420382,0,61,72,3576,1192,1192,2,0,0,-1,-1,29.92,74.20,1011.61,13.67
14,144,12425382,0,61,72,3576,1192,1192,2,0,0,-1,-1,29.92,74.18,1011.56,14.05
14,145,12430382,0,63,74,3588,1196,1196,4,0,0,-1,-1,29.92,74.17,1011.56,14.05
14,146,12435382,0,62,73,3612,1204,1204,2,0,0,-1,-1,29.94,74.16,1011.63,13.54
14,147,12440382,0,63,75,3612,1204,1204,2,0,0,-1,-1,29.93,74.15,1011.63,13.46
14,148,12445382,0,62,75,3624,1208,1208,0,0,0,-1,-1,29.93,74.16,1011.58,13.90
14,149,12450382,0,64,77,3702,1234,1234,2,0,0,-1,-1,29.94,74.16,1011.64,13.39
14,150,12455382,0,64,76,3696,1232,1232,2,0,0,-1,-1,29.94,74.15,1011.59,13.83
14,151,12460382,0,63,75,3666,1222,1222,2,0,0,-1,-1,29.95,74.17,1011.58,13.91
14,152,12465382,0,62,75,3678,1226,1226,2,0,0,-1,-1,29.95,74.17,1011.58,13.91
14,153,12470382,0,62,73,3648,1216,1216,0,0,0,-1,-1,29.95,74.17,1011.56,14.06
14,154,12475382,0,61,72,3627,1209,1209,0,0,0,-1,-1,29.95,74.21,1011.61,13.69
14,155,12480382,0,66,79,3867,1289,1289,0,0,0,-1,-1,29.95,74.25,1011.58,13.91
14,156,12485382,0,71,85,4224,1408,1408,0,0,0,-1,-1,29.96,74.25,1011.62,13.54
14,157,12490382,0,72,87,4191,1397,1397,0,0,0,-1,-1,29.96,74.27,1011.58,13.92
14,158,12495382,0,66,79,4023,1341,1341,0,0,0,-1,-1,29.96,74.32,1011.62,13.54
14,159,12500382,0,65,77,3903,1301,1301,0,0,0,-1,-1,29.96,74.34,1011.57,13.99
14,160,12505382,0,63,75,3735,1245,1245,0,0,0,-1,-1,29.96,74.39,1011.60,13.77
14,161,12510382,0,62,75,3738,1246,1246,0,0,0,-1,-1,29.96,74.43,1011.61,13.69
14,162,12515382,0,63,74,3738,1246,1246,0,0,0,-1,-1,29.98,74.45,1011.61,13.70
14,163,12520382,0,63,75,3750,1250,1250,0,0,0,-1,-1,29.97,74.49,1011.60,13.77
14,164,12525382,0,63,74,3693,1231,1231,0,0,0,-1,-1,29.97,74.56,1011.62,13.55
14,165,12530382,0,62,73,3693,1231,1231,0,0,0,-1,-1,29.98,74.59,1011.64,13.41
14,166,12535382,0,63,74,3699,1233,1233,0,0,0,-1,-1,29.97,74.65,1011.65,13.33
14,167,12540382,0,62,73,3657,1219,1219,0,0,0,-1,-1,29.98,74.69,1011.63,13.48
14,168,12545382,0,61,72,3627,1209,1209,0,0,0,-1,-1,29.98,74.72,1011.67,13.18
14,169,12550382,0,60,71,3534,1178,1178,0,0,0,-1,-1,29.98,74.80,1011.66,13.26
14,170,12555382,0,60,71,3498,1166,1166,0,0,0,-1,-1,30.00,74.85,1011.59,13.86
14,171,12560382,0,63,74,3585,1195,1195,2,0,0,-1,-1,29.99,74.93,1011.60,13.71
14,172,12565382,0,62,75,3615,1205,1205,2,0,0,-1,-1,29.98,75.00,1011.64,13.41
14,173,12570382,0,64,76,3675,1225,1225,2,0,0,-1,-1,30.00,75.09,1011.59,13.86
14,174,12575382,0,63,76,3645,1215,1215,0,0,0,-1,-1,30.00,75.16,1011.64,13.41
14,175,12580382,0,65,78,3741,1247,1247,0,0,0,-1,-1,30.00,75.24,1011.64,13.41
14,176,12585382,0,64,77,3699,1233,1233,0,0,0,-1,-1,30.01,75.33,1011.68,13.05
14,177,12590382,0,63,75,3783,1261,1261,0,0,0,-1,-1,30.00,75.42,1011.65,13.35
14,178,12595382,0,63,75,3825,1275,1275,0,0,0,-1,-1,30.02,75.53,1011.71,12.84
14,179,12600382,0,61,72,3705,1235,1235,0,0,0,-1,-1,30.02,75.62,1011.70,12.91
15,0,12605382,0,59,69,3276,1092,1092,0,0,0,-1,-1,30.03,75.72,1011.64,13.43
15,1,12610382,0,62,72,3225,1075,1075,0,0,0,-1,-1,30.02,75.84,1011.66,13.28
15,2,12615382,0,67,80,3558,1186,1186,0,0,0,-1,-1,30.02,75.96,1011.71,12.84
15,3,12620382,0,64,76,3660,1220,1220,0,0,0,-1,-1,30.02,76.05,1011.63,13.51
15,4,12625382,0,66,78,3726,1242,1242,0,0,0,-1,-1,30.04,76.19,1011.63,13.52
15,5,12630382,0,64,76,3693,1231,1231,0,0,0,-1,-1,30.04,76.33,1011.63,13.52
15,6,12635382,0,60,71,3342,1114,1114,0,0,0,-1,-1,30.06,76.47,1011.58,13.90
15,7,12640382,0,55,63,2958,986,986,0,0,0,-1,-1,30.06,76.64,1011.69,13.00
15,8,12645382,0,56,64,2853,951,951,0,0,0,-1,-1,30.06,76.79,1011.64,13.38
15,9,12650382,0,57,67,2988,996,996,2,0,0,-1,-1,30.06,76.93,1011.62,13.60
15,10,12655382,0,57,67,3219,1073,1073,2,0,0,-1,-1,30.06,77.08,1011.64,13.45
15,11,12660382,0,61,72,3621,1207,1207,2,0,0,-1,-1,30.07,77.22,1011.66,13.24
15,12,12665382,0,63,76,3792,1264,1264,0,0,0,-1,-1,30.09,77.40,1011.66,13.24
15,13,12670382,0,61,72,3624,1208,1208,0,0,0,-1,-1,30.08,77.57,1011.62,13.54
15,14,12675382,0,61,72,3594,1198,1198,0,0,0,-1,-1,30.09,77.75,1011.64,13.40
15,15,12680382,0,60,71,3543,1181,1181,0,0,0,-1,-1,30.09,77.91,1011.64,13.40
15,16,12685382,0,61,72,3531,1177,1177,0,0,0,-1,-1,30.10,78.08,1011.61,13.70
15,17,12690382,0,62,73,3540,1180,1180,0,0,0,-1,-1,30.10,78.27,1011.63,13.48
15,18,12695382,0,63,74,3576,1192,1192,0,0,0,-1,-1,30.11,78.46,1011.62,13.56
15,19,12700382,0,61,72,3603,1201,1201,0,0,0,-1,-1,30.12,78.66,1011.63,13.49
15,20,12705382,0,61,72,3672,1224,1224,0,0,0,-1,-1,30.12,78.85,1011.63,13.49
15,21,12710382,0,60,71,3579,1193,1193,0,0,0,-1,-1,30.13,79.04,1011.65,13.34
15,22,12715382,0,35,35,1560,520,520,0,0,0,-1,-1,30.12,79.22,1011.67,13.19
15,23,12720382,0,21,21,954,318,318,2,0,0,-1,-1,30.13,79.45,1011.55,14.17
15,24,12725382,0,52,61,2628,876,876,2,0,0,-1,-1,30.14,79.66,1011.62,13.57
15,25,12730382,0,65,78,3612,1204,1204,0,0,0,-1,-1,30.14,79.85,1011.70,12.90
15,26,12735382,0,68,81,3720,1240,1240,0,0,0,-1,-1,30.14,80.11,1011.62,13.57
15,27,12740382,0,66,79,3762,1254,1254,0,0,0,-1,-1,30.16,80.30,1011.60,13.73
15,28,12745382,0,65,77,3756,1252,1252,0,0,0,-1,-1,30.16,80.52,1011.65,13.36
15,29,12750382,0,65,78,3702,1234,1234,0,0,0,-1,-1,30.17,80.78,1011.69,12.99
15,30,12755382,0,65,77,3672,1224,1224,2,0,0,-1,-1,30.18,81.00,1011.52,14.41
15,31,12760382,0,64,76,3633,1211,1211,2,0,0,-1,-1,30.17,81.21,1011.54,14.26
15,32,12765382,0,63,75,3669,1223,1223,2,0,0,-1,-1,30.18,81.42,1011.65,13.30
15,33,12770382,0,61,72,3651,1217,1217,0,0,0,-1,-1,30.20,81.68,1011.58,13.90
15,34,12775382,0,61,72,3654,1218,1218,0,0,0,-1,-1,30.20,81.92,1011.58,13.90
15,35,12780382,0,61,72,3630,1210,1210,0,0,0,-1,-1,30.21,82.18,1011.65,13.31
15,36,12785382,0,61,72,3690,1230,1230,0,0,0,-1,-1,30.21,82.45,1011.58,13.91
15,37,12790382,0,61,72,3675,1225,1225,0,0,0,-1,-1,30.23,82.70,1011.66,13.25
15,38,12795382,0,61,72,3624,1208,1208,0,0,0,-1,-1,30.24,82.97,1011.70,12.89
15,39,12800382,0,61,72,3630,1210,1210,0,0,0,-1,-1,30.24,83.21,1011.57,14.00
15,40,12805382,0,61,72,3588,1196,1196,0,0,0,-1,-1,30.25,83.51,1011.59,13.86
15,41,12810382,0,61,72,3594,1198,1198,0,0,0,-1,-1,30.25,83.78,1011.59,13.86
15,42,12815382,0,61,73,3612,1204,1204,2,2,0,-1,-1,30.26,84.04,1011.66,13.27
15,43,12820382,0,61,74,3654,1218,1218,2,2,0,-1,-1,30.28,84.32,1011.63,13.50
15,44,12825382,0,62,75,3765,1255,1255,4,2,0,-1,-1,30.28,84.57,1011.61,13.65
15,45,12830382,0,63,77,3801,1267,1267,6,2,0,-1,-1,30.29,84.84,1011.66,13.29
15,46,12835382,0,62,74,3783,1261,1261,4,0,0,-1,-1,30.29,85.10,1011.71,12.84
15,47,12840382,0,63,74,3669,1223,1223,4,0,0,-1,-1,30.31,85.32,1011.68,13.07
15,48,12845382,0,63,74,3621,1207,1207,6,0,0,-1,-1,30.31,85.67,1011.64,13.45
15,49,12850382,0,63,75,3720,1240,1240,4,0,0,-1,-1,30.32,85.94,1011.62,13.60
15,50,12855382,0,62,74,3744,1248,1248,4,0,0,-1,-1,30.34,86.22,1011.60,13.76
15,51,12860382,0,63,75,3801,1267,1267,4,0,0,-1,-1,30.35,86.52,1011.64,13.39
15,52,12865382,0,62,74,3762,1254,1254,2,0,0,-1,-1,30.36,86.79,1011.69,13.03
15,53,12870382,0,63,75,3774,1258,1258,2,0,0,-1,-1,30.36,87.05,1011.64,13.40
15,54,12875382,0,62,73,3756,1252,1252,0,0,0,-1,-1,30.36,87.34,1011.64,13.40
15,55,12880382,0,61,72,3708,1236,1236,0,0,0,-1,-1,30.37,87.59,1011.69,13.03
15,56,12885382,0,61,72,3690,1230,1230,0,0,0,-1,-1,30.39,87.92,1011.64,13.42
15,57,12890382,0,61,72,3582,1194,1194,0,0,0,-1,-1,30.40,88.21,1011.67,13.12
15,58,12895382,0,61,72,3594,1198,1198,0,0,0,-1,-1,30.40,88.47,1011.66,13.27
15,59,12900382,0,61,72,3582,1194,1194,0,0,0,-1,-1,30.40,88.76,1011.63,13.50
15,60,12905382,0,61,72,3594,1198,1198,2,0,0,-1,-1,30.42,89.08,1011.69,12.99
15,61,12910382,0,61,72,3642,1214,1214,4,0,0,-1,-1,30.44,89.37,1011.62,13.60
15,62,12915382,0,61,72,3606,1202,1202,4,0,0,-1,-1,30.44,89.63,1011.62,13.60
15,63,12920382,0,63,74,3684,1228,1228,2,0,0,-1,-1,30.45,89.91,1011.65,13.30
15,64,12925382,0,62,75,3690,1230,1230,4,0,0,-1,-1,30.46,90.20,1011.65,13.31
15,65,12930382,0,64,76,3726,1242,1242,4,0,0,-1,-1,30.46,90.43,1011.62,13.61
15,66,12935382,0,65,77,3804,1268,1268,6,0,0,-1,-1,30.46,90.68,1011.65,13.31
15,67,12940382,0,65,77,3774,1258,1258,4,0,0,-1,-1,30.46,90.90,1011.62,13.61
15,68,12945382,0,65,77,3765,1255,1255,4,0,0,-1,-1,30.44,91.06,1011.62,13.60
15,69,12950382,0,65,78,3753,1251,1251,0,0,0,-1,-1,30.44,91.24,1011.69,13.00
15,70,12955382,0,64,76,3747,1249,1249,0,0,0,-1,-1,30.44,91.39,1011.64,13.37
15,71,12960382,0,65,78,3837,1279,1279,4,2,2,-1,-1,30.43,91.51,1011.60,13.74
15,72,12965382,0,63,76,3804,1268,1268,4,2,2,-1,-1,30.43,91.64,1011.59,13.81
15,73,12970382,0,63,77,3774,1258,1258,4,2,2,-1,-1,30.43,91.71,1011.62,13.59
15,74,12975382,0,62,75,3744,1248,1248,0,0,0,-1,-1,30.41,91.81,1011.70,12.91
15,75,12980382,0,63,74,3714,1238,1238,0,0,0,-1,-1,30.40,91.87,1011.59,13.80
15,76,12985382,0,62,73,3699,1233,1233,2,0,0,-1,-1,30.40,91.94,1011.65,13.35
15,77,12990382,0,61,75,3651,1217,1217,4,2,0,-1,-1,30.38,91.99,1011.65,13.34
15,78,12995382,0,61,73,3600,1200,1200,4,2,0,-1,-1,30.38,92.07,1011.62,13.56
15,79,13000382,0,61,73,3636,1212,1212,4,2,0,-1,-1,30.38,92.14,1011.62,13.56
15,80,13005382,0,62,73,3702,1234,1234,0,0,0,-1,-1,30.37,92.21,1011.58,13.93
15,81,13010382,0,62,73,3657,1219,1219,0,0,0,-1,-1,30.38,92.30,1011.62,13.56
15,82,13015382,0,61,72,3627,1209,1209,0,0,0,-1,-1,30.38,92.32,1011.61,13.63
15,83,13020382,0,63,76,3750,1250,1250,0,0,0,-1,-1,30.38,92.39,1011.64,13.41
15,84,13025382,0,62,73,3702,1234,1234,0,0,0,-1,-1,30.37,92.41,1011.55,14.15
15,85,13030382,0,62,74,3798,1266,1266,2,0,0,-1,-1,30.37,92.44,1011.65,13.33
15,86,13035382,0,62,75,3768,1256,1256,2,0,0,-1,-1,30.37,92.46,1011.54,14.23
15,87,13040382,0,64,76,3861,1287,1287,2,0,0,-1,-1,30.36,92.50,1011.69,12.96
15,88,13045382,0,64,76,3861,1287,1287,4,0,0,-1,-1,30.37,92.51,1011.65,13.33
15,89,13050382,0,62,74,3807,1269,1269,2,0,0,-1,-1,30.36,92.54,1011.67,13.18
15,90,13055382,0,62,75,3723,1241,1241,2,0,0,-1,-1,30.37,92.55,1011.60,13.71
15,91,13060382,0,62,73,3690,1230,1230,2,0,0,-1,-1,30.37,92.59,1011.69,13.03
15,92,13065382,0,61,72,3690,1230,1230,0,0,0,-1,-1,30.36,92.56,1011.67,13.18
15,93,13070382,0,61,72,3666,1222,1222,0,0,0,-1,-1,30.34,92.56,1011.63,13.46
15,94,13075382,0,61,72,3684,1228,1228,0,0,0,-1,-1,30.35,92.56,1011.64,13.39
15,95,13080382,0,61,71,3654,1218,1218,0,0,0,-1,-1,30.35,92.58,1011.68,13.10
15,96,13085382,0,62,73,3636,1212,1212,0,0,0,-1,-1,30.35,92.58,1011.64,13.39
15,97,13090382,0,63,75,3762,1254,1254,0,0,0,-1,-1,30.35,92.57,1011.65,13.32
15,98,13095382,0,65,77,3738,1246,1246,2,0,0,-1,-1,30.35,92.57,1011.67,13.17
15,99,13100382,0,65,78,3801,1267,1267,2,0,0,-1,-1,30.35,92.55,1011.60,13.77
15,100,13105382,0,65,77,3759,1253,1253,2,0,0,-1,-1,30.35,92.56,1011.62,13.55
15,101,13110382,0,64,78,3819,1273,1273,2,0,0,-1,-1,30.34,92.57,1011.58,13.91
15,102,13115382,0,68,81,3987,1329,1329,0,0,0,-1,-1,30.35,92.57,1011.59,13.84
15,103,13120382,0,72,87,4245,1415,1415,0,0,0,-1,-1,30.35,92.55,1011.68,13.10
15,104,13125382,0,75,89,4392,1464,1464,0,0,0,-1,-1,30.35,92.55,1011.67,13.17
15,105,13130382,0,68,83,4185,1395,1395,0,0,0,-1,-1,30.35,92.52,1011.62,13.62
15,106,13135382,0,66,80,4035,1345,1345,0,0,0,-1,-1,30.33,92.49,1011.58,13.90
15,107,13140382,0,65,79,3909,1303,1303,0,0,0,-1,-1,30.34,92.47,1011.66,13.24
15,108,13145382,0,65,77,3789,1263,1263,0,0,0,-1,-1,30.34,92.44,1011.63,13.53
15,109,13150382,0,65,77,3771,1257,1257,2,0,0,-1,-1,30.35,92.42,1011.64,13.39
15,110,13155382,0,65,77,3753,1251,1251,2,0,0,-1,-1,30.33,92.39,1011.59,13.83
15,111,13160382,0,64,76,3603,1201,1201,2,0,0,-1,-1,30.34,92.36,1011.69,13.02
15,112,13165382,0,62,75,3567,1189,1189,2,0,0,-1,-1,30.34,92.35,1011.60,13.76
15,113,13170382,0,62,74,3567,1189,1189,0,0,0,-1,-1,30.34,92.33,1011.63,13.46
15,114,13175382,0,62,74,3600,1200,1200,0,0,0,-1,-1,30.35,92.33,1011.62,13.62
15,115,13180382,0,44,47,2013,671,671,0,0,0,-1,-1,30.34,92.33,1011.63,13.46
15,116,13185382,0,45,46,1968,656,656,2,0,0,-1,-1,30.35,92.31,1011.62,13.62
15,117,13190382,0,54,62,2742,914,914,4,0,0,-1,-1,30.35,92.28,1011.56,14.06
15,118,13195382,0,58,67,3198,1066,1066,4,0,0,-1,-1,30.34,92.23,1011.57,13.98
15,119,13200382,0,61,72,3417,1139,1139,2,0,0,-1,-1,30.34,92.23,1011.58,13.91
15,120,13205382,0,63,75,3660,1220,1220,0,0,0,-1,-1,30.34,92.20,1011.63,13.46
15,121,13210382,0,65,78,3783,1261,1261,4,4,2,-1,-1,30.32,92.16,1011.54,14.27
15,122,13215382,0,64,79,3783,1261,1261,4,4,2,-1,-1,30.34,92.10,1011.60,13.76
15,123,13220382,0,65,81,3822,1274,1274,4,4,2,-1,-1,30.32,92.04,1011.59,13.82
15,124,13225382,0,68,82,4044,1348,1348,2,0,0,-1,-1,30.32,91.99,1011.56,14.04
15,125,13230382,0,70,84,4098,1366,1366,0,0,0,-1,-1,30.31,91.98,1011.61,13.67
15,126,13235382,0,66,79,3678,1226,1226,0,0,0,-1,-1,30.33,91.95,1011.58,13.90
15,127,13240382,0,63,75,3558,1186,1186,0,0,0,-1,-1,30.33,91.91,1011.56,14.05
15,128,13245382,0,47,49,2130,710,710,0,0,0,-1,-1,30.32,91.87,1011.64,13.38
15,129,13250382,0,45,47,2052,684,684,0,0,0,-1,-1,30.32,91.82,1011.62,13.60
15,130,13255382,0,56,65,2766,922,922,0,0,0,-1,-1,30.31,91.75,1011.64,13.45
15,131,13260382,0,60,71,3324,1108,1108,0,0,0,-1,-1,30.31,91.71,1011.61,13.67
15,132,13265382,0,62,75,3549,1183,1183,2,2,0,-1,-1,30.32,91.68,1011.59,13.82
15,133,13270382,0,64,77,3720,1240,1240,2,2,0,-1,-1,30.32,91.64,1011.59,13.82
15,134,13275382,0,65,79,3774,1258,1258,4,2,0,-1,-1,30.31,91.58,1011.66,13.22
15,135,13280382,0,66,79,3822,1274,1274,4,2,0,-1,-1,30.31,91.53,1011.63,13.52
15,136,13285382,0,65,78,3786,1262,1262,2,0,0,-1,-1,30.31,91.49,1011.64,13.45
15,137,13290382,0,64,77,3738,1246,1246,0,0,0,-1,-1,30.31,91.35,1011.65,13.29
15,138,13295382,0,65,79,3774,1258,1258,2,0,0,-1,-1,30.31,91.37,1011.65,13.29
15,139,13300382,0,65,78,3810,1270,1270,2,0,0,-1,-1,30.31,91.22,1011.64,13.45
15,140,13305382,0,65,79,3822,1274,1274,2,0,0,-1,-1,30.31,91.29,1011.65,13.29
15,141,13310382,0,65,77,3768,1256,1256,2,0,0,-1,-1,30.31,91.24,1011.64,13.45
15,142,13315382,0,65,77,3732,1244,1244,4,0,0,-1,-1,30.31,91.19,1011.68,13.07
15,143,13320382,0,62,74,3720,1240,1240,4,0,0,-1,-1,30.31,91.11,1011.69,13.00
15,144,13325382,0,64,76,3726,1242,1242,4,0,0,-1,-1,30.31,91.07,1011.63,13.52
15,145,13330382,0,62,75,3726,1242,1242,0,0,0,-1,-1,30.31,91.01,1011.64,13.45
15,146,13335382,0,62,73,3702,1234,1234,0,0,0,-1,-1,30.30,90.95,1011.62,13.59
15,147,13340382,0,54,62,2922,974,974,0,0,0,-1,-1,30.31,90.91,1011.63,13.52
15,148,13345382,0,24,24,1086,362,362,0,0,0,-1,-1,30.30,90.86,1011.67,13.14
15,149,13350382,0,0,0,0,0,0,0,0,0,-1,-1,30.30,90.81,1011.65,13.37
15,150,13355382,0,0,0,0,0,0,0,0,0,-1,-1,30.30,90.76,1011.65,13.37
15,151,13360382,0,0,0,0,0,0,0,0,0,-1,-1,30.30,90.73,1011.62,13.59
15,152,13365382,0,0,0,0,0,0,0,0,0,-1,-1,30.29,90.70,1011.66,13.29
15,153,13370382,0,7,7,327,109,109,0,0,0,-1,-1,30.29,90.62,1011.60,13.73
15,154,13375382,0,7,8,345,115,115,2,0,0,-1,-1,30.29,90.54,1011.67,13.13
15,155,13380382,0,0,0,18,6,6,2,0,0,-1,-1,30.30,90.49,1011.64,13.44
15,156,13385382,0,0,0,6,2,2,2,0,0,-1,-1,30.30,90.47,1011.65,13.37
15,157,13390382,0,5,5,279,93,93,0,0,0,-1,-1,30.30,90.45,1011.64,13.44
15,158,13395382,0,0,0,6,2,2,0,0,0,-1,-1,30.30,90.40,1011.61,13.66
15,159,13400382,0,20,20,870,290,290,0,0,0,-1,-1,30.29,90.33,1011.62,13.58
15,160,13405382,0,41,42,1962,654,654,0,0,0,-1,-1,30.29,90.30,1011.63,13.51
15,161,13410382,0,40,40,1812,604,604,0,0,0,-1,-1,30.28,90.22,1011.61,13.65
15,162,13415382,0,34,34,1380,460,460,0,0,0,-1,-1,30.29,90.19,1011.65,13.36
15,163,13420382,0,32,32,1350,450,450,0,0,0,-1,-1,30.29,90.16,1011.66,13.29
15,164,13425382,0,15,15,648,216,216,0,0,0,-1,-1,30.28,90.09,1011.61,13.65
15,165,13430382,0,0,0,0,0,0,0,0,0,-1,-1,30.28,90.04,1011.63,13.50
15,166,13435382,0,2,2,132,44,44,0,0,0,-1,-1,30.28,89.99,1011.56,14.10
15,167,13440382,0,2,2,132,44,44,0,0,0,-1,-1,30.27,89.92,1011.65,13.35
15,168,13445382,0,2,2,132,44,44,0,0,0,-1,-1,30.27,89.82,1011.67,13.20
15,169,13450382,0,2,2,132,44,44,0,0,0,-1,-1,30.28,89.78,1011.60,13.72
15,170,13455382,0,0,0,0,0,0,0,0,0,-1,-1,30.27,89.72,1011.64,13.42
15,171,13460382,0,0,0,0,0,0,0,0,0,-1,-1,30.26,89.64,1011.60,13.72
15,172,13465382,0,0,0,0,0,0,0,0,0,-1,-1,30.27,89.59,1011.62,13.57
15,173,13470382,0,23,23,1029,343,343,0,0,0,-1,-1,30.26,89.51,1011.66,13.27
15,174,13475382,0,62,72,3141,1047,1047,2,0,0,-1,-1,30.25,89.44,1011.59,13.79
15,175,13480382,0,65,77,3504,1168,1168,2,0,0,-1,-1,30.26,89.39,1011.66,13.27
15,176,13485382,0,46,50,2124,708,708,0,0,0,-1,-1,30.25,89.35,1011.65,13.34
15,177,13490382,0,8,8,390,130,130,0,0,0,-1,-1,30.25,89.28,1011.65,13.34
15,178,13495382,0,25,25,1107,369,369,0,0,0,-1,-1,30.26,89.19,1011.63,13.49
15,179,13500382,0,42,43,1935,645,645,0,0,0,-1,-1,30.26,89.13,1011.58,13.94
